file_name,file_path,extension,file_size_kb,parent_folder,inferred_topic,data_stage,row_count,column_count,column_names,sheet_names,top_level_keys,duplicate_locations,notes
ACSDT5Y2010.B07009-Column-Metadata.csv,data/raw/acs/reference_repo/B07009_Geographical_Mobility/ACSDT5Y2010.B07009-Column-Metadata.csv,csv,6.25,data/raw/acs/reference_repo/B07009_Geographical_Mobility,demographics,raw_source,73,2,GEO_ID; Geography,,,,csv encoding=utf-8-sig
ACSDT5Y2010.B07009-Data.csv,data/raw/acs/reference_repo/B07009_Geographical_Mobility/ACSDT5Y2010.B07009-Data.csv,csv,20.4,data/raw/acs/reference_repo/B07009_Geographical_Mobility,demographics,raw_source,32,75,Geography; Geographic Area Name; Estimate!!Total; Margin of Error!!Total; Estimate!!Total!!Less than high school graduate; Margin of Error!!Total!!Less than high school graduate; Estimate!!Total!!High school graduate (includes equivalency); Margin of Error!!Total!!High school graduate (includes equivalency); Estimate!!Total!!Some college or associate's degree; Margin of Error!!Total!!Some college or associate's degree; Estimate!!Total!!Bachelor's degree; Margin of Error!!Total!!Bachelor's degree; Estimate!!Total!!Graduate or professional degree; Margin of Error!!Total!!Graduate or professional degree; Estimate!!Total!!Same house 1 year ago; Margin of Error!!Total!!Same house 1 year ago; Estimate!!Total!!Same house 1 year ago!!Less than high school graduate; Margin of Error!!Total!!Same house 1 year ago!!Less than high school graduate; Estimate!!Total!!Same house 1 year ago!!High school graduate (includes equivalency); Margin of Error!!Total!!Same house 1 year ago!!High school graduate (includes equivalency); Estimate!!Total!!Same house 1 year ago!!Some college or associate's degree; Margin of Error!!Total!!Same house 1 year ago!!Some college or associate's degree; Estimate!!Total!!Same house 1 year ago!!Bachelor's degree; Margin of Error!!Total!!Same house 1 year ago!!Bachelor's degree; Estimate!!Total!!Same house 1 year ago!!Graduate or professional degree; ...,,,,csv encoding=utf-8-sig
ACSDT5Y2010.B07009-Table-Notes.txt,data/raw/acs/reference_repo/B07009_Geographical_Mobility/ACSDT5Y2010.B07009-Table-Notes.txt,txt,5.59,data/raw/acs/reference_repo/B07009_Geographical_Mobility,demographics,raw_source,,,,,,,documentation or metadata text file
ACSDT5Y2011.B07009-Column-Metadata.csv,data/raw/acs/reference_repo/B07009_Geographical_Mobility/ACSDT5Y2011.B07009-Column-Metadata.csv,csv,6.25,data/raw/acs/reference_repo/B07009_Geographical_Mobility,demographics,raw_source,73,2,GEO_ID; Geography,,,,csv encoding=utf-8-sig
ACSDT5Y2011.B07009-Data.csv,data/raw/acs/reference_repo/B07009_Geographical_Mobility/ACSDT5Y2011.B07009-Data.csv,csv,20.07,data/raw/acs/reference_repo/B07009_Geographical_Mobility,demographics,raw_source,32,75,Geography; Geographic Area Name; Estimate!!Total; Margin of Error!!Total; Estimate!!Total!!Less than high school graduate; Margin of Error!!Total!!Less than high school graduate; Estimate!!Total!!High school graduate (includes equivalency); Margin of Error!!Total!!High school graduate (includes equivalency); Estimate!!Total!!Some college or associate's degree; Margin of Error!!Total!!Some college or associate's degree; Estimate!!Total!!Bachelor's degree; Margin of Error!!Total!!Bachelor's degree; Estimate!!Total!!Graduate or professional degree; Margin of Error!!Total!!Graduate or professional degree; Estimate!!Total!!Same house 1 year ago; Margin of Error!!Total!!Same house 1 year ago; Estimate!!Total!!Same house 1 year ago!!Less than high school graduate; Margin of Error!!Total!!Same house 1 year ago!!Less than high school graduate; Estimate!!Total!!Same house 1 year ago!!High school graduate (includes equivalency); Margin of Error!!Total!!Same house 1 year ago!!High school graduate (includes equivalency); Estimate!!Total!!Same house 1 year ago!!Some college or associate's degree; Margin of Error!!Total!!Same house 1 year ago!!Some college or associate's degree; Estimate!!Total!!Same house 1 year ago!!Bachelor's degree; Margin of Error!!Total!!Same house 1 year ago!!Bachelor's degree; Estimate!!Total!!Same house 1 year ago!!Graduate or professional degree; ...,,,,csv encoding=utf-8-sig
ACSDT5Y2011.B07009-Table-Notes.txt,data/raw/acs/reference_repo/B07009_Geographical_Mobility/ACSDT5Y2011.B07009-Table-Notes.txt,txt,5.36,data/raw/acs/reference_repo/B07009_Geographical_Mobility,demographics,raw_source,,,,,,,documentation or metadata text file
ACSDT5Y2012.B07009-Column-Metadata.csv,data/raw/acs/reference_repo/B07009_Geographical_Mobility/ACSDT5Y2012.B07009-Column-Metadata.csv,csv,6.25,data/raw/acs/reference_repo/B07009_Geographical_Mobility,demographics,raw_source,73,2,GEO_ID; Geography,,,,csv encoding=utf-8-sig
ACSDT5Y2012.B07009-Data.csv,data/raw/acs/reference_repo/B07009_Geographical_Mobility/ACSDT5Y2012.B07009-Data.csv,csv,20.06,data/raw/acs/reference_repo/B07009_Geographical_Mobility,demographics,raw_source,32,75,Geography; Geographic Area Name; Estimate!!Total; Margin of Error!!Total; Estimate!!Total!!Less than high school graduate; Margin of Error!!Total!!Less than high school graduate; Estimate!!Total!!High school graduate (includes equivalency); Margin of Error!!Total!!High school graduate (includes equivalency); Estimate!!Total!!Some college or associate's degree; Margin of Error!!Total!!Some college or associate's degree; Estimate!!Total!!Bachelor's degree; Margin of Error!!Total!!Bachelor's degree; Estimate!!Total!!Graduate or professional degree; Margin of Error!!Total!!Graduate or professional degree; Estimate!!Total!!Same house 1 year ago; Margin of Error!!Total!!Same house 1 year ago; Estimate!!Total!!Same house 1 year ago!!Less than high school graduate; Margin of Error!!Total!!Same house 1 year ago!!Less than high school graduate; Estimate!!Total!!Same house 1 year ago!!High school graduate (includes equivalency); Margin of Error!!Total!!Same house 1 year ago!!High school graduate (includes equivalency); Estimate!!Total!!Same house 1 year ago!!Some college or associate's degree; Margin of Error!!Total!!Same house 1 year ago!!Some college or associate's degree; Estimate!!Total!!Same house 1 year ago!!Bachelor's degree; Margin of Error!!Total!!Same house 1 year ago!!Bachelor's degree; Estimate!!Total!!Same house 1 year ago!!Graduate or professional degree; ...,,,,csv encoding=utf-8-sig
ACSDT5Y2012.B07009-Table-Notes.txt,data/raw/acs/reference_repo/B07009_Geographical_Mobility/ACSDT5Y2012.B07009-Table-Notes.txt,txt,5.36,data/raw/acs/reference_repo/B07009_Geographical_Mobility,demographics,raw_source,,,,,,,documentation or metadata text file
ACSDT5Y2013.B07009-Column-Metadata.csv,data/raw/acs/reference_repo/B07009_Geographical_Mobility/ACSDT5Y2013.B07009-Column-Metadata.csv,csv,6.25,data/raw/acs/reference_repo/B07009_Geographical_Mobility,demographics,raw_source,73,2,GEO_ID; Geography,,,,csv encoding=utf-8-sig
ACSDT5Y2013.B07009-Data.csv,data/raw/acs/reference_repo/B07009_Geographical_Mobility/ACSDT5Y2013.B07009-Data.csv,csv,20.04,data/raw/acs/reference_repo/B07009_Geographical_Mobility,demographics,raw_source,32,75,Geography; Geographic Area Name; Estimate!!Total; Margin of Error!!Total; Estimate!!Total!!Less than high school graduate; Margin of Error!!Total!!Less than high school graduate; Estimate!!Total!!High school graduate (includes equivalency); Margin of Error!!Total!!High school graduate (includes equivalency); Estimate!!Total!!Some college or associate's degree; Margin of Error!!Total!!Some college or associate's degree; Estimate!!Total!!Bachelor's degree; Margin of Error!!Total!!Bachelor's degree; Estimate!!Total!!Graduate or professional degree; Margin of Error!!Total!!Graduate or professional degree; Estimate!!Total!!Same house 1 year ago; Margin of Error!!Total!!Same house 1 year ago; Estimate!!Total!!Same house 1 year ago!!Less than high school graduate; Margin of Error!!Total!!Same house 1 year ago!!Less than high school graduate; Estimate!!Total!!Same house 1 year ago!!High school graduate (includes equivalency); Margin of Error!!Total!!Same house 1 year ago!!High school graduate (includes equivalency); Estimate!!Total!!Same house 1 year ago!!Some college or associate's degree; Margin of Error!!Total!!Same house 1 year ago!!Some college or associate's degree; Estimate!!Total!!Same house 1 year ago!!Bachelor's degree; Margin of Error!!Total!!Same house 1 year ago!!Bachelor's degree; Estimate!!Total!!Same house 1 year ago!!Graduate or professional degree; ...,,,,csv encoding=utf-8-sig
ACSDT5Y2013.B07009-Table-Notes.txt,data/raw/acs/reference_repo/B07009_Geographical_Mobility/ACSDT5Y2013.B07009-Table-Notes.txt,txt,5.3,data/raw/acs/reference_repo/B07009_Geographical_Mobility,demographics,raw_source,,,,,,,documentation or metadata text file
ACSDT5Y2014.B07009-Column-Metadata.csv,data/raw/acs/reference_repo/B07009_Geographical_Mobility/ACSDT5Y2014.B07009-Column-Metadata.csv,csv,6.25,data/raw/acs/reference_repo/B07009_Geographical_Mobility,demographics,raw_source,73,2,GEO_ID; Geography,,,,csv encoding=utf-8-sig
ACSDT5Y2014.B07009-Data.csv,data/raw/acs/reference_repo/B07009_Geographical_Mobility/ACSDT5Y2014.B07009-Data.csv,csv,20.03,data/raw/acs/reference_repo/B07009_Geographical_Mobility,demographics,raw_source,32,75,Geography; Geographic Area Name; Estimate!!Total; Margin of Error!!Total; Estimate!!Total!!Less than high school graduate; Margin of Error!!Total!!Less than high school graduate; Estimate!!Total!!High school graduate (includes equivalency); Margin of Error!!Total!!High school graduate (includes equivalency); Estimate!!Total!!Some college or associate's degree; Margin of Error!!Total!!Some college or associate's degree; Estimate!!Total!!Bachelor's degree; Margin of Error!!Total!!Bachelor's degree; Estimate!!Total!!Graduate or professional degree; Margin of Error!!Total!!Graduate or professional degree; Estimate!!Total!!Same house 1 year ago; Margin of Error!!Total!!Same house 1 year ago; Estimate!!Total!!Same house 1 year ago!!Less than high school graduate; Margin of Error!!Total!!Same house 1 year ago!!Less than high school graduate; Estimate!!Total!!Same house 1 year ago!!High school graduate (includes equivalency); Margin of Error!!Total!!Same house 1 year ago!!High school graduate (includes equivalency); Estimate!!Total!!Same house 1 year ago!!Some college or associate's degree; Margin of Error!!Total!!Same house 1 year ago!!Some college or associate's degree; Estimate!!Total!!Same house 1 year ago!!Bachelor's degree; Margin of Error!!Total!!Same house 1 year ago!!Bachelor's degree; Estimate!!Total!!Same house 1 year ago!!Graduate or professional degree; ...,,,,csv encoding=utf-8-sig
ACSDT5Y2014.B07009-Table-Notes.txt,data/raw/acs/reference_repo/B07009_Geographical_Mobility/ACSDT5Y2014.B07009-Table-Notes.txt,txt,5.32,data/raw/acs/reference_repo/B07009_Geographical_Mobility,demographics,raw_source,,,,,,,documentation or metadata text file
ACSDT5Y2015.B07009-Column-Metadata.csv,data/raw/acs/reference_repo/B07009_Geographical_Mobility/ACSDT5Y2015.B07009-Column-Metadata.csv,csv,6.25,data/raw/acs/reference_repo/B07009_Geographical_Mobility,demographics,raw_source,73,2,GEO_ID; Geography,,,,csv encoding=utf-8-sig
ACSDT5Y2015.B07009-Data.csv,data/raw/acs/reference_repo/B07009_Geographical_Mobility/ACSDT5Y2015.B07009-Data.csv,csv,20.06,data/raw/acs/reference_repo/B07009_Geographical_Mobility,demographics,raw_source,32,75,Geography; Geographic Area Name; Estimate!!Total; Margin of Error!!Total; Estimate!!Total!!Less than high school graduate; Margin of Error!!Total!!Less than high school graduate; Estimate!!Total!!High school graduate (includes equivalency); Margin of Error!!Total!!High school graduate (includes equivalency); Estimate!!Total!!Some college or associate's degree; Margin of Error!!Total!!Some college or associate's degree; Estimate!!Total!!Bachelor's degree; Margin of Error!!Total!!Bachelor's degree; Estimate!!Total!!Graduate or professional degree; Margin of Error!!Total!!Graduate or professional degree; Estimate!!Total!!Same house 1 year ago; Margin of Error!!Total!!Same house 1 year ago; Estimate!!Total!!Same house 1 year ago!!Less than high school graduate; Margin of Error!!Total!!Same house 1 year ago!!Less than high school graduate; Estimate!!Total!!Same house 1 year ago!!High school graduate (includes equivalency); Margin of Error!!Total!!Same house 1 year ago!!High school graduate (includes equivalency); Estimate!!Total!!Same house 1 year ago!!Some college or associate's degree; Margin of Error!!Total!!Same house 1 year ago!!Some college or associate's degree; Estimate!!Total!!Same house 1 year ago!!Bachelor's degree; Margin of Error!!Total!!Same house 1 year ago!!Bachelor's degree; Estimate!!Total!!Same house 1 year ago!!Graduate or professional degree; ...,,,,csv encoding=utf-8-sig
ACSDT5Y2015.B07009-Table-Notes.txt,data/raw/acs/reference_repo/B07009_Geographical_Mobility/ACSDT5Y2015.B07009-Table-Notes.txt,txt,5.9,data/raw/acs/reference_repo/B07009_Geographical_Mobility,demographics,raw_source,,,,,,,documentation or metadata text file
ACSDT5Y2016.B07009-Column-Metadata.csv,data/raw/acs/reference_repo/B07009_Geographical_Mobility/ACSDT5Y2016.B07009-Column-Metadata.csv,csv,6.25,data/raw/acs/reference_repo/B07009_Geographical_Mobility,demographics,raw_source,73,2,GEO_ID; Geography,,,,csv encoding=utf-8-sig
ACSDT5Y2016.B07009-Data.csv,data/raw/acs/reference_repo/B07009_Geographical_Mobility/ACSDT5Y2016.B07009-Data.csv,csv,20.06,data/raw/acs/reference_repo/B07009_Geographical_Mobility,demographics,raw_source,32,75,Geography; Geographic Area Name; Estimate!!Total; Margin of Error!!Total; Estimate!!Total!!Less than high school graduate; Margin of Error!!Total!!Less than high school graduate; Estimate!!Total!!High school graduate (includes equivalency); Margin of Error!!Total!!High school graduate (includes equivalency); Estimate!!Total!!Some college or associate's degree; Margin of Error!!Total!!Some college or associate's degree; Estimate!!Total!!Bachelor's degree; Margin of Error!!Total!!Bachelor's degree; Estimate!!Total!!Graduate or professional degree; Margin of Error!!Total!!Graduate or professional degree; Estimate!!Total!!Same house 1 year ago; Margin of Error!!Total!!Same house 1 year ago; Estimate!!Total!!Same house 1 year ago!!Less than high school graduate; Margin of Error!!Total!!Same house 1 year ago!!Less than high school graduate; Estimate!!Total!!Same house 1 year ago!!High school graduate (includes equivalency); Margin of Error!!Total!!Same house 1 year ago!!High school graduate (includes equivalency); Estimate!!Total!!Same house 1 year ago!!Some college or associate's degree; Margin of Error!!Total!!Same house 1 year ago!!Some college or associate's degree; Estimate!!Total!!Same house 1 year ago!!Bachelor's degree; Margin of Error!!Total!!Same house 1 year ago!!Bachelor's degree; Estimate!!Total!!Same house 1 year ago!!Graduate or professional degree; ...,,,,csv encoding=utf-8-sig
ACSDT5Y2016.B07009-Table-Notes.txt,data/raw/acs/reference_repo/B07009_Geographical_Mobility/ACSDT5Y2016.B07009-Table-Notes.txt,txt,5.9,data/raw/acs/reference_repo/B07009_Geographical_Mobility,demographics,raw_source,,,,,,,documentation or metadata text file
ACSDT5Y2017.B07009-Column-Metadata.csv,data/raw/acs/reference_repo/B07009_Geographical_Mobility/ACSDT5Y2017.B07009-Column-Metadata.csv,csv,6.25,data/raw/acs/reference_repo/B07009_Geographical_Mobility,demographics,raw_source,73,2,GEO_ID; Geography,,,,csv encoding=utf-8-sig
ACSDT5Y2017.B07009-Data.csv,data/raw/acs/reference_repo/B07009_Geographical_Mobility/ACSDT5Y2017.B07009-Data.csv,csv,20.08,data/raw/acs/reference_repo/B07009_Geographical_Mobility,demographics,raw_source,32,75,Geography; Geographic Area Name; Estimate!!Total; Margin of Error!!Total; Estimate!!Total!!Less than high school graduate; Margin of Error!!Total!!Less than high school graduate; Estimate!!Total!!High school graduate (includes equivalency); Margin of Error!!Total!!High school graduate (includes equivalency); Estimate!!Total!!Some college or associate's degree; Margin of Error!!Total!!Some college or associate's degree; Estimate!!Total!!Bachelor's degree; Margin of Error!!Total!!Bachelor's degree; Estimate!!Total!!Graduate or professional degree; Margin of Error!!Total!!Graduate or professional degree; Estimate!!Total!!Same house 1 year ago; Margin of Error!!Total!!Same house 1 year ago; Estimate!!Total!!Same house 1 year ago!!Less than high school graduate; Margin of Error!!Total!!Same house 1 year ago!!Less than high school graduate; Estimate!!Total!!Same house 1 year ago!!High school graduate (includes equivalency); Margin of Error!!Total!!Same house 1 year ago!!High school graduate (includes equivalency); Estimate!!Total!!Same house 1 year ago!!Some college or associate's degree; Margin of Error!!Total!!Same house 1 year ago!!Some college or associate's degree; Estimate!!Total!!Same house 1 year ago!!Bachelor's degree; Margin of Error!!Total!!Same house 1 year ago!!Bachelor's degree; Estimate!!Total!!Same house 1 year ago!!Graduate or professional degree; ...,,,,csv encoding=utf-8-sig
ACSDT5Y2017.B07009-Table-Notes.txt,data/raw/acs/reference_repo/B07009_Geographical_Mobility/ACSDT5Y2017.B07009-Table-Notes.txt,txt,5.99,data/raw/acs/reference_repo/B07009_Geographical_Mobility,demographics,raw_source,,,,,,,documentation or metadata text file
ACSDT5Y2018.B07009-Column-Metadata.csv,data/raw/acs/reference_repo/B07009_Geographical_Mobility/ACSDT5Y2018.B07009-Column-Metadata.csv,csv,6.25,data/raw/acs/reference_repo/B07009_Geographical_Mobility,demographics,raw_source,73,2,GEO_ID; Geography,,,,csv encoding=utf-8-sig
ACSDT5Y2018.B07009-Data.csv,data/raw/acs/reference_repo/B07009_Geographical_Mobility/ACSDT5Y2018.B07009-Data.csv,csv,20.08,data/raw/acs/reference_repo/B07009_Geographical_Mobility,demographics,raw_source,32,75,Geography; Geographic Area Name; Estimate!!Total; Margin of Error!!Total; Estimate!!Total!!Less than high school graduate; Margin of Error!!Total!!Less than high school graduate; Estimate!!Total!!High school graduate (includes equivalency); Margin of Error!!Total!!High school graduate (includes equivalency); Estimate!!Total!!Some college or associate's degree; Margin of Error!!Total!!Some college or associate's degree; Estimate!!Total!!Bachelor's degree; Margin of Error!!Total!!Bachelor's degree; Estimate!!Total!!Graduate or professional degree; Margin of Error!!Total!!Graduate or professional degree; Estimate!!Total!!Same house 1 year ago; Margin of Error!!Total!!Same house 1 year ago; Estimate!!Total!!Same house 1 year ago!!Less than high school graduate; Margin of Error!!Total!!Same house 1 year ago!!Less than high school graduate; Estimate!!Total!!Same house 1 year ago!!High school graduate (includes equivalency); Margin of Error!!Total!!Same house 1 year ago!!High school graduate (includes equivalency); Estimate!!Total!!Same house 1 year ago!!Some college or associate's degree; Margin of Error!!Total!!Same house 1 year ago!!Some college or associate's degree; Estimate!!Total!!Same house 1 year ago!!Bachelor's degree; Margin of Error!!Total!!Same house 1 year ago!!Bachelor's degree; Estimate!!Total!!Same house 1 year ago!!Graduate or professional degree; ...,,,,csv encoding=utf-8-sig
ACSDT5Y2018.B07009-Table-Notes.txt,data/raw/acs/reference_repo/B07009_Geographical_Mobility/ACSDT5Y2018.B07009-Table-Notes.txt,txt,6.17,data/raw/acs/reference_repo/B07009_Geographical_Mobility,demographics,raw_source,,,,,,,documentation or metadata text file
ACSDT5Y2019.B07009-Column-Metadata.csv,data/raw/acs/reference_repo/B07009_Geographical_Mobility/ACSDT5Y2019.B07009-Column-Metadata.csv,csv,6.38,data/raw/acs/reference_repo/B07009_Geographical_Mobility,demographics,raw_source,73,2,GEO_ID; Geography,,,,csv encoding=utf-8-sig
ACSDT5Y2019.B07009-Data.csv,data/raw/acs/reference_repo/B07009_Geographical_Mobility/ACSDT5Y2019.B07009-Data.csv,csv,20.22,data/raw/acs/reference_repo/B07009_Geographical_Mobility,demographics,raw_source,32,75,Geography; Geographic Area Name; Estimate!!Total:; Margin of Error!!Total:; Estimate!!Total:!!Less than high school graduate; Margin of Error!!Total:!!Less than high school graduate; Estimate!!Total:!!High school graduate (includes equivalency); Margin of Error!!Total:!!High school graduate (includes equivalency); Estimate!!Total:!!Some college or associate's degree; Margin of Error!!Total:!!Some college or associate's degree; Estimate!!Total:!!Bachelor's degree; Margin of Error!!Total:!!Bachelor's degree; Estimate!!Total:!!Graduate or professional degree; Margin of Error!!Total:!!Graduate or professional degree; Estimate!!Total:!!Same house 1 year ago:; Margin of Error!!Total:!!Same house 1 year ago:; Estimate!!Total:!!Same house 1 year ago:!!Less than high school graduate; Margin of Error!!Total:!!Same house 1 year ago:!!Less than high school graduate; Estimate!!Total:!!Same house 1 year ago:!!High school graduate (includes equivalency); Margin of Error!!Total:!!Same house 1 year ago:!!High school graduate (includes equivalency); Estimate!!Total:!!Same house 1 year ago:!!Some college or associate's degree; Margin of Error!!Total:!!Same house 1 year ago:!!Some college or associate's degree; Estimate!!Total:!!Same house 1 year ago:!!Bachelor's degree; Margin of Error!!Total:!!Same house 1 year ago:!!Bachelor's degree; Estimate!!Total:!!Same house 1 year ago:!!Graduate or professional degree; ...,,,,csv encoding=utf-8-sig
ACSDT5Y2019.B07009-Table-Notes.txt,data/raw/acs/reference_repo/B07009_Geographical_Mobility/ACSDT5Y2019.B07009-Table-Notes.txt,txt,5.75,data/raw/acs/reference_repo/B07009_Geographical_Mobility,demographics,raw_source,,,,,,,documentation or metadata text file
ACSDT5Y2020.B07009-Column-Metadata.csv,data/raw/acs/reference_repo/B07009_Geographical_Mobility/ACSDT5Y2020.B07009-Column-Metadata.csv,csv,6.38,data/raw/acs/reference_repo/B07009_Geographical_Mobility,demographics,raw_source,73,2,GEO_ID; Geography,,,,csv encoding=utf-8-sig
ACSDT5Y2020.B07009-Data.csv,data/raw/acs/reference_repo/B07009_Geographical_Mobility/ACSDT5Y2020.B07009-Data.csv,csv,21.07,data/raw/acs/reference_repo/B07009_Geographical_Mobility,demographics,raw_source,34,75,Geography; Geographic Area Name; Estimate!!Total:; Margin of Error!!Total:; Estimate!!Total:!!Less than high school graduate; Margin of Error!!Total:!!Less than high school graduate; Estimate!!Total:!!High school graduate (includes equivalency); Margin of Error!!Total:!!High school graduate (includes equivalency); Estimate!!Total:!!Some college or associate's degree; Margin of Error!!Total:!!Some college or associate's degree; Estimate!!Total:!!Bachelor's degree; Margin of Error!!Total:!!Bachelor's degree; Estimate!!Total:!!Graduate or professional degree; Margin of Error!!Total:!!Graduate or professional degree; Estimate!!Total:!!Same house 1 year ago:; Margin of Error!!Total:!!Same house 1 year ago:; Estimate!!Total:!!Same house 1 year ago:!!Less than high school graduate; Margin of Error!!Total:!!Same house 1 year ago:!!Less than high school graduate; Estimate!!Total:!!Same house 1 year ago:!!High school graduate (includes equivalency); Margin of Error!!Total:!!Same house 1 year ago:!!High school graduate (includes equivalency); Estimate!!Total:!!Same house 1 year ago:!!Some college or associate's degree; Margin of Error!!Total:!!Same house 1 year ago:!!Some college or associate's degree; Estimate!!Total:!!Same house 1 year ago:!!Bachelor's degree; Margin of Error!!Total:!!Same house 1 year ago:!!Bachelor's degree; Estimate!!Total:!!Same house 1 year ago:!!Graduate or professional degree; ...,,,,csv encoding=utf-8-sig
ACSDT5Y2020.B07009-Table-Notes.txt,data/raw/acs/reference_repo/B07009_Geographical_Mobility/ACSDT5Y2020.B07009-Table-Notes.txt,txt,5.78,data/raw/acs/reference_repo/B07009_Geographical_Mobility,demographics,raw_source,,,,,,,documentation or metadata text file
ACSDT5Y2021.B07009-Column-Metadata.csv,data/raw/acs/reference_repo/B07009_Geographical_Mobility/ACSDT5Y2021.B07009-Column-Metadata.csv,csv,6.38,data/raw/acs/reference_repo/B07009_Geographical_Mobility,demographics,raw_source,73,2,GEO_ID; Geography,,,,csv encoding=utf-8-sig
ACSDT5Y2021.B07009-Data.csv,data/raw/acs/reference_repo/B07009_Geographical_Mobility/ACSDT5Y2021.B07009-Data.csv,csv,21.02,data/raw/acs/reference_repo/B07009_Geographical_Mobility,demographics,raw_source,34,75,Geography; Geographic Area Name; Estimate!!Total:; Margin of Error!!Total:; Estimate!!Total:!!Less than high school graduate; Margin of Error!!Total:!!Less than high school graduate; Estimate!!Total:!!High school graduate (includes equivalency); Margin of Error!!Total:!!High school graduate (includes equivalency); Estimate!!Total:!!Some college or associate's degree; Margin of Error!!Total:!!Some college or associate's degree; Estimate!!Total:!!Bachelor's degree; Margin of Error!!Total:!!Bachelor's degree; Estimate!!Total:!!Graduate or professional degree; Margin of Error!!Total:!!Graduate or professional degree; Estimate!!Total:!!Same house 1 year ago:; Margin of Error!!Total:!!Same house 1 year ago:; Estimate!!Total:!!Same house 1 year ago:!!Less than high school graduate; Margin of Error!!Total:!!Same house 1 year ago:!!Less than high school graduate; Estimate!!Total:!!Same house 1 year ago:!!High school graduate (includes equivalency); Margin of Error!!Total:!!Same house 1 year ago:!!High school graduate (includes equivalency); Estimate!!Total:!!Same house 1 year ago:!!Some college or associate's degree; Margin of Error!!Total:!!Same house 1 year ago:!!Some college or associate's degree; Estimate!!Total:!!Same house 1 year ago:!!Bachelor's degree; Margin of Error!!Total:!!Same house 1 year ago:!!Bachelor's degree; Estimate!!Total:!!Same house 1 year ago:!!Graduate or professional degree; ...,,,,csv encoding=utf-8-sig
ACSDT5Y2021.B07009-Table-Notes.txt,data/raw/acs/reference_repo/B07009_Geographical_Mobility/ACSDT5Y2021.B07009-Table-Notes.txt,txt,5.39,data/raw/acs/reference_repo/B07009_Geographical_Mobility,demographics,raw_source,,,,,,,documentation or metadata text file
ACSDT5Y2022.B07009-Column-Metadata.csv,data/raw/acs/reference_repo/B07009_Geographical_Mobility/ACSDT5Y2022.B07009-Column-Metadata.csv,csv,6.38,data/raw/acs/reference_repo/B07009_Geographical_Mobility,demographics,raw_source,73,2,GEO_ID; Geography,,,,csv encoding=utf-8-sig
ACSDT5Y2022.B07009-Data.csv,data/raw/acs/reference_repo/B07009_Geographical_Mobility/ACSDT5Y2022.B07009-Data.csv,csv,20.96,data/raw/acs/reference_repo/B07009_Geographical_Mobility,demographics,raw_source,34,75,Geography; Geographic Area Name; Estimate!!Total:; Margin of Error!!Total:; Estimate!!Total:!!Less than high school graduate; Margin of Error!!Total:!!Less than high school graduate; Estimate!!Total:!!High school graduate (includes equivalency); Margin of Error!!Total:!!High school graduate (includes equivalency); Estimate!!Total:!!Some college or associate's degree; Margin of Error!!Total:!!Some college or associate's degree; Estimate!!Total:!!Bachelor's degree; Margin of Error!!Total:!!Bachelor's degree; Estimate!!Total:!!Graduate or professional degree; Margin of Error!!Total:!!Graduate or professional degree; Estimate!!Total:!!Same house 1 year ago:; Margin of Error!!Total:!!Same house 1 year ago:; Estimate!!Total:!!Same house 1 year ago:!!Less than high school graduate; Margin of Error!!Total:!!Same house 1 year ago:!!Less than high school graduate; Estimate!!Total:!!Same house 1 year ago:!!High school graduate (includes equivalency); Margin of Error!!Total:!!Same house 1 year ago:!!High school graduate (includes equivalency); Estimate!!Total:!!Same house 1 year ago:!!Some college or associate's degree; Margin of Error!!Total:!!Same house 1 year ago:!!Some college or associate's degree; Estimate!!Total:!!Same house 1 year ago:!!Bachelor's degree; Margin of Error!!Total:!!Same house 1 year ago:!!Bachelor's degree; Estimate!!Total:!!Same house 1 year ago:!!Graduate or professional degree; ...,,,,csv encoding=utf-8-sig
ACSDT5Y2022.B07009-Table-Notes.txt,data/raw/acs/reference_repo/B07009_Geographical_Mobility/ACSDT5Y2022.B07009-Table-Notes.txt,txt,5.7,data/raw/acs/reference_repo/B07009_Geographical_Mobility,demographics,raw_source,,,,,,,documentation or metadata text file
ACSDT5Y2023.B07009-Column-Metadata.csv,data/raw/acs/reference_repo/B07009_Geographical_Mobility/ACSDT5Y2023.B07009-Column-Metadata.csv,csv,6.38,data/raw/acs/reference_repo/B07009_Geographical_Mobility,demographics,raw_source,73,2,GEO_ID; Geography,,,,csv encoding=utf-8-sig
ACSDT5Y2023.B07009-Data.csv,data/raw/acs/reference_repo/B07009_Geographical_Mobility/ACSDT5Y2023.B07009-Data.csv,csv,20.96,data/raw/acs/reference_repo/B07009_Geographical_Mobility,demographics,raw_source,34,75,Geography; Geographic Area Name; Estimate!!Total:; Margin of Error!!Total:; Estimate!!Total:!!Less than high school graduate; Margin of Error!!Total:!!Less than high school graduate; Estimate!!Total:!!High school graduate (includes equivalency); Margin of Error!!Total:!!High school graduate (includes equivalency); Estimate!!Total:!!Some college or associate's degree; Margin of Error!!Total:!!Some college or associate's degree; Estimate!!Total:!!Bachelor's degree; Margin of Error!!Total:!!Bachelor's degree; Estimate!!Total:!!Graduate or professional degree; Margin of Error!!Total:!!Graduate or professional degree; Estimate!!Total:!!Same house 1 year ago:; Margin of Error!!Total:!!Same house 1 year ago:; Estimate!!Total:!!Same house 1 year ago:!!Less than high school graduate; Margin of Error!!Total:!!Same house 1 year ago:!!Less than high school graduate; Estimate!!Total:!!Same house 1 year ago:!!High school graduate (includes equivalency); Margin of Error!!Total:!!Same house 1 year ago:!!High school graduate (includes equivalency); Estimate!!Total:!!Same house 1 year ago:!!Some college or associate's degree; Margin of Error!!Total:!!Same house 1 year ago:!!Some college or associate's degree; Estimate!!Total:!!Same house 1 year ago:!!Bachelor's degree; Margin of Error!!Total:!!Same house 1 year ago:!!Bachelor's degree; Estimate!!Total:!!Same house 1 year ago:!!Graduate or professional degree; ...,,,,csv encoding=utf-8-sig
ACSDT5Y2023.B07009-Table-Notes.txt,data/raw/acs/reference_repo/B07009_Geographical_Mobility/ACSDT5Y2023.B07009-Table-Notes.txt,txt,6.32,data/raw/acs/reference_repo/B07009_Geographical_Mobility,demographics,raw_source,,,,,,,documentation or metadata text file
ACSST5Y2010.S1401-Column-Metadata.csv,data/raw/acs/reference_repo/S1401_School_Enrollment/ACSST5Y2010.S1401-Column-Metadata.csv,csv,21.09,data/raw/acs/reference_repo/S1401_School_Enrollment,demographics,raw_source,187,2,GEO_ID; Geography,,,data/raw/acs/reference_repo/S1702_Family_Poverty_Status/ACSST5Y2010.S1401-Column-Metadata.csv,csv encoding=utf-8-sig
ACSST5Y2010.S1401-Data.csv,data/raw/acs/reference_repo/S1401_School_Enrollment/ACSST5Y2010.S1401-Data.csv,csv,63.52,data/raw/acs/reference_repo/S1401_School_Enrollment,demographics,raw_source,32,189,"Geography; Geographic Area Name; Total!!Estimate!!Population 3 years and over enrolled in school; Total!!Margin of Error!!Population 3 years and over enrolled in school; Percent of enrolled population!!In public school!!Estimate!!Population 3 years and over enrolled in school; Percent of enrolled population!!In public school!!Margin of Error!!Population 3 years and over enrolled in school; Percent of enrolled population!!In private school!!Estimate!!Population 3 years and over enrolled in school; Percent of enrolled population!!In private school!!Margin of Error!!Population 3 years and over enrolled in school; Total!!Estimate!!Nursery school, preschool; Total!!Margin of Error!!Nursery school, preschool; Percent of enrolled population!!In public school!!Estimate!!Nursery school, preschool; Percent of enrolled population!!In public school!!Margin of Error!!Nursery school, preschool; Percent of enrolled population!!In private school!!Estimate!!Nursery school, preschool; Percent of enrolled population!!In private school!!Margin of Error!!Nursery school, preschool; Total!!Estimate!!Kindergarten to 12th grade; Total!!Margin of Error!!Kindergarten to 12th grade; Percent of enrolled population!!In public school!!Estimate!!Kindergarten to 12th grade; Percent of enrolled population!!In public school!!Margin of Error!!Kindergarten to 12th grade; Percent of enrolled population!!In private school!!Estimate!!Kindergarten to 12th grade; Percent of enrolled population!!In private school!!Margin of Error!!Kindergarten to 12th grade; Total!!Estimate!!Kindergarten to 12th grade!!Kindergarten; Total!!Margin of Error!!Kindergarten to 12th grade!!Kindergarten; Percent of enrolled population!!In public school!!Estimate!!Kindergarten to 12th grade!!Kindergarten; Percent of enrolled population!!In public school!!Margin of Error!!Kindergarten to 12th grade!!Kindergarten; Percent of enrolled population!!In private school!!Estimate!!Kindergarten to 12th grade!!Kindergarten; ...",,,data/raw/acs/reference_repo/S1702_Family_Poverty_Status/ACSST5Y2010.S1401-Data.csv,csv encoding=utf-8-sig
ACSST5Y2010.S1401-Table-Notes.txt,data/raw/acs/reference_repo/S1401_School_Enrollment/ACSST5Y2010.S1401-Table-Notes.txt,txt,5.27,data/raw/acs/reference_repo/S1401_School_Enrollment,demographics,raw_source,,,,,,data/raw/acs/reference_repo/S1702_Family_Poverty_Status/ACSST5Y2010.S1401-Table-Notes.txt,documentation or metadata text file
ACSST5Y2011.S1401-Column-Metadata.csv,data/raw/acs/reference_repo/S1401_School_Enrollment/ACSST5Y2011.S1401-Column-Metadata.csv,csv,21.09,data/raw/acs/reference_repo/S1401_School_Enrollment,demographics,raw_source,187,2,GEO_ID; Geography,,,data/raw/acs/reference_repo/S1702_Family_Poverty_Status/ACSST5Y2011.S1401-Column-Metadata.csv,csv encoding=utf-8-sig
ACSST5Y2011.S1401-Data.csv,data/raw/acs/reference_repo/S1401_School_Enrollment/ACSST5Y2011.S1401-Data.csv,csv,60.39,data/raw/acs/reference_repo/S1401_School_Enrollment,demographics,raw_source,32,189,"Geography; Geographic Area Name; Total!!Estimate!!Population 3 years and over enrolled in school; Total!!Margin of Error!!Population 3 years and over enrolled in school; Percent of enrolled population!!In public school!!Estimate!!Population 3 years and over enrolled in school; Percent of enrolled population!!In public school!!Margin of Error!!Population 3 years and over enrolled in school; Percent of enrolled population!!In private school!!Estimate!!Population 3 years and over enrolled in school; Percent of enrolled population!!In private school!!Margin of Error!!Population 3 years and over enrolled in school; Total!!Estimate!!Nursery school, preschool; Total!!Margin of Error!!Nursery school, preschool; Percent of enrolled population!!In public school!!Estimate!!Nursery school, preschool; Percent of enrolled population!!In public school!!Margin of Error!!Nursery school, preschool; Percent of enrolled population!!In private school!!Estimate!!Nursery school, preschool; Percent of enrolled population!!In private school!!Margin of Error!!Nursery school, preschool; Total!!Estimate!!Kindergarten to 12th grade; Total!!Margin of Error!!Kindergarten to 12th grade; Percent of enrolled population!!In public school!!Estimate!!Kindergarten to 12th grade; Percent of enrolled population!!In public school!!Margin of Error!!Kindergarten to 12th grade; Percent of enrolled population!!In private school!!Estimate!!Kindergarten to 12th grade; Percent of enrolled population!!In private school!!Margin of Error!!Kindergarten to 12th grade; Total!!Estimate!!Kindergarten to 12th grade!!Kindergarten; Total!!Margin of Error!!Kindergarten to 12th grade!!Kindergarten; Percent of enrolled population!!In public school!!Estimate!!Kindergarten to 12th grade!!Kindergarten; Percent of enrolled population!!In public school!!Margin of Error!!Kindergarten to 12th grade!!Kindergarten; Percent of enrolled population!!In private school!!Estimate!!Kindergarten to 12th grade!!Kindergarten; ...",,,,csv encoding=utf-8-sig
ACSST5Y2011.S1401-Table-Notes.txt,data/raw/acs/reference_repo/S1401_School_Enrollment/ACSST5Y2011.S1401-Table-Notes.txt,txt,5.04,data/raw/acs/reference_repo/S1401_School_Enrollment,demographics,raw_source,,,,,,,documentation or metadata text file
ACSST5Y2012.S1401-Column-Metadata.csv,data/raw/acs/reference_repo/S1401_School_Enrollment/ACSST5Y2012.S1401-Column-Metadata.csv,csv,21.09,data/raw/acs/reference_repo/S1401_School_Enrollment,demographics,raw_source,187,2,GEO_ID; Geography,,,,csv encoding=utf-8-sig
ACSST5Y2012.S1401-Data.csv,data/raw/acs/reference_repo/S1401_School_Enrollment/ACSST5Y2012.S1401-Data.csv,csv,60.35,data/raw/acs/reference_repo/S1401_School_Enrollment,demographics,raw_source,32,189,"Geography; Geographic Area Name; Total!!Estimate!!Population 3 years and over enrolled in school; Total!!Margin of Error!!Population 3 years and over enrolled in school; Percent of enrolled population!!In public school!!Estimate!!Population 3 years and over enrolled in school; Percent of enrolled population!!In public school!!Margin of Error!!Population 3 years and over enrolled in school; Percent of enrolled population!!In private school!!Estimate!!Population 3 years and over enrolled in school; Percent of enrolled population!!In private school!!Margin of Error!!Population 3 years and over enrolled in school; Total!!Estimate!!Nursery school, preschool; Total!!Margin of Error!!Nursery school, preschool; Percent of enrolled population!!In public school!!Estimate!!Nursery school, preschool; Percent of enrolled population!!In public school!!Margin of Error!!Nursery school, preschool; Percent of enrolled population!!In private school!!Estimate!!Nursery school, preschool; Percent of enrolled population!!In private school!!Margin of Error!!Nursery school, preschool; Total!!Estimate!!Kindergarten to 12th grade; Total!!Margin of Error!!Kindergarten to 12th grade; Percent of enrolled population!!In public school!!Estimate!!Kindergarten to 12th grade; Percent of enrolled population!!In public school!!Margin of Error!!Kindergarten to 12th grade; Percent of enrolled population!!In private school!!Estimate!!Kindergarten to 12th grade; Percent of enrolled population!!In private school!!Margin of Error!!Kindergarten to 12th grade; Total!!Estimate!!Kindergarten to 12th grade!!Kindergarten; Total!!Margin of Error!!Kindergarten to 12th grade!!Kindergarten; Percent of enrolled population!!In public school!!Estimate!!Kindergarten to 12th grade!!Kindergarten; Percent of enrolled population!!In public school!!Margin of Error!!Kindergarten to 12th grade!!Kindergarten; Percent of enrolled population!!In private school!!Estimate!!Kindergarten to 12th grade!!Kindergarten; ...",,,,csv encoding=utf-8-sig
ACSST5Y2012.S1401-Table-Notes.txt,data/raw/acs/reference_repo/S1401_School_Enrollment/ACSST5Y2012.S1401-Table-Notes.txt,txt,5.04,data/raw/acs/reference_repo/S1401_School_Enrollment,demographics,raw_source,,,,,,,documentation or metadata text file
ACSST5Y2013.S1401-Column-Metadata.csv,data/raw/acs/reference_repo/S1401_School_Enrollment/ACSST5Y2013.S1401-Column-Metadata.csv,csv,20.4,data/raw/acs/reference_repo/S1401_School_Enrollment,demographics,raw_source,187,2,GEO_ID; Geography,,,,csv encoding=utf-8-sig
ACSST5Y2013.S1401-Data.csv,data/raw/acs/reference_repo/S1401_School_Enrollment/ACSST5Y2013.S1401-Data.csv,csv,59.69,data/raw/acs/reference_repo/S1401_School_Enrollment,demographics,raw_source,32,189,"Geography; Geographic Area Name; Total!!Estimate!!Population 3 years and over enrolled in school; Total!!Margin of Error!!Population 3 years and over enrolled in school; Percent of enrolled population!!In public school!!Estimate!!Population 3 years and over enrolled in school; Percent of enrolled population!!In public school!!Margin of Error!!Population 3 years and over enrolled in school; Percent of enrolled population!!In private school!!Estimate!!Population 3 years and over enrolled in school; Percent of enrolled population!!In private school!!Margin of Error!!Population 3 years and over enrolled in school; Total!!Estimate!!Nursery school, preschool; Total!!Margin of Error!!Nursery school, preschool; Percent of enrolled population!!In public school!!Estimate!!Nursery school, preschool; Percent of enrolled population!!In public school!!Margin of Error!!Nursery school, preschool; Percent of enrolled population!!In private school!!Estimate!!Nursery school, preschool; Percent of enrolled population!!In private school!!Margin of Error!!Nursery school, preschool; Total!!Estimate!!Kindergarten to 12th grade; Total!!Margin of Error!!Kindergarten to 12th grade; Percent of enrolled population!!In public school!!Estimate!!Kindergarten to 12th grade; Percent of enrolled population!!In public school!!Margin of Error!!Kindergarten to 12th grade; Percent of enrolled population!!In private school!!Estimate!!Kindergarten to 12th grade; Percent of enrolled population!!In private school!!Margin of Error!!Kindergarten to 12th grade; Total!!Estimate!!Kindergarten; Total!!Margin of Error!!Kindergarten; Percent of enrolled population!!In public school!!Estimate!!Kindergarten; Percent of enrolled population!!In public school!!Margin of Error!!Kindergarten; Percent of enrolled population!!In private school!!Estimate!!Kindergarten; ...",,,,csv encoding=utf-8-sig
ACSST5Y2013.S1401-Table-Notes.txt,data/raw/acs/reference_repo/S1401_School_Enrollment/ACSST5Y2013.S1401-Table-Notes.txt,txt,4.98,data/raw/acs/reference_repo/S1401_School_Enrollment,demographics,raw_source,,,,,,,documentation or metadata text file
ACSST5Y2014.S1401-Column-Metadata.csv,data/raw/acs/reference_repo/S1401_School_Enrollment/ACSST5Y2014.S1401-Column-Metadata.csv,csv,20.4,data/raw/acs/reference_repo/S1401_School_Enrollment,demographics,raw_source,187,2,GEO_ID; Geography,,,,csv encoding=utf-8-sig
ACSST5Y2014.S1401-Data.csv,data/raw/acs/reference_repo/S1401_School_Enrollment/ACSST5Y2014.S1401-Data.csv,csv,59.65,data/raw/acs/reference_repo/S1401_School_Enrollment,demographics,raw_source,32,189,"Geography; Geographic Area Name; Total!!Estimate!!Population 3 years and over enrolled in school; Total!!Margin of Error!!Population 3 years and over enrolled in school; Percent of enrolled population!!In public school!!Estimate!!Population 3 years and over enrolled in school; Percent of enrolled population!!In public school!!Margin of Error!!Population 3 years and over enrolled in school; Percent of enrolled population!!In private school!!Estimate!!Population 3 years and over enrolled in school; Percent of enrolled population!!In private school!!Margin of Error!!Population 3 years and over enrolled in school; Total!!Estimate!!Nursery school, preschool; Total!!Margin of Error!!Nursery school, preschool; Percent of enrolled population!!In public school!!Estimate!!Nursery school, preschool; Percent of enrolled population!!In public school!!Margin of Error!!Nursery school, preschool; Percent of enrolled population!!In private school!!Estimate!!Nursery school, preschool; Percent of enrolled population!!In private school!!Margin of Error!!Nursery school, preschool; Total!!Estimate!!Kindergarten to 12th grade; Total!!Margin of Error!!Kindergarten to 12th grade; Percent of enrolled population!!In public school!!Estimate!!Kindergarten to 12th grade; Percent of enrolled population!!In public school!!Margin of Error!!Kindergarten to 12th grade; Percent of enrolled population!!In private school!!Estimate!!Kindergarten to 12th grade; Percent of enrolled population!!In private school!!Margin of Error!!Kindergarten to 12th grade; Total!!Estimate!!Kindergarten; Total!!Margin of Error!!Kindergarten; Percent of enrolled population!!In public school!!Estimate!!Kindergarten; Percent of enrolled population!!In public school!!Margin of Error!!Kindergarten; Percent of enrolled population!!In private school!!Estimate!!Kindergarten; ...",,,data/raw/acs/reference_repo/S1702_Family_Poverty_Status/ACSST5Y2014.S1401-Data.csv,csv encoding=utf-8-sig
ACSST5Y2014.S1401-Table-Notes.txt,data/raw/acs/reference_repo/S1401_School_Enrollment/ACSST5Y2014.S1401-Table-Notes.txt,txt,5.0,data/raw/acs/reference_repo/S1401_School_Enrollment,demographics,raw_source,,,,,,data/raw/acs/reference_repo/S1702_Family_Poverty_Status/ACSST5Y2014.S1401-Table-Notes.txt,documentation or metadata text file
ACSST5Y2015.S1401-Column-Metadata.csv,data/raw/acs/reference_repo/S1401_School_Enrollment/ACSST5Y2015.S1401-Column-Metadata.csv,csv,37.75,data/raw/acs/reference_repo/S1401_School_Enrollment,demographics,raw_source,409,2,GEO_ID; Geography,,,data/raw/acs/reference_repo/S1702_Family_Poverty_Status/ACSST5Y2015.S1401-Column-Metadata.csv,csv encoding=utf-8-sig
ACSST5Y2015.S1401-Data.csv,data/raw/acs/reference_repo/S1401_School_Enrollment/ACSST5Y2015.S1401-Data.csv,csv,115.88,data/raw/acs/reference_repo/S1401_School_Enrollment,demographics,raw_source,32,411,"Geography; Geographic Area Name; Total!!Estimate!!Population 3 years and over enrolled in school; Total!!Margin of Error!!Population 3 years and over enrolled in school; Percent!!Estimate!!Population 3 years and over enrolled in school; Percent!!Margin of Error!!Population 3 years and over enrolled in school; In public school!!Estimate!!Population 3 years and over enrolled in school; In public school!!Margin of Error!!Population 3 years and over enrolled in school; Percent in public school!!Estimate!!Population 3 years and over enrolled in school; Percent in public school!!Margin of Error!!Population 3 years and over enrolled in school; In private school!!Estimate!!Population 3 years and over enrolled in school; In private school!!Margin of Error!!Population 3 years and over enrolled in school; Percent in private school!!Estimate!!Population 3 years and over enrolled in school; Percent in private school!!Margin of Error!!Population 3 years and over enrolled in school; Total!!Estimate!!Nursery school, preschool; Total!!Margin of Error!!Nursery school, preschool; Percent!!Estimate!!Nursery school, preschool; Percent!!Margin of Error!!Nursery school, preschool; In public school!!Estimate!!Nursery school, preschool; In public school!!Margin of Error!!Nursery school, preschool; Percent in public school!!Estimate!!Nursery school, preschool; Percent in public school!!Margin of Error!!Nursery school, preschool; In private school!!Estimate!!Nursery school, preschool; In private school!!Margin of Error!!Nursery school, preschool; Percent in private school!!Estimate!!Nursery school, preschool; ...",,,data/raw/acs/reference_repo/S1702_Family_Poverty_Status/ACSST5Y2015.S1401-Data.csv,csv encoding=utf-8-sig
ACSST5Y2015.S1401-Table-Notes.txt,data/raw/acs/reference_repo/S1401_School_Enrollment/ACSST5Y2015.S1401-Table-Notes.txt,txt,5.21,data/raw/acs/reference_repo/S1401_School_Enrollment,demographics,raw_source,,,,,,data/raw/acs/reference_repo/S1702_Family_Poverty_Status/ACSST5Y2015.S1401-Table-Notes.txt,documentation or metadata text file
ACSST5Y2016.S1401-Column-Metadata.csv,data/raw/acs/reference_repo/S1401_School_Enrollment/ACSST5Y2016.S1401-Column-Metadata.csv,csv,37.75,data/raw/acs/reference_repo/S1401_School_Enrollment,demographics,raw_source,409,2,GEO_ID; Geography,,,data/raw/acs/reference_repo/S1702_Family_Poverty_Status/ACSST5Y2016.S1401-Column-Metadata.csv,csv encoding=utf-8-sig
ACSST5Y2016.S1401-Data.csv,data/raw/acs/reference_repo/S1401_School_Enrollment/ACSST5Y2016.S1401-Data.csv,csv,115.79,data/raw/acs/reference_repo/S1401_School_Enrollment,demographics,raw_source,32,411,"Geography; Geographic Area Name; Total!!Estimate!!Population 3 years and over enrolled in school; Total!!Margin of Error!!Population 3 years and over enrolled in school; Percent!!Estimate!!Population 3 years and over enrolled in school; Percent!!Margin of Error!!Population 3 years and over enrolled in school; In public school!!Estimate!!Population 3 years and over enrolled in school; In public school!!Margin of Error!!Population 3 years and over enrolled in school; Percent in public school!!Estimate!!Population 3 years and over enrolled in school; Percent in public school!!Margin of Error!!Population 3 years and over enrolled in school; In private school!!Estimate!!Population 3 years and over enrolled in school; In private school!!Margin of Error!!Population 3 years and over enrolled in school; Percent in private school!!Estimate!!Population 3 years and over enrolled in school; Percent in private school!!Margin of Error!!Population 3 years and over enrolled in school; Total!!Estimate!!Nursery school, preschool; Total!!Margin of Error!!Nursery school, preschool; Percent!!Estimate!!Nursery school, preschool; Percent!!Margin of Error!!Nursery school, preschool; In public school!!Estimate!!Nursery school, preschool; In public school!!Margin of Error!!Nursery school, preschool; Percent in public school!!Estimate!!Nursery school, preschool; Percent in public school!!Margin of Error!!Nursery school, preschool; In private school!!Estimate!!Nursery school, preschool; In private school!!Margin of Error!!Nursery school, preschool; Percent in private school!!Estimate!!Nursery school, preschool; ...",,,data/raw/acs/reference_repo/S1702_Family_Poverty_Status/ACSST5Y2016.S1401-Data.csv,csv encoding=utf-8-sig
ACSST5Y2016.S1401-Table-Notes.txt,data/raw/acs/reference_repo/S1401_School_Enrollment/ACSST5Y2016.S1401-Table-Notes.txt,txt,5.2,data/raw/acs/reference_repo/S1401_School_Enrollment,demographics,raw_source,,,,,,data/raw/acs/reference_repo/S1702_Family_Poverty_Status/ACSST5Y2016.S1401-Table-Notes.txt,documentation or metadata text file
ACSST5Y2017.S1401-Column-Metadata.csv,data/raw/acs/reference_repo/S1401_School_Enrollment/ACSST5Y2017.S1401-Column-Metadata.csv,csv,52.57,data/raw/acs/reference_repo/S1401_School_Enrollment,demographics,raw_source,409,2,GEO_ID; Geography,,,data/raw/acs/reference_repo/S1702_Family_Poverty_Status/ACSST5Y2017.S1401-Column-Metadata.csv,csv encoding=utf-8-sig
ACSST5Y2017.S1401-Data.csv,data/raw/acs/reference_repo/S1401_School_Enrollment/ACSST5Y2017.S1401-Data.csv,csv,130.59,data/raw/acs/reference_repo/S1401_School_Enrollment,demographics,raw_source,32,411,"Geography; Geographic Area Name; Estimate!!Total!!Population 3 years and over enrolled in school; Margin of Error!!Total MOE!!Population 3 years and over enrolled in school; Estimate!!Total!!Population 3 years and over enrolled in school!!Nursery school, preschool; Margin of Error!!Total MOE!!Population 3 years and over enrolled in school!!Nursery school, preschool; Estimate!!Total!!Population 3 years and over enrolled in school!!Kindergarten to 12th grade; Margin of Error!!Total MOE!!Population 3 years and over enrolled in school!!Kindergarten to 12th grade; Estimate!!Total!!Population 3 years and over enrolled in school!!Kindergarten; Margin of Error!!Total MOE!!Population 3 years and over enrolled in school!!Kindergarten; Estimate!!Total!!Population 3 years and over enrolled in school!!Elementary grade 1 to grade 4; Margin of Error!!Total MOE!!Population 3 years and over enrolled in school!!Elementary grade 1 to grade 4; Estimate!!Total!!Population 3 years and over enrolled in school!!Elementary grade 5 to grade 8; Margin of Error!!Total MOE!!Population 3 years and over enrolled in school!!Elementary grade 5 to grade 8; Estimate!!Total!!Population 3 years and over enrolled in school!!High school grade 9 to grade 12; Margin of Error!!Total MOE!!Population 3 years and over enrolled in school!!High school grade 9 to grade 12; Estimate!!Total!!Population 3 years and over enrolled in school!!College, undergraduate; Margin of Error!!Total MOE!!Population 3 years and over enrolled in school!!College, undergraduate; Estimate!!Total!!Population 3 years and over enrolled in school!!Graduate, professional school; Margin of Error!!Total MOE!!Population 3 years and over enrolled in school!!Graduate, professional school; Estimate!!Total!!Population enrolled in college or graduate school; Margin of Error!!Total MOE!!Population enrolled in college or graduate school; Estimate!!Total!!Population enrolled in college or graduate school!!Males enrolled in college or graduate school; Margin of Error!!Total MOE!!Population enrolled in college or graduate school!!Males enrolled in college or graduate school; Estimate!!Total!!Population enrolled in college or graduate school!!Females enrolled in college or graduate school; ...",,,data/raw/acs/reference_repo/S1702_Family_Poverty_Status/ACSST5Y2017.S1401-Data.csv,csv encoding=utf-8-sig
ACSST5Y2017.S1401-Table-Notes.txt,data/raw/acs/reference_repo/S1401_School_Enrollment/ACSST5Y2017.S1401-Table-Notes.txt,txt,5.26,data/raw/acs/reference_repo/S1401_School_Enrollment,demographics,raw_source,,,,,,data/raw/acs/reference_repo/S1702_Family_Poverty_Status/ACSST5Y2017.S1401-Table-Notes.txt,documentation or metadata text file
ACSST5Y2018.S1401-Column-Metadata.csv,data/raw/acs/reference_repo/S1401_School_Enrollment/ACSST5Y2018.S1401-Column-Metadata.csv,csv,52.57,data/raw/acs/reference_repo/S1401_School_Enrollment,demographics,raw_source,409,2,GEO_ID; Geography,,,data/raw/acs/reference_repo/S1702_Family_Poverty_Status/ACSST5Y2018.S1401-Column-Metadata.csv,csv encoding=utf-8-sig
ACSST5Y2018.S1401-Data.csv,data/raw/acs/reference_repo/S1401_School_Enrollment/ACSST5Y2018.S1401-Data.csv,csv,130.58,data/raw/acs/reference_repo/S1401_School_Enrollment,demographics,raw_source,32,411,"Geography; Geographic Area Name; Estimate!!Total!!Population 3 years and over enrolled in school; Margin of Error!!Total MOE!!Population 3 years and over enrolled in school; Estimate!!Total!!Population 3 years and over enrolled in school!!Nursery school, preschool; Margin of Error!!Total MOE!!Population 3 years and over enrolled in school!!Nursery school, preschool; Estimate!!Total!!Population 3 years and over enrolled in school!!Kindergarten to 12th grade; Margin of Error!!Total MOE!!Population 3 years and over enrolled in school!!Kindergarten to 12th grade; Estimate!!Total!!Population 3 years and over enrolled in school!!Kindergarten; Margin of Error!!Total MOE!!Population 3 years and over enrolled in school!!Kindergarten; Estimate!!Total!!Population 3 years and over enrolled in school!!Elementary grade 1 to grade 4; Margin of Error!!Total MOE!!Population 3 years and over enrolled in school!!Elementary grade 1 to grade 4; Estimate!!Total!!Population 3 years and over enrolled in school!!Elementary grade 5 to grade 8; Margin of Error!!Total MOE!!Population 3 years and over enrolled in school!!Elementary grade 5 to grade 8; Estimate!!Total!!Population 3 years and over enrolled in school!!High school grade 9 to grade 12; Margin of Error!!Total MOE!!Population 3 years and over enrolled in school!!High school grade 9 to grade 12; Estimate!!Total!!Population 3 years and over enrolled in school!!College, undergraduate; Margin of Error!!Total MOE!!Population 3 years and over enrolled in school!!College, undergraduate; Estimate!!Total!!Population 3 years and over enrolled in school!!Graduate, professional school; Margin of Error!!Total MOE!!Population 3 years and over enrolled in school!!Graduate, professional school; Estimate!!Total!!Population enrolled in college or graduate school; Margin of Error!!Total MOE!!Population enrolled in college or graduate school; Estimate!!Total!!Population enrolled in college or graduate school!!Males enrolled in college or graduate school; Margin of Error!!Total MOE!!Population enrolled in college or graduate school!!Males enrolled in college or graduate school; Estimate!!Total!!Population enrolled in college or graduate school!!Females enrolled in college or graduate school; ...",,,data/raw/acs/reference_repo/S1702_Family_Poverty_Status/ACSST5Y2018.S1401-Data.csv,csv encoding=utf-8-sig
ACSST5Y2018.S1401-Table-Notes.txt,data/raw/acs/reference_repo/S1401_School_Enrollment/ACSST5Y2018.S1401-Table-Notes.txt,txt,5.42,data/raw/acs/reference_repo/S1401_School_Enrollment,demographics,raw_source,,,,,,data/raw/acs/reference_repo/S1702_Family_Poverty_Status/ACSST5Y2018.S1401-Table-Notes.txt,documentation or metadata text file
ACSST5Y2019.S1401-Column-Metadata.csv,data/raw/acs/reference_repo/S1401_School_Enrollment/ACSST5Y2019.S1401-Column-Metadata.csv,csv,44.82,data/raw/acs/reference_repo/S1401_School_Enrollment,demographics,raw_source,409,2,GEO_ID; Geography,,,data/raw/acs/reference_repo/S1702_Family_Poverty_Status/ACSST5Y2019.S1401-Column-Metadata.csv,csv encoding=utf-8-sig
ACSST5Y2019.S1401-Data.csv,data/raw/acs/reference_repo/S1401_School_Enrollment/ACSST5Y2019.S1401-Data.csv,csv,122.77,data/raw/acs/reference_repo/S1401_School_Enrollment,demographics,raw_source,32,411,"Geography; Geographic Area Name; Estimate!!Total!!Population 3 years and over enrolled in school; Margin of Error!!Total!!Population 3 years and over enrolled in school; Estimate!!Total!!Population 3 years and over enrolled in school!!Nursery school, preschool; Margin of Error!!Total!!Population 3 years and over enrolled in school!!Nursery school, preschool; Estimate!!Total!!Population 3 years and over enrolled in school!!Kindergarten to 12th grade; Margin of Error!!Total!!Population 3 years and over enrolled in school!!Kindergarten to 12th grade; Estimate!!Total!!Population 3 years and over enrolled in school!!Kindergarten to 12th grade!!Kindergarten; Margin of Error!!Total!!Population 3 years and over enrolled in school!!Kindergarten to 12th grade!!Kindergarten; Estimate!!Total!!Population 3 years and over enrolled in school!!Kindergarten to 12th grade!!Elementary: grade 1 to grade 4; Margin of Error!!Total!!Population 3 years and over enrolled in school!!Kindergarten to 12th grade!!Elementary: grade 1 to grade 4; Estimate!!Total!!Population 3 years and over enrolled in school!!Kindergarten to 12th grade!!Elementary: grade 5 to grade 8; Margin of Error!!Total!!Population 3 years and over enrolled in school!!Kindergarten to 12th grade!!Elementary: grade 5 to grade 8; Estimate!!Total!!Population 3 years and over enrolled in school!!Kindergarten to 12th grade!!High school: grade 9 to grade 12; Margin of Error!!Total!!Population 3 years and over enrolled in school!!Kindergarten to 12th grade!!High school: grade 9 to grade 12; Estimate!!Total!!Population 3 years and over enrolled in school!!College, undergraduate; Margin of Error!!Total!!Population 3 years and over enrolled in school!!College, undergraduate; Estimate!!Total!!Population 3 years and over enrolled in school!!Graduate, professional school; Margin of Error!!Total!!Population 3 years and over enrolled in school!!Graduate, professional school; Estimate!!Total!!Population enrolled in college or graduate school; Margin of Error!!Total!!Population enrolled in college or graduate school; Estimate!!Total!!Population enrolled in college or graduate school!!Males enrolled in college or graduate school; Margin of Error!!Total!!Population enrolled in college or graduate school!!Males enrolled in college or graduate school; Estimate!!Total!!Population enrolled in college or graduate school!!Females enrolled in college or graduate school; ...",,,data/raw/acs/reference_repo/S1702_Family_Poverty_Status/ACSST5Y2019.S1401-Data.csv,csv encoding=utf-8-sig
ACSST5Y2019.S1401-Table-Notes.txt,data/raw/acs/reference_repo/S1401_School_Enrollment/ACSST5Y2019.S1401-Table-Notes.txt,txt,5.06,data/raw/acs/reference_repo/S1401_School_Enrollment,demographics,raw_source,,,,,,data/raw/acs/reference_repo/S1702_Family_Poverty_Status/ACSST5Y2019.S1401-Table-Notes.txt,documentation or metadata text file
ACSST5Y2020.S1401-Column-Metadata.csv,data/raw/acs/reference_repo/S1401_School_Enrollment/ACSST5Y2020.S1401-Column-Metadata.csv,csv,44.82,data/raw/acs/reference_repo/S1401_School_Enrollment,demographics,raw_source,409,2,GEO_ID; Geography,,,data/raw/acs/reference_repo/S1702_Family_Poverty_Status/ACSST5Y2020.S1401-Column-Metadata.csv,csv encoding=utf-8-sig
ACSST5Y2020.S1401-Data.csv,data/raw/acs/reference_repo/S1401_School_Enrollment/ACSST5Y2020.S1401-Data.csv,csv,127.6,data/raw/acs/reference_repo/S1401_School_Enrollment,demographics,raw_source,34,411,"Geography; Geographic Area Name; Estimate!!Total!!Population 3 years and over enrolled in school; Margin of Error!!Total!!Population 3 years and over enrolled in school; Estimate!!Total!!Population 3 years and over enrolled in school!!Nursery school, preschool; Margin of Error!!Total!!Population 3 years and over enrolled in school!!Nursery school, preschool; Estimate!!Total!!Population 3 years and over enrolled in school!!Kindergarten to 12th grade; Margin of Error!!Total!!Population 3 years and over enrolled in school!!Kindergarten to 12th grade; Estimate!!Total!!Population 3 years and over enrolled in school!!Kindergarten to 12th grade!!Kindergarten; Margin of Error!!Total!!Population 3 years and over enrolled in school!!Kindergarten to 12th grade!!Kindergarten; Estimate!!Total!!Population 3 years and over enrolled in school!!Kindergarten to 12th grade!!Elementary: grade 1 to grade 4; Margin of Error!!Total!!Population 3 years and over enrolled in school!!Kindergarten to 12th grade!!Elementary: grade 1 to grade 4; Estimate!!Total!!Population 3 years and over enrolled in school!!Kindergarten to 12th grade!!Elementary: grade 5 to grade 8; Margin of Error!!Total!!Population 3 years and over enrolled in school!!Kindergarten to 12th grade!!Elementary: grade 5 to grade 8; Estimate!!Total!!Population 3 years and over enrolled in school!!Kindergarten to 12th grade!!High school: grade 9 to grade 12; Margin of Error!!Total!!Population 3 years and over enrolled in school!!Kindergarten to 12th grade!!High school: grade 9 to grade 12; Estimate!!Total!!Population 3 years and over enrolled in school!!College, undergraduate; Margin of Error!!Total!!Population 3 years and over enrolled in school!!College, undergraduate; Estimate!!Total!!Population 3 years and over enrolled in school!!Graduate, professional school; Margin of Error!!Total!!Population 3 years and over enrolled in school!!Graduate, professional school; Estimate!!Total!!Population enrolled in college or graduate school; Margin of Error!!Total!!Population enrolled in college or graduate school; Estimate!!Total!!Population enrolled in college or graduate school!!Males enrolled in college or graduate school; Margin of Error!!Total!!Population enrolled in college or graduate school!!Males enrolled in college or graduate school; Estimate!!Total!!Population enrolled in college or graduate school!!Females enrolled in college or graduate school; ...",,,data/raw/acs/reference_repo/S1702_Family_Poverty_Status/ACSST5Y2020.S1401-Data.csv,csv encoding=utf-8-sig
ACSST5Y2020.S1401-Table-Notes.txt,data/raw/acs/reference_repo/S1401_School_Enrollment/ACSST5Y2020.S1401-Table-Notes.txt,txt,5.09,data/raw/acs/reference_repo/S1401_School_Enrollment,demographics,raw_source,,,,,,data/raw/acs/reference_repo/S1702_Family_Poverty_Status/ACSST5Y2020.S1401-Table-Notes.txt,documentation or metadata text file
ACSST5Y2021.S1401-Column-Metadata.csv,data/raw/acs/reference_repo/S1401_School_Enrollment/ACSST5Y2021.S1401-Column-Metadata.csv,csv,44.82,data/raw/acs/reference_repo/S1401_School_Enrollment,demographics,raw_source,409,2,GEO_ID; Geography,,,data/raw/acs/reference_repo/S1702_Family_Poverty_Status/ACSST5Y2021.S1401-Column-Metadata.csv,csv encoding=utf-8-sig
ACSST5Y2021.S1401-Data.csv,data/raw/acs/reference_repo/S1401_School_Enrollment/ACSST5Y2021.S1401-Data.csv,csv,127.56,data/raw/acs/reference_repo/S1401_School_Enrollment,demographics,raw_source,34,411,"Geography; Geographic Area Name; Estimate!!Total!!Population 3 years and over enrolled in school; Margin of Error!!Total!!Population 3 years and over enrolled in school; Estimate!!Total!!Population 3 years and over enrolled in school!!Nursery school, preschool; Margin of Error!!Total!!Population 3 years and over enrolled in school!!Nursery school, preschool; Estimate!!Total!!Population 3 years and over enrolled in school!!Kindergarten to 12th grade; Margin of Error!!Total!!Population 3 years and over enrolled in school!!Kindergarten to 12th grade; Estimate!!Total!!Population 3 years and over enrolled in school!!Kindergarten to 12th grade!!Kindergarten; Margin of Error!!Total!!Population 3 years and over enrolled in school!!Kindergarten to 12th grade!!Kindergarten; Estimate!!Total!!Population 3 years and over enrolled in school!!Kindergarten to 12th grade!!Elementary: grade 1 to grade 4; Margin of Error!!Total!!Population 3 years and over enrolled in school!!Kindergarten to 12th grade!!Elementary: grade 1 to grade 4; Estimate!!Total!!Population 3 years and over enrolled in school!!Kindergarten to 12th grade!!Elementary: grade 5 to grade 8; Margin of Error!!Total!!Population 3 years and over enrolled in school!!Kindergarten to 12th grade!!Elementary: grade 5 to grade 8; Estimate!!Total!!Population 3 years and over enrolled in school!!Kindergarten to 12th grade!!High school: grade 9 to grade 12; Margin of Error!!Total!!Population 3 years and over enrolled in school!!Kindergarten to 12th grade!!High school: grade 9 to grade 12; Estimate!!Total!!Population 3 years and over enrolled in school!!College, undergraduate; Margin of Error!!Total!!Population 3 years and over enrolled in school!!College, undergraduate; Estimate!!Total!!Population 3 years and over enrolled in school!!Graduate, professional school; Margin of Error!!Total!!Population 3 years and over enrolled in school!!Graduate, professional school; Estimate!!Total!!Population enrolled in college or graduate school; Margin of Error!!Total!!Population enrolled in college or graduate school; Estimate!!Total!!Population enrolled in college or graduate school!!Males enrolled in college or graduate school; Margin of Error!!Total!!Population enrolled in college or graduate school!!Males enrolled in college or graduate school; Estimate!!Total!!Population enrolled in college or graduate school!!Females enrolled in college or graduate school; ...",,,data/raw/acs/reference_repo/S1702_Family_Poverty_Status/ACSST5Y2021.S1401-Data.csv,csv encoding=utf-8-sig
ACSST5Y2021.S1401-Table-Notes.txt,data/raw/acs/reference_repo/S1401_School_Enrollment/ACSST5Y2021.S1401-Table-Notes.txt,txt,5.07,data/raw/acs/reference_repo/S1401_School_Enrollment,demographics,raw_source,,,,,,data/raw/acs/reference_repo/S1702_Family_Poverty_Status/ACSST5Y2021.S1401-Table-Notes.txt,documentation or metadata text file
ACSST5Y2022.S1401-Column-Metadata.csv,data/raw/acs/reference_repo/S1401_School_Enrollment/ACSST5Y2022.S1401-Column-Metadata.csv,csv,44.82,data/raw/acs/reference_repo/S1401_School_Enrollment,demographics,raw_source,409,2,GEO_ID; Geography,,,data/raw/acs/reference_repo/S1702_Family_Poverty_Status/ACSST5Y2022.S1401-Column-Metadata.csv,csv encoding=utf-8-sig
ACSST5Y2022.S1401-Data.csv,data/raw/acs/reference_repo/S1401_School_Enrollment/ACSST5Y2022.S1401-Data.csv,csv,127.46,data/raw/acs/reference_repo/S1401_School_Enrollment,demographics,raw_source,34,411,"Geography; Geographic Area Name; Estimate!!Total!!Population 3 years and over enrolled in school; Margin of Error!!Total!!Population 3 years and over enrolled in school; Estimate!!Total!!Population 3 years and over enrolled in school!!Nursery school, preschool; Margin of Error!!Total!!Population 3 years and over enrolled in school!!Nursery school, preschool; Estimate!!Total!!Population 3 years and over enrolled in school!!Kindergarten to 12th grade; Margin of Error!!Total!!Population 3 years and over enrolled in school!!Kindergarten to 12th grade; Estimate!!Total!!Population 3 years and over enrolled in school!!Kindergarten to 12th grade!!Kindergarten; Margin of Error!!Total!!Population 3 years and over enrolled in school!!Kindergarten to 12th grade!!Kindergarten; Estimate!!Total!!Population 3 years and over enrolled in school!!Kindergarten to 12th grade!!Elementary: grade 1 to grade 4; Margin of Error!!Total!!Population 3 years and over enrolled in school!!Kindergarten to 12th grade!!Elementary: grade 1 to grade 4; Estimate!!Total!!Population 3 years and over enrolled in school!!Kindergarten to 12th grade!!Elementary: grade 5 to grade 8; Margin of Error!!Total!!Population 3 years and over enrolled in school!!Kindergarten to 12th grade!!Elementary: grade 5 to grade 8; Estimate!!Total!!Population 3 years and over enrolled in school!!Kindergarten to 12th grade!!High school: grade 9 to grade 12; Margin of Error!!Total!!Population 3 years and over enrolled in school!!Kindergarten to 12th grade!!High school: grade 9 to grade 12; Estimate!!Total!!Population 3 years and over enrolled in school!!College, undergraduate; Margin of Error!!Total!!Population 3 years and over enrolled in school!!College, undergraduate; Estimate!!Total!!Population 3 years and over enrolled in school!!Graduate, professional school; Margin of Error!!Total!!Population 3 years and over enrolled in school!!Graduate, professional school; Estimate!!Total!!Population enrolled in college or graduate school; Margin of Error!!Total!!Population enrolled in college or graduate school; Estimate!!Total!!Population enrolled in college or graduate school!!Males enrolled in college or graduate school; Margin of Error!!Total!!Population enrolled in college or graduate school!!Males enrolled in college or graduate school; Estimate!!Total!!Population enrolled in college or graduate school!!Females enrolled in college or graduate school; ...",,,data/raw/acs/reference_repo/S1702_Family_Poverty_Status/ACSST5Y2022.S1401-Data.csv,csv encoding=utf-8-sig
ACSST5Y2022.S1401-Table-Notes.txt,data/raw/acs/reference_repo/S1401_School_Enrollment/ACSST5Y2022.S1401-Table-Notes.txt,txt,5.38,data/raw/acs/reference_repo/S1401_School_Enrollment,demographics,raw_source,,,,,,data/raw/acs/reference_repo/S1702_Family_Poverty_Status/ACSST5Y2022.S1401-Table-Notes.txt,documentation or metadata text file
ACSST5Y2023.S1401-Column-Metadata.csv,data/raw/acs/reference_repo/S1401_School_Enrollment/ACSST5Y2023.S1401-Column-Metadata.csv,csv,44.82,data/raw/acs/reference_repo/S1401_School_Enrollment,demographics,raw_source,409,2,GEO_ID; Geography,,,data/raw/acs/reference_repo/S1702_Family_Poverty_Status/ACSST5Y2023.S1401-Column-Metadata.csv,csv encoding=utf-8-sig
ACSST5Y2023.S1401-Data.csv,data/raw/acs/reference_repo/S1401_School_Enrollment/ACSST5Y2023.S1401-Data.csv,csv,127.45,data/raw/acs/reference_repo/S1401_School_Enrollment,demographics,raw_source,34,411,"Geography; Geographic Area Name; Estimate!!Total!!Population 3 years and over enrolled in school; Margin of Error!!Total!!Population 3 years and over enrolled in school; Estimate!!Total!!Population 3 years and over enrolled in school!!Nursery school, preschool; Margin of Error!!Total!!Population 3 years and over enrolled in school!!Nursery school, preschool; Estimate!!Total!!Population 3 years and over enrolled in school!!Kindergarten to 12th grade; Margin of Error!!Total!!Population 3 years and over enrolled in school!!Kindergarten to 12th grade; Estimate!!Total!!Population 3 years and over enrolled in school!!Kindergarten to 12th grade!!Kindergarten; Margin of Error!!Total!!Population 3 years and over enrolled in school!!Kindergarten to 12th grade!!Kindergarten; Estimate!!Total!!Population 3 years and over enrolled in school!!Kindergarten to 12th grade!!Elementary: grade 1 to grade 4; Margin of Error!!Total!!Population 3 years and over enrolled in school!!Kindergarten to 12th grade!!Elementary: grade 1 to grade 4; Estimate!!Total!!Population 3 years and over enrolled in school!!Kindergarten to 12th grade!!Elementary: grade 5 to grade 8; Margin of Error!!Total!!Population 3 years and over enrolled in school!!Kindergarten to 12th grade!!Elementary: grade 5 to grade 8; Estimate!!Total!!Population 3 years and over enrolled in school!!Kindergarten to 12th grade!!High school: grade 9 to grade 12; Margin of Error!!Total!!Population 3 years and over enrolled in school!!Kindergarten to 12th grade!!High school: grade 9 to grade 12; Estimate!!Total!!Population 3 years and over enrolled in school!!College, undergraduate; Margin of Error!!Total!!Population 3 years and over enrolled in school!!College, undergraduate; Estimate!!Total!!Population 3 years and over enrolled in school!!Graduate, professional school; Margin of Error!!Total!!Population 3 years and over enrolled in school!!Graduate, professional school; Estimate!!Total!!Population enrolled in college or graduate school; Margin of Error!!Total!!Population enrolled in college or graduate school; Estimate!!Total!!Population enrolled in college or graduate school!!Males enrolled in college or graduate school; Margin of Error!!Total!!Population enrolled in college or graduate school!!Males enrolled in college or graduate school; Estimate!!Total!!Population enrolled in college or graduate school!!Females enrolled in college or graduate school; ...",,,data/raw/acs/reference_repo/S1702_Family_Poverty_Status/ACSST5Y2023.S1401-Data.csv,csv encoding=utf-8-sig
ACSST5Y2023.S1401-Table-Notes.txt,data/raw/acs/reference_repo/S1401_School_Enrollment/ACSST5Y2023.S1401-Table-Notes.txt,txt,6.0,data/raw/acs/reference_repo/S1401_School_Enrollment,demographics,raw_source,,,,,,data/raw/acs/reference_repo/S1702_Family_Poverty_Status/ACSST5Y2023.S1401-Table-Notes.txt,documentation or metadata text file
ACSST5Y2010.S1501-Column-Metadata.csv,data/raw/acs/reference_repo/S1501_Educational_Attainment/ACSST5Y2010.S1501-Column-Metadata.csv,csv,21.51,data/raw/acs/reference_repo/S1501_Educational_Attainment,demographics,raw_source,229,2,GEO_ID; Geography,,,,csv encoding=utf-8-sig
ACSST5Y2010.S1501-Data.csv,data/raw/acs/reference_repo/S1501_Educational_Attainment/ACSST5Y2010.S1501-Data.csv,csv,70.92,data/raw/acs/reference_repo/S1501_Educational_Attainment,demographics,raw_source,32,231,Geography; Geographic Area Name; Total!!Estimate!!Population 18 to 24 years; Total!!Margin of Error!!Population 18 to 24 years; Male!!Estimate!!Population 18 to 24 years; Male!!Margin of Error!!Population 18 to 24 years; Female!!Estimate!!Population 18 to 24 years; Female!!Margin of Error!!Population 18 to 24 years; Total!!Estimate!!Less than high school graduate; Total!!Margin of Error!!Less than high school graduate; Male!!Estimate!!Less than high school graduate; Male!!Margin of Error!!Less than high school graduate; Female!!Estimate!!Less than high school graduate; Female!!Margin of Error!!Less than high school graduate; Total!!Estimate!!High school graduate (includes equivalency); Total!!Margin of Error!!High school graduate (includes equivalency); Male!!Estimate!!High school graduate (includes equivalency); Male!!Margin of Error!!High school graduate (includes equivalency); Female!!Estimate!!High school graduate (includes equivalency); Female!!Margin of Error!!High school graduate (includes equivalency); Total!!Estimate!!Some college or associate's degree; Total!!Margin of Error!!Some college or associate's degree; Male!!Estimate!!Some college or associate's degree; Male!!Margin of Error!!Some college or associate's degree; Female!!Estimate!!Some college or associate's degree; ...,,,,csv encoding=utf-8-sig
ACSST5Y2010.S1501-Table-Notes.txt,data/raw/acs/reference_repo/S1501_Educational_Attainment/ACSST5Y2010.S1501-Table-Notes.txt,txt,5.27,data/raw/acs/reference_repo/S1501_Educational_Attainment,demographics,raw_source,,,,,,,documentation or metadata text file
ACSST5Y2011.S1501-Column-Metadata.csv,data/raw/acs/reference_repo/S1501_Educational_Attainment/ACSST5Y2011.S1501-Column-Metadata.csv,csv,21.51,data/raw/acs/reference_repo/S1501_Educational_Attainment,demographics,raw_source,229,2,GEO_ID; Geography,,,,csv encoding=utf-8-sig
ACSST5Y2011.S1501-Data.csv,data/raw/acs/reference_repo/S1501_Educational_Attainment/ACSST5Y2011.S1501-Data.csv,csv,70.5,data/raw/acs/reference_repo/S1501_Educational_Attainment,demographics,raw_source,32,231,Geography; Geographic Area Name; Total!!Estimate!!Population 18 to 24 years; Total!!Margin of Error!!Population 18 to 24 years; Male!!Estimate!!Population 18 to 24 years; Male!!Margin of Error!!Population 18 to 24 years; Female!!Estimate!!Population 18 to 24 years; Female!!Margin of Error!!Population 18 to 24 years; Total!!Estimate!!Less than high school graduate; Total!!Margin of Error!!Less than high school graduate; Male!!Estimate!!Less than high school graduate; Male!!Margin of Error!!Less than high school graduate; Female!!Estimate!!Less than high school graduate; Female!!Margin of Error!!Less than high school graduate; Total!!Estimate!!High school graduate (includes equivalency); Total!!Margin of Error!!High school graduate (includes equivalency); Male!!Estimate!!High school graduate (includes equivalency); Male!!Margin of Error!!High school graduate (includes equivalency); Female!!Estimate!!High school graduate (includes equivalency); Female!!Margin of Error!!High school graduate (includes equivalency); Total!!Estimate!!Some college or associate's degree; Total!!Margin of Error!!Some college or associate's degree; Male!!Estimate!!Some college or associate's degree; Male!!Margin of Error!!Some college or associate's degree; Female!!Estimate!!Some college or associate's degree; ...,,,,csv encoding=utf-8-sig
ACSST5Y2011.S1501-Table-Notes.txt,data/raw/acs/reference_repo/S1501_Educational_Attainment/ACSST5Y2011.S1501-Table-Notes.txt,txt,5.04,data/raw/acs/reference_repo/S1501_Educational_Attainment,demographics,raw_source,,,,,,,documentation or metadata text file
ACSST5Y2012.S1501-Column-Metadata.csv,data/raw/acs/reference_repo/S1501_Educational_Attainment/ACSST5Y2012.S1501-Column-Metadata.csv,csv,21.51,data/raw/acs/reference_repo/S1501_Educational_Attainment,demographics,raw_source,229,2,GEO_ID; Geography,,,,csv encoding=utf-8-sig
ACSST5Y2012.S1501-Data.csv,data/raw/acs/reference_repo/S1501_Educational_Attainment/ACSST5Y2012.S1501-Data.csv,csv,70.54,data/raw/acs/reference_repo/S1501_Educational_Attainment,demographics,raw_source,32,231,Geography; Geographic Area Name; Total!!Estimate!!Population 18 to 24 years; Total!!Margin of Error!!Population 18 to 24 years; Male!!Estimate!!Population 18 to 24 years; Male!!Margin of Error!!Population 18 to 24 years; Female!!Estimate!!Population 18 to 24 years; Female!!Margin of Error!!Population 18 to 24 years; Total!!Estimate!!Less than high school graduate; Total!!Margin of Error!!Less than high school graduate; Male!!Estimate!!Less than high school graduate; Male!!Margin of Error!!Less than high school graduate; Female!!Estimate!!Less than high school graduate; Female!!Margin of Error!!Less than high school graduate; Total!!Estimate!!High school graduate (includes equivalency); Total!!Margin of Error!!High school graduate (includes equivalency); Male!!Estimate!!High school graduate (includes equivalency); Male!!Margin of Error!!High school graduate (includes equivalency); Female!!Estimate!!High school graduate (includes equivalency); Female!!Margin of Error!!High school graduate (includes equivalency); Total!!Estimate!!Some college or associate's degree; Total!!Margin of Error!!Some college or associate's degree; Male!!Estimate!!Some college or associate's degree; Male!!Margin of Error!!Some college or associate's degree; Female!!Estimate!!Some college or associate's degree; ...,,,,csv encoding=utf-8-sig
ACSST5Y2012.S1501-Table-Notes.txt,data/raw/acs/reference_repo/S1501_Educational_Attainment/ACSST5Y2012.S1501-Table-Notes.txt,txt,5.04,data/raw/acs/reference_repo/S1501_Educational_Attainment,demographics,raw_source,,,,,,,documentation or metadata text file
ACSST5Y2013.S1501-Column-Metadata.csv,data/raw/acs/reference_repo/S1501_Educational_Attainment/ACSST5Y2013.S1501-Column-Metadata.csv,csv,25.33,data/raw/acs/reference_repo/S1501_Educational_Attainment,demographics,raw_source,229,2,GEO_ID; Geography,,,,csv encoding=utf-8-sig
ACSST5Y2013.S1501-Data.csv,data/raw/acs/reference_repo/S1501_Educational_Attainment/ACSST5Y2013.S1501-Data.csv,csv,74.16,data/raw/acs/reference_repo/S1501_Educational_Attainment,demographics,raw_source,32,231,Geography; Geographic Area Name; Total!!Estimate!!Population 18 to 24 years; Total!!Margin of Error!!Population 18 to 24 years; Male!!Estimate!!Population 18 to 24 years; Male!!Margin of Error!!Population 18 to 24 years; Female!!Estimate!!Population 18 to 24 years; Female!!Margin of Error!!Population 18 to 24 years; Total!!Estimate!!Less than high school graduate; Total!!Margin of Error!!Less than high school graduate; Male!!Estimate!!Less than high school graduate; Male!!Margin of Error!!Less than high school graduate; Female!!Estimate!!Less than high school graduate; Female!!Margin of Error!!Less than high school graduate; Total!!Estimate!!High school graduate (includes equivalency); Total!!Margin of Error!!High school graduate (includes equivalency); Male!!Estimate!!High school graduate (includes equivalency); Male!!Margin of Error!!High school graduate (includes equivalency); Female!!Estimate!!High school graduate (includes equivalency); Female!!Margin of Error!!High school graduate (includes equivalency); Total!!Estimate!!Some college or associate's degree; Total!!Margin of Error!!Some college or associate's degree; Male!!Estimate!!Some college or associate's degree; Male!!Margin of Error!!Some college or associate's degree; Female!!Estimate!!Some college or associate's degree; ...,,,,csv encoding=utf-8-sig
ACSST5Y2013.S1501-Table-Notes.txt,data/raw/acs/reference_repo/S1501_Educational_Attainment/ACSST5Y2013.S1501-Table-Notes.txt,txt,4.98,data/raw/acs/reference_repo/S1501_Educational_Attainment,demographics,raw_source,,,,,,,documentation or metadata text file
ACSST5Y2014.S1501-Column-Metadata.csv,data/raw/acs/reference_repo/S1501_Educational_Attainment/ACSST5Y2014.S1501-Column-Metadata.csv,csv,25.33,data/raw/acs/reference_repo/S1501_Educational_Attainment,demographics,raw_source,229,2,GEO_ID; Geography,,,,csv encoding=utf-8-sig
ACSST5Y2014.S1501-Data.csv,data/raw/acs/reference_repo/S1501_Educational_Attainment/ACSST5Y2014.S1501-Data.csv,csv,74.17,data/raw/acs/reference_repo/S1501_Educational_Attainment,demographics,raw_source,32,231,Geography; Geographic Area Name; Total!!Estimate!!Population 18 to 24 years; Total!!Margin of Error!!Population 18 to 24 years; Male!!Estimate!!Population 18 to 24 years; Male!!Margin of Error!!Population 18 to 24 years; Female!!Estimate!!Population 18 to 24 years; Female!!Margin of Error!!Population 18 to 24 years; Total!!Estimate!!Less than high school graduate; Total!!Margin of Error!!Less than high school graduate; Male!!Estimate!!Less than high school graduate; Male!!Margin of Error!!Less than high school graduate; Female!!Estimate!!Less than high school graduate; Female!!Margin of Error!!Less than high school graduate; Total!!Estimate!!High school graduate (includes equivalency); Total!!Margin of Error!!High school graduate (includes equivalency); Male!!Estimate!!High school graduate (includes equivalency); Male!!Margin of Error!!High school graduate (includes equivalency); Female!!Estimate!!High school graduate (includes equivalency); Female!!Margin of Error!!High school graduate (includes equivalency); Total!!Estimate!!Some college or associate's degree; Total!!Margin of Error!!Some college or associate's degree; Male!!Estimate!!Some college or associate's degree; Male!!Margin of Error!!Some college or associate's degree; Female!!Estimate!!Some college or associate's degree; ...,,,,csv encoding=utf-8-sig
ACSST5Y2014.S1501-Table-Notes.txt,data/raw/acs/reference_repo/S1501_Educational_Attainment/ACSST5Y2014.S1501-Table-Notes.txt,txt,5.0,data/raw/acs/reference_repo/S1501_Educational_Attainment,demographics,raw_source,,,,,,,documentation or metadata text file
ACSST5Y2015.S1501-Column-Metadata.csv,data/raw/acs/reference_repo/S1501_Educational_Attainment/ACSST5Y2015.S1501-Column-Metadata.csv,csv,83.03,data/raw/acs/reference_repo/S1501_Educational_Attainment,demographics,raw_source,769,2,GEO_ID; Geography,,,,csv encoding=utf-8-sig
ACSST5Y2015.S1501-Data.csv,data/raw/acs/reference_repo/S1501_Educational_Attainment/ACSST5Y2015.S1501-Data.csv,csv,225.42,data/raw/acs/reference_repo/S1501_Educational_Attainment,demographics,raw_source,32,771,Geography; Geographic Area Name; Total!!Estimate!!Population 18 to 24 years; Total!!Margin of Error!!Population 18 to 24 years; Percent!!Estimate!!Population 18 to 24 years; Percent!!Margin of Error!!Population 18 to 24 years; Males!!Estimate!!Population 18 to 24 years; Males!!Margin of Error!!Population 18 to 24 years; Percent Males!!Estimate!!Population 18 to 24 years; Percent Males!!Margin of Error!!Population 18 to 24 years; Females!!Estimate!!Population 18 to 24 years; Females!!Margin of Error!!Population 18 to 24 years; Percent Females!!Estimate!!Population 18 to 24 years; Percent Females!!Margin of Error!!Population 18 to 24 years; Total!!Estimate!!Population 18 to 24 years!!Less than high school graduate; Total!!Margin of Error!!Population 18 to 24 years!!Less than high school graduate; Percent!!Estimate!!Population 18 to 24 years!!Less than high school graduate; Percent!!Margin of Error!!Population 18 to 24 years!!Less than high school graduate; Males!!Estimate!!Population 18 to 24 years!!Less than high school graduate; Males!!Margin of Error!!Population 18 to 24 years!!Less than high school graduate; Percent Males!!Estimate!!Population 18 to 24 years!!Less than high school graduate; Percent Males!!Margin of Error!!Population 18 to 24 years!!Less than high school graduate; Females!!Estimate!!Population 18 to 24 years!!Less than high school graduate; Females!!Margin of Error!!Population 18 to 24 years!!Less than high school graduate; Percent Females!!Estimate!!Population 18 to 24 years!!Less than high school graduate; ...,,,,csv encoding=utf-8-sig
ACSST5Y2015.S1501-Table-Notes.txt,data/raw/acs/reference_repo/S1501_Educational_Attainment/ACSST5Y2015.S1501-Table-Notes.txt,txt,5.67,data/raw/acs/reference_repo/S1501_Educational_Attainment,demographics,raw_source,,,,,,,documentation or metadata text file
ACSST5Y2016.S1501-Column-Metadata.csv,data/raw/acs/reference_repo/S1501_Educational_Attainment/ACSST5Y2016.S1501-Column-Metadata.csv,csv,83.03,data/raw/acs/reference_repo/S1501_Educational_Attainment,demographics,raw_source,769,2,GEO_ID; Geography,,,,csv encoding=utf-8-sig
ACSST5Y2016.S1501-Data.csv,data/raw/acs/reference_repo/S1501_Educational_Attainment/ACSST5Y2016.S1501-Data.csv,csv,226.34,data/raw/acs/reference_repo/S1501_Educational_Attainment,demographics,raw_source,32,771,Geography; Geographic Area Name; Total!!Estimate!!Population 18 to 24 years; Total!!Margin of Error!!Population 18 to 24 years; Percent!!Estimate!!Population 18 to 24 years; Percent!!Margin of Error!!Population 18 to 24 years; Males!!Estimate!!Population 18 to 24 years; Males!!Margin of Error!!Population 18 to 24 years; Percent Males!!Estimate!!Population 18 to 24 years; Percent Males!!Margin of Error!!Population 18 to 24 years; Females!!Estimate!!Population 18 to 24 years; Females!!Margin of Error!!Population 18 to 24 years; Percent Females!!Estimate!!Population 18 to 24 years; Percent Females!!Margin of Error!!Population 18 to 24 years; Total!!Estimate!!Population 18 to 24 years!!Less than high school graduate; Total!!Margin of Error!!Population 18 to 24 years!!Less than high school graduate; Percent!!Estimate!!Population 18 to 24 years!!Less than high school graduate; Percent!!Margin of Error!!Population 18 to 24 years!!Less than high school graduate; Males!!Estimate!!Population 18 to 24 years!!Less than high school graduate; Males!!Margin of Error!!Population 18 to 24 years!!Less than high school graduate; Percent Males!!Estimate!!Population 18 to 24 years!!Less than high school graduate; Percent Males!!Margin of Error!!Population 18 to 24 years!!Less than high school graduate; Females!!Estimate!!Population 18 to 24 years!!Less than high school graduate; Females!!Margin of Error!!Population 18 to 24 years!!Less than high school graduate; Percent Females!!Estimate!!Population 18 to 24 years!!Less than high school graduate; ...,,,,csv encoding=utf-8-sig
ACSST5Y2016.S1501-Table-Notes.txt,data/raw/acs/reference_repo/S1501_Educational_Attainment/ACSST5Y2016.S1501-Table-Notes.txt,txt,5.67,data/raw/acs/reference_repo/S1501_Educational_Attainment,demographics,raw_source,,,,,,,documentation or metadata text file
ACSST5Y2017.S1501-Column-Metadata.csv,data/raw/acs/reference_repo/S1501_Educational_Attainment/ACSST5Y2017.S1501-Column-Metadata.csv,csv,106.39,data/raw/acs/reference_repo/S1501_Educational_Attainment,demographics,raw_source,769,2,GEO_ID; Geography,,,,csv encoding=utf-8-sig
ACSST5Y2017.S1501-Data.csv,data/raw/acs/reference_repo/S1501_Educational_Attainment/ACSST5Y2017.S1501-Data.csv,csv,249.73,data/raw/acs/reference_repo/S1501_Educational_Attainment,demographics,raw_source,32,771,"Geography; Geographic Area Name; Estimate!!Total!!Population 18 to 24 years; Margin of Error!!Total MOE!!Population 18 to 24 years; Estimate!!Total!!Population 18 to 24 years!!Less than high school graduate; Margin of Error!!Total MOE!!Population 18 to 24 years!!Less than high school graduate; Estimate!!Total!!Population 18 to 24 years!!High school graduate (includes equivalency); Margin of Error!!Total MOE!!Population 18 to 24 years!!High school graduate (includes equivalency); Estimate!!Total!!Population 18 to 24 years!!Some college or associate's degree; Margin of Error!!Total MOE!!Population 18 to 24 years!!Some college or associate's degree; Estimate!!Total!!Population 18 to 24 years!!Bachelor's degree or higher; Margin of Error!!Total MOE!!Population 18 to 24 years!!Bachelor's degree or higher; Estimate!!Total!!Population 25 years and over; Margin of Error!!Total MOE!!Population 25 years and over; Estimate!!Total!!Population 25 years and over!!Less than 9th grade; Margin of Error!!Total MOE!!Population 25 years and over!!Less than 9th grade; Estimate!!Total!!Population 25 years and over!!9th to 12th grade, no diploma; Margin of Error!!Total MOE!!Population 25 years and over!!9th to 12th grade, no diploma; Estimate!!Total!!Population 25 years and over!!High school graduate (includes equivalency); Margin of Error!!Total MOE!!Population 25 years and over!!High school graduate (includes equivalency); Estimate!!Total!!Population 25 years and over!!Some college, no degree; Margin of Error!!Total MOE!!Population 25 years and over!!Some college, no degree; Estimate!!Total!!Population 25 years and over!!Associate's degree; Margin of Error!!Total MOE!!Population 25 years and over!!Associate's degree; Estimate!!Total!!Population 25 years and over!!Bachelor's degree; ...",,,,csv encoding=utf-8-sig
ACSST5Y2017.S1501-Table-Notes.txt,data/raw/acs/reference_repo/S1501_Educational_Attainment/ACSST5Y2017.S1501-Table-Notes.txt,txt,5.26,data/raw/acs/reference_repo/S1501_Educational_Attainment,demographics,raw_source,,,,,,,documentation or metadata text file
ACSST5Y2018.S1501-Column-Metadata.csv,data/raw/acs/reference_repo/S1501_Educational_Attainment/ACSST5Y2018.S1501-Column-Metadata.csv,csv,106.2,data/raw/acs/reference_repo/S1501_Educational_Attainment,demographics,raw_source,769,2,GEO_ID; Geography,,,,csv encoding=utf-8-sig
ACSST5Y2018.S1501-Data.csv,data/raw/acs/reference_repo/S1501_Educational_Attainment/ACSST5Y2018.S1501-Data.csv,csv,249.79,data/raw/acs/reference_repo/S1501_Educational_Attainment,demographics,raw_source,32,771,"Geography; Geographic Area Name; Estimate!!Total!!Population 18 to 24 years; Margin of Error!!Total MOE!!Population 18 to 24 years; Estimate!!Total!!Population 18 to 24 years!!Less than high school graduate; Margin of Error!!Total MOE!!Population 18 to 24 years!!Less than high school graduate; Estimate!!Total!!Population 18 to 24 years!!High school graduate (includes equivalency); Margin of Error!!Total MOE!!Population 18 to 24 years!!High school graduate (includes equivalency); Estimate!!Total!!Population 18 to 24 years!!Some college or associate's degree; Margin of Error!!Total MOE!!Population 18 to 24 years!!Some college or associate's degree; Estimate!!Total!!Population 18 to 24 years!!Bachelor's degree or higher; Margin of Error!!Total MOE!!Population 18 to 24 years!!Bachelor's degree or higher; Estimate!!Total!!Population 25 years and over; Margin of Error!!Total MOE!!Population 25 years and over; Estimate!!Total!!Population 25 years and over!!Less than 9th grade; Margin of Error!!Total MOE!!Population 25 years and over!!Less than 9th grade; Estimate!!Total!!Population 25 years and over!!9th to 12th grade, no diploma; Margin of Error!!Total MOE!!Population 25 years and over!!9th to 12th grade, no diploma; Estimate!!Total!!Population 25 years and over!!High school graduate (includes equivalency); Margin of Error!!Total MOE!!Population 25 years and over!!High school graduate (includes equivalency); Estimate!!Total!!Population 25 years and over!!Some college, no degree; Margin of Error!!Total MOE!!Population 25 years and over!!Some college, no degree; Estimate!!Total!!Population 25 years and over!!Associate's degree; Margin of Error!!Total MOE!!Population 25 years and over!!Associate's degree; Estimate!!Total!!Population 25 years and over!!Bachelor's degree; ...",,,,csv encoding=utf-8-sig
ACSST5Y2018.S1501-Table-Notes.txt,data/raw/acs/reference_repo/S1501_Educational_Attainment/ACSST5Y2018.S1501-Table-Notes.txt,txt,5.42,data/raw/acs/reference_repo/S1501_Educational_Attainment,demographics,raw_source,,,,,,,documentation or metadata text file
ACSST5Y2019.S1501-Column-Metadata.csv,data/raw/acs/reference_repo/S1501_Educational_Attainment/ACSST5Y2019.S1501-Column-Metadata.csv,csv,110.29,data/raw/acs/reference_repo/S1501_Educational_Attainment,demographics,raw_source,769,2,GEO_ID; Geography,,,,csv encoding=utf-8-sig
ACSST5Y2019.S1501-Data.csv,data/raw/acs/reference_repo/S1501_Educational_Attainment/ACSST5Y2019.S1501-Data.csv,csv,254.02,data/raw/acs/reference_repo/S1501_Educational_Attainment,demographics,raw_source,32,771,"Geography; Geographic Area Name; Estimate!!Total!!AGE BY EDUCATIONAL ATTAINMENT!!Population 18 to 24 years; Margin of Error!!Total!!AGE BY EDUCATIONAL ATTAINMENT!!Population 18 to 24 years; Estimate!!Total!!AGE BY EDUCATIONAL ATTAINMENT!!Population 18 to 24 years!!Less than high school graduate; Margin of Error!!Total!!AGE BY EDUCATIONAL ATTAINMENT!!Population 18 to 24 years!!Less than high school graduate; Estimate!!Total!!AGE BY EDUCATIONAL ATTAINMENT!!Population 18 to 24 years!!High school graduate (includes equivalency); Margin of Error!!Total!!AGE BY EDUCATIONAL ATTAINMENT!!Population 18 to 24 years!!High school graduate (includes equivalency); Estimate!!Total!!AGE BY EDUCATIONAL ATTAINMENT!!Population 18 to 24 years!!Some college or associate's degree; Margin of Error!!Total!!AGE BY EDUCATIONAL ATTAINMENT!!Population 18 to 24 years!!Some college or associate's degree; Estimate!!Total!!AGE BY EDUCATIONAL ATTAINMENT!!Population 18 to 24 years!!Bachelor's degree or higher; Margin of Error!!Total!!AGE BY EDUCATIONAL ATTAINMENT!!Population 18 to 24 years!!Bachelor's degree or higher; Estimate!!Total!!AGE BY EDUCATIONAL ATTAINMENT!!Population 25 years and over; Margin of Error!!Total!!AGE BY EDUCATIONAL ATTAINMENT!!Population 25 years and over; Estimate!!Total!!AGE BY EDUCATIONAL ATTAINMENT!!Population 25 years and over!!Less than 9th grade; Margin of Error!!Total!!AGE BY EDUCATIONAL ATTAINMENT!!Population 25 years and over!!Less than 9th grade; Estimate!!Total!!AGE BY EDUCATIONAL ATTAINMENT!!Population 25 years and over!!9th to 12th grade, no diploma; Margin of Error!!Total!!AGE BY EDUCATIONAL ATTAINMENT!!Population 25 years and over!!9th to 12th grade, no diploma; Estimate!!Total!!AGE BY EDUCATIONAL ATTAINMENT!!Population 25 years and over!!High school graduate (includes equivalency); Margin of Error!!Total!!AGE BY EDUCATIONAL ATTAINMENT!!Population 25 years and over!!High school graduate (includes equivalency); Estimate!!Total!!AGE BY EDUCATIONAL ATTAINMENT!!Population 25 years and over!!Some college, no degree; Margin of Error!!Total!!AGE BY EDUCATIONAL ATTAINMENT!!Population 25 years and over!!Some college, no degree; Estimate!!Total!!AGE BY EDUCATIONAL ATTAINMENT!!Population 25 years and over!!Associate's degree; Margin of Error!!Total!!AGE BY EDUCATIONAL ATTAINMENT!!Population 25 years and over!!Associate's degree; Estimate!!Total!!AGE BY EDUCATIONAL ATTAINMENT!!Population 25 years and over!!Bachelor's degree; ...",,,,csv encoding=utf-8-sig
ACSST5Y2019.S1501-Table-Notes.txt,data/raw/acs/reference_repo/S1501_Educational_Attainment/ACSST5Y2019.S1501-Table-Notes.txt,txt,5.06,data/raw/acs/reference_repo/S1501_Educational_Attainment,demographics,raw_source,,,,,,,documentation or metadata text file
ACSST5Y2020.S1501-Column-Metadata.csv,data/raw/acs/reference_repo/S1501_Educational_Attainment/ACSST5Y2020.S1501-Column-Metadata.csv,csv,110.29,data/raw/acs/reference_repo/S1501_Educational_Attainment,demographics,raw_source,769,2,GEO_ID; Geography,,,,csv encoding=utf-8-sig
ACSST5Y2020.S1501-Data.csv,data/raw/acs/reference_repo/S1501_Educational_Attainment/ACSST5Y2020.S1501-Data.csv,csv,262.95,data/raw/acs/reference_repo/S1501_Educational_Attainment,demographics,raw_source,34,771,"Geography; Geographic Area Name; Estimate!!Total!!AGE BY EDUCATIONAL ATTAINMENT!!Population 18 to 24 years; Margin of Error!!Total!!AGE BY EDUCATIONAL ATTAINMENT!!Population 18 to 24 years; Estimate!!Total!!AGE BY EDUCATIONAL ATTAINMENT!!Population 18 to 24 years!!Less than high school graduate; Margin of Error!!Total!!AGE BY EDUCATIONAL ATTAINMENT!!Population 18 to 24 years!!Less than high school graduate; Estimate!!Total!!AGE BY EDUCATIONAL ATTAINMENT!!Population 18 to 24 years!!High school graduate (includes equivalency); Margin of Error!!Total!!AGE BY EDUCATIONAL ATTAINMENT!!Population 18 to 24 years!!High school graduate (includes equivalency); Estimate!!Total!!AGE BY EDUCATIONAL ATTAINMENT!!Population 18 to 24 years!!Some college or associate's degree; Margin of Error!!Total!!AGE BY EDUCATIONAL ATTAINMENT!!Population 18 to 24 years!!Some college or associate's degree; Estimate!!Total!!AGE BY EDUCATIONAL ATTAINMENT!!Population 18 to 24 years!!Bachelor's degree or higher; Margin of Error!!Total!!AGE BY EDUCATIONAL ATTAINMENT!!Population 18 to 24 years!!Bachelor's degree or higher; Estimate!!Total!!AGE BY EDUCATIONAL ATTAINMENT!!Population 25 years and over; Margin of Error!!Total!!AGE BY EDUCATIONAL ATTAINMENT!!Population 25 years and over; Estimate!!Total!!AGE BY EDUCATIONAL ATTAINMENT!!Population 25 years and over!!Less than 9th grade; Margin of Error!!Total!!AGE BY EDUCATIONAL ATTAINMENT!!Population 25 years and over!!Less than 9th grade; Estimate!!Total!!AGE BY EDUCATIONAL ATTAINMENT!!Population 25 years and over!!9th to 12th grade, no diploma; Margin of Error!!Total!!AGE BY EDUCATIONAL ATTAINMENT!!Population 25 years and over!!9th to 12th grade, no diploma; Estimate!!Total!!AGE BY EDUCATIONAL ATTAINMENT!!Population 25 years and over!!High school graduate (includes equivalency); Margin of Error!!Total!!AGE BY EDUCATIONAL ATTAINMENT!!Population 25 years and over!!High school graduate (includes equivalency); Estimate!!Total!!AGE BY EDUCATIONAL ATTAINMENT!!Population 25 years and over!!Some college, no degree; Margin of Error!!Total!!AGE BY EDUCATIONAL ATTAINMENT!!Population 25 years and over!!Some college, no degree; Estimate!!Total!!AGE BY EDUCATIONAL ATTAINMENT!!Population 25 years and over!!Associate's degree; Margin of Error!!Total!!AGE BY EDUCATIONAL ATTAINMENT!!Population 25 years and over!!Associate's degree; Estimate!!Total!!AGE BY EDUCATIONAL ATTAINMENT!!Population 25 years and over!!Bachelor's degree; ...",,,,csv encoding=utf-8-sig
ACSST5Y2020.S1501-Table-Notes.txt,data/raw/acs/reference_repo/S1501_Educational_Attainment/ACSST5Y2020.S1501-Table-Notes.txt,txt,5.09,data/raw/acs/reference_repo/S1501_Educational_Attainment,demographics,raw_source,,,,,,,documentation or metadata text file
ACSST5Y2021.S1501-Column-Metadata.csv,data/raw/acs/reference_repo/S1501_Educational_Attainment/ACSST5Y2021.S1501-Column-Metadata.csv,csv,110.29,data/raw/acs/reference_repo/S1501_Educational_Attainment,demographics,raw_source,769,2,GEO_ID; Geography,,,,csv encoding=utf-8-sig
ACSST5Y2021.S1501-Data.csv,data/raw/acs/reference_repo/S1501_Educational_Attainment/ACSST5Y2021.S1501-Data.csv,csv,262.79,data/raw/acs/reference_repo/S1501_Educational_Attainment,demographics,raw_source,34,771,"Geography; Geographic Area Name; Estimate!!Total!!AGE BY EDUCATIONAL ATTAINMENT!!Population 18 to 24 years; Margin of Error!!Total!!AGE BY EDUCATIONAL ATTAINMENT!!Population 18 to 24 years; Estimate!!Total!!AGE BY EDUCATIONAL ATTAINMENT!!Population 18 to 24 years!!Less than high school graduate; Margin of Error!!Total!!AGE BY EDUCATIONAL ATTAINMENT!!Population 18 to 24 years!!Less than high school graduate; Estimate!!Total!!AGE BY EDUCATIONAL ATTAINMENT!!Population 18 to 24 years!!High school graduate (includes equivalency); Margin of Error!!Total!!AGE BY EDUCATIONAL ATTAINMENT!!Population 18 to 24 years!!High school graduate (includes equivalency); Estimate!!Total!!AGE BY EDUCATIONAL ATTAINMENT!!Population 18 to 24 years!!Some college or associate's degree; Margin of Error!!Total!!AGE BY EDUCATIONAL ATTAINMENT!!Population 18 to 24 years!!Some college or associate's degree; Estimate!!Total!!AGE BY EDUCATIONAL ATTAINMENT!!Population 18 to 24 years!!Bachelor's degree or higher; Margin of Error!!Total!!AGE BY EDUCATIONAL ATTAINMENT!!Population 18 to 24 years!!Bachelor's degree or higher; Estimate!!Total!!AGE BY EDUCATIONAL ATTAINMENT!!Population 25 years and over; Margin of Error!!Total!!AGE BY EDUCATIONAL ATTAINMENT!!Population 25 years and over; Estimate!!Total!!AGE BY EDUCATIONAL ATTAINMENT!!Population 25 years and over!!Less than 9th grade; Margin of Error!!Total!!AGE BY EDUCATIONAL ATTAINMENT!!Population 25 years and over!!Less than 9th grade; Estimate!!Total!!AGE BY EDUCATIONAL ATTAINMENT!!Population 25 years and over!!9th to 12th grade, no diploma; Margin of Error!!Total!!AGE BY EDUCATIONAL ATTAINMENT!!Population 25 years and over!!9th to 12th grade, no diploma; Estimate!!Total!!AGE BY EDUCATIONAL ATTAINMENT!!Population 25 years and over!!High school graduate (includes equivalency); Margin of Error!!Total!!AGE BY EDUCATIONAL ATTAINMENT!!Population 25 years and over!!High school graduate (includes equivalency); Estimate!!Total!!AGE BY EDUCATIONAL ATTAINMENT!!Population 25 years and over!!Some college, no degree; Margin of Error!!Total!!AGE BY EDUCATIONAL ATTAINMENT!!Population 25 years and over!!Some college, no degree; Estimate!!Total!!AGE BY EDUCATIONAL ATTAINMENT!!Population 25 years and over!!Associate's degree; Margin of Error!!Total!!AGE BY EDUCATIONAL ATTAINMENT!!Population 25 years and over!!Associate's degree; Estimate!!Total!!AGE BY EDUCATIONAL ATTAINMENT!!Population 25 years and over!!Bachelor's degree; ...",,,,csv encoding=utf-8-sig
ACSST5Y2021.S1501-Table-Notes.txt,data/raw/acs/reference_repo/S1501_Educational_Attainment/ACSST5Y2021.S1501-Table-Notes.txt,txt,5.07,data/raw/acs/reference_repo/S1501_Educational_Attainment,demographics,raw_source,,,,,,,documentation or metadata text file
ACSST5Y2022.S1501-Column-Metadata.csv,data/raw/acs/reference_repo/S1501_Educational_Attainment/ACSST5Y2022.S1501-Column-Metadata.csv,csv,110.29,data/raw/acs/reference_repo/S1501_Educational_Attainment,demographics,raw_source,769,2,GEO_ID; Geography,,,,csv encoding=utf-8-sig
ACSST5Y2022.S1501-Data.csv,data/raw/acs/reference_repo/S1501_Educational_Attainment/ACSST5Y2022.S1501-Data.csv,csv,263.19,data/raw/acs/reference_repo/S1501_Educational_Attainment,demographics,raw_source,34,771,"Geography; Geographic Area Name; Estimate!!Total!!AGE BY EDUCATIONAL ATTAINMENT!!Population 18 to 24 years; Margin of Error!!Total!!AGE BY EDUCATIONAL ATTAINMENT!!Population 18 to 24 years; Estimate!!Total!!AGE BY EDUCATIONAL ATTAINMENT!!Population 18 to 24 years!!Less than high school graduate; Margin of Error!!Total!!AGE BY EDUCATIONAL ATTAINMENT!!Population 18 to 24 years!!Less than high school graduate; Estimate!!Total!!AGE BY EDUCATIONAL ATTAINMENT!!Population 18 to 24 years!!High school graduate (includes equivalency); Margin of Error!!Total!!AGE BY EDUCATIONAL ATTAINMENT!!Population 18 to 24 years!!High school graduate (includes equivalency); Estimate!!Total!!AGE BY EDUCATIONAL ATTAINMENT!!Population 18 to 24 years!!Some college or associate's degree; Margin of Error!!Total!!AGE BY EDUCATIONAL ATTAINMENT!!Population 18 to 24 years!!Some college or associate's degree; Estimate!!Total!!AGE BY EDUCATIONAL ATTAINMENT!!Population 18 to 24 years!!Bachelor's degree or higher; Margin of Error!!Total!!AGE BY EDUCATIONAL ATTAINMENT!!Population 18 to 24 years!!Bachelor's degree or higher; Estimate!!Total!!AGE BY EDUCATIONAL ATTAINMENT!!Population 25 years and over; Margin of Error!!Total!!AGE BY EDUCATIONAL ATTAINMENT!!Population 25 years and over; Estimate!!Total!!AGE BY EDUCATIONAL ATTAINMENT!!Population 25 years and over!!Less than 9th grade; Margin of Error!!Total!!AGE BY EDUCATIONAL ATTAINMENT!!Population 25 years and over!!Less than 9th grade; Estimate!!Total!!AGE BY EDUCATIONAL ATTAINMENT!!Population 25 years and over!!9th to 12th grade, no diploma; Margin of Error!!Total!!AGE BY EDUCATIONAL ATTAINMENT!!Population 25 years and over!!9th to 12th grade, no diploma; Estimate!!Total!!AGE BY EDUCATIONAL ATTAINMENT!!Population 25 years and over!!High school graduate (includes equivalency); Margin of Error!!Total!!AGE BY EDUCATIONAL ATTAINMENT!!Population 25 years and over!!High school graduate (includes equivalency); Estimate!!Total!!AGE BY EDUCATIONAL ATTAINMENT!!Population 25 years and over!!Some college, no degree; Margin of Error!!Total!!AGE BY EDUCATIONAL ATTAINMENT!!Population 25 years and over!!Some college, no degree; Estimate!!Total!!AGE BY EDUCATIONAL ATTAINMENT!!Population 25 years and over!!Associate's degree; Margin of Error!!Total!!AGE BY EDUCATIONAL ATTAINMENT!!Population 25 years and over!!Associate's degree; Estimate!!Total!!AGE BY EDUCATIONAL ATTAINMENT!!Population 25 years and over!!Bachelor's degree; ...",,,,csv encoding=utf-8-sig
ACSST5Y2022.S1501-Table-Notes.txt,data/raw/acs/reference_repo/S1501_Educational_Attainment/ACSST5Y2022.S1501-Table-Notes.txt,txt,5.38,data/raw/acs/reference_repo/S1501_Educational_Attainment,demographics,raw_source,,,,,,,documentation or metadata text file
ACSST5Y2023.S1501-Column-Metadata.csv,data/raw/acs/reference_repo/S1501_Educational_Attainment/ACSST5Y2023.S1501-Column-Metadata.csv,csv,110.29,data/raw/acs/reference_repo/S1501_Educational_Attainment,demographics,raw_source,769,2,GEO_ID; Geography,,,,csv encoding=utf-8-sig
ACSST5Y2023.S1501-Data.csv,data/raw/acs/reference_repo/S1501_Educational_Attainment/ACSST5Y2023.S1501-Data.csv,csv,263.53,data/raw/acs/reference_repo/S1501_Educational_Attainment,demographics,raw_source,34,771,"Geography; Geographic Area Name; Estimate!!Total!!AGE BY EDUCATIONAL ATTAINMENT!!Population 18 to 24 years; Margin of Error!!Total!!AGE BY EDUCATIONAL ATTAINMENT!!Population 18 to 24 years; Estimate!!Total!!AGE BY EDUCATIONAL ATTAINMENT!!Population 18 to 24 years!!Less than high school graduate; Margin of Error!!Total!!AGE BY EDUCATIONAL ATTAINMENT!!Population 18 to 24 years!!Less than high school graduate; Estimate!!Total!!AGE BY EDUCATIONAL ATTAINMENT!!Population 18 to 24 years!!High school graduate (includes equivalency); Margin of Error!!Total!!AGE BY EDUCATIONAL ATTAINMENT!!Population 18 to 24 years!!High school graduate (includes equivalency); Estimate!!Total!!AGE BY EDUCATIONAL ATTAINMENT!!Population 18 to 24 years!!Some college or associate's degree; Margin of Error!!Total!!AGE BY EDUCATIONAL ATTAINMENT!!Population 18 to 24 years!!Some college or associate's degree; Estimate!!Total!!AGE BY EDUCATIONAL ATTAINMENT!!Population 18 to 24 years!!Bachelor's degree or higher; Margin of Error!!Total!!AGE BY EDUCATIONAL ATTAINMENT!!Population 18 to 24 years!!Bachelor's degree or higher; Estimate!!Total!!AGE BY EDUCATIONAL ATTAINMENT!!Population 25 years and over; Margin of Error!!Total!!AGE BY EDUCATIONAL ATTAINMENT!!Population 25 years and over; Estimate!!Total!!AGE BY EDUCATIONAL ATTAINMENT!!Population 25 years and over!!Less than 9th grade; Margin of Error!!Total!!AGE BY EDUCATIONAL ATTAINMENT!!Population 25 years and over!!Less than 9th grade; Estimate!!Total!!AGE BY EDUCATIONAL ATTAINMENT!!Population 25 years and over!!9th to 12th grade, no diploma; Margin of Error!!Total!!AGE BY EDUCATIONAL ATTAINMENT!!Population 25 years and over!!9th to 12th grade, no diploma; Estimate!!Total!!AGE BY EDUCATIONAL ATTAINMENT!!Population 25 years and over!!High school graduate (includes equivalency); Margin of Error!!Total!!AGE BY EDUCATIONAL ATTAINMENT!!Population 25 years and over!!High school graduate (includes equivalency); Estimate!!Total!!AGE BY EDUCATIONAL ATTAINMENT!!Population 25 years and over!!Some college, no degree; Margin of Error!!Total!!AGE BY EDUCATIONAL ATTAINMENT!!Population 25 years and over!!Some college, no degree; Estimate!!Total!!AGE BY EDUCATIONAL ATTAINMENT!!Population 25 years and over!!Associate's degree; Margin of Error!!Total!!AGE BY EDUCATIONAL ATTAINMENT!!Population 25 years and over!!Associate's degree; Estimate!!Total!!AGE BY EDUCATIONAL ATTAINMENT!!Population 25 years and over!!Bachelor's degree; ...",,,,csv encoding=utf-8-sig
ACSST5Y2023.S1501-Table-Notes.txt,data/raw/acs/reference_repo/S1501_Educational_Attainment/ACSST5Y2023.S1501-Table-Notes.txt,txt,6.0,data/raw/acs/reference_repo/S1501_Educational_Attainment,demographics,raw_source,,,,,,,documentation or metadata text file
ACSST5Y2012.S1701-Column-Metadata.csv,data/raw/acs/reference_repo/S1701_Poverty_Status/ACSST5Y2012.S1701-Column-Metadata.csv,csv,26.45,data/raw/acs/reference_repo/S1701_Poverty_Status,demographics,raw_source,277,2,GEO_ID; Geography,,,,csv encoding=utf-8-sig
ACSST5Y2012.S1701-Data.csv,data/raw/acs/reference_repo/S1701_Poverty_Status/ACSST5Y2012.S1701-Data.csv,csv,79.72,data/raw/acs/reference_repo/S1701_Poverty_Status,demographics,raw_source,32,279,Geography; Geographic Area Name; Total!!Estimate!!Population for whom poverty status is determined; Total!!Margin of Error!!Population for whom poverty status is determined; Below poverty level!!Estimate!!Population for whom poverty status is determined; Below poverty level!!Margin of Error!!Population for whom poverty status is determined; Percent below poverty level!!Estimate!!Population for whom poverty status is determined; Percent below poverty level!!Margin of Error!!Population for whom poverty status is determined; Total!!Estimate!!AGE!!Under 18 years; Total!!Margin of Error!!AGE!!Under 18 years; Below poverty level!!Estimate!!AGE!!Under 18 years; Below poverty level!!Margin of Error!!AGE!!Under 18 years; Percent below poverty level!!Estimate!!AGE!!Under 18 years; Percent below poverty level!!Margin of Error!!AGE!!Under 18 years; Total!!Estimate!!AGE!!Under 18 years!!Related children under 18 years; Total!!Margin of Error!!AGE!!Under 18 years!!Related children under 18 years; Below poverty level!!Estimate!!AGE!!Under 18 years!!Related children under 18 years; Below poverty level!!Margin of Error!!AGE!!Under 18 years!!Related children under 18 years; Percent below poverty level!!Estimate!!AGE!!Under 18 years!!Related children under 18 years; Percent below poverty level!!Margin of Error!!AGE!!Under 18 years!!Related children under 18 years; Total!!Estimate!!AGE!!18 to 64 years; Total!!Margin of Error!!AGE!!18 to 64 years; Below poverty level!!Estimate!!AGE!!18 to 64 years; Below poverty level!!Margin of Error!!AGE!!18 to 64 years; Percent below poverty level!!Estimate!!AGE!!18 to 64 years; ...,,,,csv encoding=utf-8-sig
ACSST5Y2012.S1701-Table-Notes.txt,data/raw/acs/reference_repo/S1701_Poverty_Status/ACSST5Y2012.S1701-Table-Notes.txt,txt,5.04,data/raw/acs/reference_repo/S1701_Poverty_Status,demographics,raw_source,,,,,,,documentation or metadata text file
ACSST5Y2013.S1701-Column-Metadata.csv,data/raw/acs/reference_repo/S1701_Poverty_Status/ACSST5Y2013.S1701-Column-Metadata.csv,csv,29.8,data/raw/acs/reference_repo/S1701_Poverty_Status,demographics,raw_source,277,2,GEO_ID; Geography,,,,csv encoding=utf-8-sig
ACSST5Y2013.S1701-Data.csv,data/raw/acs/reference_repo/S1701_Poverty_Status/ACSST5Y2013.S1701-Data.csv,csv,82.98,data/raw/acs/reference_repo/S1701_Poverty_Status,demographics,raw_source,32,279,Geography; Geographic Area Name; Total!!Estimate!!Population for whom poverty status is determined; Total!!Margin of Error!!Population for whom poverty status is determined; Below poverty level!!Estimate!!Population for whom poverty status is determined; Below poverty level!!Margin of Error!!Population for whom poverty status is determined; Percent below poverty level!!Estimate!!Population for whom poverty status is determined; Percent below poverty level!!Margin of Error!!Population for whom poverty status is determined; Total!!Estimate!!AGE!!Under 18 years; Total!!Margin of Error!!AGE!!Under 18 years; Below poverty level!!Estimate!!AGE!!Under 18 years; Below poverty level!!Margin of Error!!AGE!!Under 18 years; Percent below poverty level!!Estimate!!AGE!!Under 18 years; Percent below poverty level!!Margin of Error!!AGE!!Under 18 years; Total!!Estimate!!AGE!!Under 18 years!!Related children under 18 years; Total!!Margin of Error!!AGE!!Under 18 years!!Related children under 18 years; Below poverty level!!Estimate!!AGE!!Under 18 years!!Related children under 18 years; Below poverty level!!Margin of Error!!AGE!!Under 18 years!!Related children under 18 years; Percent below poverty level!!Estimate!!AGE!!Under 18 years!!Related children under 18 years; Percent below poverty level!!Margin of Error!!AGE!!Under 18 years!!Related children under 18 years; Total!!Estimate!!AGE!!18 to 64 years; Total!!Margin of Error!!AGE!!18 to 64 years; Below poverty level!!Estimate!!AGE!!18 to 64 years; Below poverty level!!Margin of Error!!AGE!!18 to 64 years; Percent below poverty level!!Estimate!!AGE!!18 to 64 years; ...,,,,csv encoding=utf-8-sig
ACSST5Y2013.S1701-Table-Notes.txt,data/raw/acs/reference_repo/S1701_Poverty_Status/ACSST5Y2013.S1701-Table-Notes.txt,txt,4.98,data/raw/acs/reference_repo/S1701_Poverty_Status,demographics,raw_source,,,,,,,documentation or metadata text file
ACSST5Y2014.S1701-Column-Metadata.csv,data/raw/acs/reference_repo/S1701_Poverty_Status/ACSST5Y2014.S1701-Column-Metadata.csv,csv,29.8,data/raw/acs/reference_repo/S1701_Poverty_Status,demographics,raw_source,277,2,GEO_ID; Geography,,,,csv encoding=utf-8-sig
ACSST5Y2014.S1701-Data.csv,data/raw/acs/reference_repo/S1701_Poverty_Status/ACSST5Y2014.S1701-Data.csv,csv,82.9,data/raw/acs/reference_repo/S1701_Poverty_Status,demographics,raw_source,32,279,Geography; Geographic Area Name; Total!!Estimate!!Population for whom poverty status is determined; Total!!Margin of Error!!Population for whom poverty status is determined; Below poverty level!!Estimate!!Population for whom poverty status is determined; Below poverty level!!Margin of Error!!Population for whom poverty status is determined; Percent below poverty level!!Estimate!!Population for whom poverty status is determined; Percent below poverty level!!Margin of Error!!Population for whom poverty status is determined; Total!!Estimate!!AGE!!Under 18 years; Total!!Margin of Error!!AGE!!Under 18 years; Below poverty level!!Estimate!!AGE!!Under 18 years; Below poverty level!!Margin of Error!!AGE!!Under 18 years; Percent below poverty level!!Estimate!!AGE!!Under 18 years; Percent below poverty level!!Margin of Error!!AGE!!Under 18 years; Total!!Estimate!!AGE!!Under 18 years!!Related children under 18 years; Total!!Margin of Error!!AGE!!Under 18 years!!Related children under 18 years; Below poverty level!!Estimate!!AGE!!Under 18 years!!Related children under 18 years; Below poverty level!!Margin of Error!!AGE!!Under 18 years!!Related children under 18 years; Percent below poverty level!!Estimate!!AGE!!Under 18 years!!Related children under 18 years; Percent below poverty level!!Margin of Error!!AGE!!Under 18 years!!Related children under 18 years; Total!!Estimate!!AGE!!18 to 64 years; Total!!Margin of Error!!AGE!!18 to 64 years; Below poverty level!!Estimate!!AGE!!18 to 64 years; Below poverty level!!Margin of Error!!AGE!!18 to 64 years; Percent below poverty level!!Estimate!!AGE!!18 to 64 years; ...,,,,csv encoding=utf-8-sig
ACSST5Y2014.S1701-Table-Notes.txt,data/raw/acs/reference_repo/S1701_Poverty_Status/ACSST5Y2014.S1701-Table-Notes.txt,txt,5.0,data/raw/acs/reference_repo/S1701_Poverty_Status,demographics,raw_source,,,,,,,documentation or metadata text file
ACSST5Y2015.S1701-Column-Metadata.csv,data/raw/acs/reference_repo/S1701_Poverty_Status/ACSST5Y2015.S1701-Column-Metadata.csv,csv,38.4,data/raw/acs/reference_repo/S1701_Poverty_Status,demographics,raw_source,367,2,GEO_ID; Geography,,,,csv encoding=utf-8-sig
ACSST5Y2015.S1701-Data.csv,data/raw/acs/reference_repo/S1701_Poverty_Status/ACSST5Y2015.S1701-Data.csv,csv,107.35,data/raw/acs/reference_repo/S1701_Poverty_Status,demographics,raw_source,32,369,Geography; Geographic Area Name; Total!!Estimate!!Population for whom poverty status is determined; Total!!Margin of Error!!Population for whom poverty status is determined; Below poverty level!!Estimate!!Population for whom poverty status is determined; Below poverty level!!Margin of Error!!Population for whom poverty status is determined; Percent below poverty level!!Estimate!!Population for whom poverty status is determined; Percent below poverty level!!Margin of Error!!Population for whom poverty status is determined; Total!!Estimate!!AGE!!Under 18 years; Total!!Margin of Error!!AGE!!Under 18 years; Below poverty level!!Estimate!!AGE!!Under 18 years; Below poverty level!!Margin of Error!!AGE!!Under 18 years; Percent below poverty level!!Estimate!!AGE!!Under 18 years; Percent below poverty level!!Margin of Error!!AGE!!Under 18 years; Total!!Estimate!!AGE!!Under 18 years!!Under 5 years; Total!!Margin of Error!!AGE!!Under 18 years!!Under 5 years; Below poverty level!!Estimate!!AGE!!Under 18 years!!Under 5 years; Below poverty level!!Margin of Error!!AGE!!Under 18 years!!Under 5 years; Percent below poverty level!!Estimate!!AGE!!Under 18 years!!Under 5 years; Percent below poverty level!!Margin of Error!!AGE!!Under 18 years!!Under 5 years; Total!!Estimate!!AGE!!Under 18 years!!5 to 17 years; Total!!Margin of Error!!AGE!!Under 18 years!!5 to 17 years; Below poverty level!!Estimate!!AGE!!Under 18 years!!5 to 17 years; Below poverty level!!Margin of Error!!AGE!!Under 18 years!!5 to 17 years; Percent below poverty level!!Estimate!!AGE!!Under 18 years!!5 to 17 years; ...,,,,csv encoding=utf-8-sig
ACSST5Y2015.S1701-Table-Notes.txt,data/raw/acs/reference_repo/S1701_Poverty_Status/ACSST5Y2015.S1701-Table-Notes.txt,txt,5.21,data/raw/acs/reference_repo/S1701_Poverty_Status,demographics,raw_source,,,,,,,documentation or metadata text file
ACSST5Y2016.S1701-Column-Metadata.csv,data/raw/acs/reference_repo/S1701_Poverty_Status/ACSST5Y2016.S1701-Column-Metadata.csv,csv,38.4,data/raw/acs/reference_repo/S1701_Poverty_Status,demographics,raw_source,367,2,GEO_ID; Geography,,,,csv encoding=utf-8-sig
ACSST5Y2016.S1701-Data.csv,data/raw/acs/reference_repo/S1701_Poverty_Status/ACSST5Y2016.S1701-Data.csv,csv,107.42,data/raw/acs/reference_repo/S1701_Poverty_Status,demographics,raw_source,32,369,Geography; Geographic Area Name; Total!!Estimate!!Population for whom poverty status is determined; Total!!Margin of Error!!Population for whom poverty status is determined; Below poverty level!!Estimate!!Population for whom poverty status is determined; Below poverty level!!Margin of Error!!Population for whom poverty status is determined; Percent below poverty level!!Estimate!!Population for whom poverty status is determined; Percent below poverty level!!Margin of Error!!Population for whom poverty status is determined; Total!!Estimate!!AGE!!Under 18 years; Total!!Margin of Error!!AGE!!Under 18 years; Below poverty level!!Estimate!!AGE!!Under 18 years; Below poverty level!!Margin of Error!!AGE!!Under 18 years; Percent below poverty level!!Estimate!!AGE!!Under 18 years; Percent below poverty level!!Margin of Error!!AGE!!Under 18 years; Total!!Estimate!!AGE!!Under 18 years!!Under 5 years; Total!!Margin of Error!!AGE!!Under 18 years!!Under 5 years; Below poverty level!!Estimate!!AGE!!Under 18 years!!Under 5 years; Below poverty level!!Margin of Error!!AGE!!Under 18 years!!Under 5 years; Percent below poverty level!!Estimate!!AGE!!Under 18 years!!Under 5 years; Percent below poverty level!!Margin of Error!!AGE!!Under 18 years!!Under 5 years; Total!!Estimate!!AGE!!Under 18 years!!5 to 17 years; Total!!Margin of Error!!AGE!!Under 18 years!!5 to 17 years; Below poverty level!!Estimate!!AGE!!Under 18 years!!5 to 17 years; Below poverty level!!Margin of Error!!AGE!!Under 18 years!!5 to 17 years; Percent below poverty level!!Estimate!!AGE!!Under 18 years!!5 to 17 years; ...,,,,csv encoding=utf-8-sig
ACSST5Y2016.S1701-Table-Notes.txt,data/raw/acs/reference_repo/S1701_Poverty_Status/ACSST5Y2016.S1701-Table-Notes.txt,txt,5.2,data/raw/acs/reference_repo/S1701_Poverty_Status,demographics,raw_source,,,,,,,documentation or metadata text file
ACSST5Y2017.S1701-Column-Metadata.csv,data/raw/acs/reference_repo/S1701_Poverty_Status/ACSST5Y2017.S1701-Column-Metadata.csv,csv,57.07,data/raw/acs/reference_repo/S1701_Poverty_Status,demographics,raw_source,367,2,GEO_ID; Geography,,,,csv encoding=utf-8-sig
ACSST5Y2017.S1701-Data.csv,data/raw/acs/reference_repo/S1701_Poverty_Status/ACSST5Y2017.S1701-Data.csv,csv,126.19,data/raw/acs/reference_repo/S1701_Poverty_Status,demographics,raw_source,32,369,Geography; Geographic Area Name; Estimate!!Total!!Population for whom poverty status is determined; Margin of Error!!Total MOE!!Population for whom poverty status is determined; Estimate!!Total!!Population for whom poverty status is determined!!AGE!!Under 18 years; Margin of Error!!Total MOE!!Population for whom poverty status is determined!!AGE!!Under 18 years; Estimate!!Total!!Population for whom poverty status is determined!!AGE!!Under 18 years!!Under 5 years; Margin of Error!!Total MOE!!Population for whom poverty status is determined!!AGE!!Under 18 years!!Under 5 years; Estimate!!Total!!Population for whom poverty status is determined!!AGE!!Under 18 years!!5 to 17 years; Margin of Error!!Total MOE!!Population for whom poverty status is determined!!AGE!!Under 18 years!!5 to 17 years; Estimate!!Total!!Population for whom poverty status is determined!!AGE!!Under 18 years!!Related children of householder under 18 years; Margin of Error!!Total MOE!!Population for whom poverty status is determined!!AGE!!Under 18 years!!Related children of householder under 18 years; Estimate!!Total!!Population for whom poverty status is determined!!AGE!!18 to 64 years; Margin of Error!!Total MOE!!Population for whom poverty status is determined!!AGE!!18 to 64 years; Estimate!!Total!!Population for whom poverty status is determined!!AGE!!18 to 64 years!!18 to 34 years; Margin of Error!!Total MOE!!Population for whom poverty status is determined!!AGE!!18 to 64 years!!18 to 34 years; Estimate!!Total!!Population for whom poverty status is determined!!AGE!!18 to 64 years!!35 to 64 years; Margin of Error!!Total MOE!!Population for whom poverty status is determined!!AGE!!18 to 64 years!!35 to 64 years; Estimate!!Total!!Population for whom poverty status is determined!!AGE!!60 years and over; Margin of Error!!Total MOE!!Population for whom poverty status is determined!!AGE!!60 years and over; Estimate!!Total!!Population for whom poverty status is determined!!AGE!!65 years and over; Margin of Error!!Total MOE!!Population for whom poverty status is determined!!AGE!!65 years and over; Estimate!!Total!!Population for whom poverty status is determined!!SEX!!Male; Margin of Error!!Total MOE!!Population for whom poverty status is determined!!SEX!!Male; Estimate!!Total!!Population for whom poverty status is determined!!SEX!!Female; ...,,,,csv encoding=utf-8-sig
ACSST5Y2017.S1701-Table-Notes.txt,data/raw/acs/reference_repo/S1701_Poverty_Status/ACSST5Y2017.S1701-Table-Notes.txt,txt,5.26,data/raw/acs/reference_repo/S1701_Poverty_Status,demographics,raw_source,,,,,,,documentation or metadata text file
ACSST5Y2018.S1701-Column-Metadata.csv,data/raw/acs/reference_repo/S1701_Poverty_Status/ACSST5Y2018.S1701-Column-Metadata.csv,csv,57.07,data/raw/acs/reference_repo/S1701_Poverty_Status,demographics,raw_source,367,2,GEO_ID; Geography,,,,csv encoding=utf-8-sig
ACSST5Y2018.S1701-Data.csv,data/raw/acs/reference_repo/S1701_Poverty_Status/ACSST5Y2018.S1701-Data.csv,csv,126.3,data/raw/acs/reference_repo/S1701_Poverty_Status,demographics,raw_source,32,369,Geography; Geographic Area Name; Estimate!!Total!!Population for whom poverty status is determined; Margin of Error!!Total MOE!!Population for whom poverty status is determined; Estimate!!Total!!Population for whom poverty status is determined!!AGE!!Under 18 years; Margin of Error!!Total MOE!!Population for whom poverty status is determined!!AGE!!Under 18 years; Estimate!!Total!!Population for whom poverty status is determined!!AGE!!Under 18 years!!Under 5 years; Margin of Error!!Total MOE!!Population for whom poverty status is determined!!AGE!!Under 18 years!!Under 5 years; Estimate!!Total!!Population for whom poverty status is determined!!AGE!!Under 18 years!!5 to 17 years; Margin of Error!!Total MOE!!Population for whom poverty status is determined!!AGE!!Under 18 years!!5 to 17 years; Estimate!!Total!!Population for whom poverty status is determined!!AGE!!Under 18 years!!Related children of householder under 18 years; Margin of Error!!Total MOE!!Population for whom poverty status is determined!!AGE!!Under 18 years!!Related children of householder under 18 years; Estimate!!Total!!Population for whom poverty status is determined!!AGE!!18 to 64 years; Margin of Error!!Total MOE!!Population for whom poverty status is determined!!AGE!!18 to 64 years; Estimate!!Total!!Population for whom poverty status is determined!!AGE!!18 to 64 years!!18 to 34 years; Margin of Error!!Total MOE!!Population for whom poverty status is determined!!AGE!!18 to 64 years!!18 to 34 years; Estimate!!Total!!Population for whom poverty status is determined!!AGE!!18 to 64 years!!35 to 64 years; Margin of Error!!Total MOE!!Population for whom poverty status is determined!!AGE!!18 to 64 years!!35 to 64 years; Estimate!!Total!!Population for whom poverty status is determined!!AGE!!60 years and over; Margin of Error!!Total MOE!!Population for whom poverty status is determined!!AGE!!60 years and over; Estimate!!Total!!Population for whom poverty status is determined!!AGE!!65 years and over; Margin of Error!!Total MOE!!Population for whom poverty status is determined!!AGE!!65 years and over; Estimate!!Total!!Population for whom poverty status is determined!!SEX!!Male; Margin of Error!!Total MOE!!Population for whom poverty status is determined!!SEX!!Male; Estimate!!Total!!Population for whom poverty status is determined!!SEX!!Female; ...,,,,csv encoding=utf-8-sig
ACSST5Y2018.S1701-Table-Notes.txt,data/raw/acs/reference_repo/S1701_Poverty_Status/ACSST5Y2018.S1701-Table-Notes.txt,txt,5.82,data/raw/acs/reference_repo/S1701_Poverty_Status,demographics,raw_source,,,,,,,documentation or metadata text file
ACSST5Y2019.S1701-Column-Metadata.csv,data/raw/acs/reference_repo/S1701_Poverty_Status/ACSST5Y2019.S1701-Column-Metadata.csv,csv,56.36,data/raw/acs/reference_repo/S1701_Poverty_Status,demographics,raw_source,367,2,GEO_ID; Geography,,,,csv encoding=utf-8-sig
ACSST5Y2019.S1701-Data.csv,data/raw/acs/reference_repo/S1701_Poverty_Status/ACSST5Y2019.S1701-Data.csv,csv,125.5,data/raw/acs/reference_repo/S1701_Poverty_Status,demographics,raw_source,32,369,Geography; Geographic Area Name; Estimate!!Total!!Population for whom poverty status is determined; Margin of Error!!Total!!Population for whom poverty status is determined; Estimate!!Total!!Population for whom poverty status is determined!!AGE!!Under 18 years; Margin of Error!!Total!!Population for whom poverty status is determined!!AGE!!Under 18 years; Estimate!!Total!!Population for whom poverty status is determined!!AGE!!Under 18 years!!Under 5 years; Margin of Error!!Total!!Population for whom poverty status is determined!!AGE!!Under 18 years!!Under 5 years; Estimate!!Total!!Population for whom poverty status is determined!!AGE!!Under 18 years!!5 to 17 years; Margin of Error!!Total!!Population for whom poverty status is determined!!AGE!!Under 18 years!!5 to 17 years; Estimate!!Total!!Population for whom poverty status is determined!!AGE!!Under 18 years!!Related children of householder under 18 years; Margin of Error!!Total!!Population for whom poverty status is determined!!AGE!!Under 18 years!!Related children of householder under 18 years; Estimate!!Total!!Population for whom poverty status is determined!!AGE!!18 to 64 years; Margin of Error!!Total!!Population for whom poverty status is determined!!AGE!!18 to 64 years; Estimate!!Total!!Population for whom poverty status is determined!!AGE!!18 to 64 years!!18 to 34 years; Margin of Error!!Total!!Population for whom poverty status is determined!!AGE!!18 to 64 years!!18 to 34 years; Estimate!!Total!!Population for whom poverty status is determined!!AGE!!18 to 64 years!!35 to 64 years; Margin of Error!!Total!!Population for whom poverty status is determined!!AGE!!18 to 64 years!!35 to 64 years; Estimate!!Total!!Population for whom poverty status is determined!!AGE!!60 years and over; Margin of Error!!Total!!Population for whom poverty status is determined!!AGE!!60 years and over; Estimate!!Total!!Population for whom poverty status is determined!!AGE!!65 years and over; Margin of Error!!Total!!Population for whom poverty status is determined!!AGE!!65 years and over; Estimate!!Total!!Population for whom poverty status is determined!!SEX!!Male; Margin of Error!!Total!!Population for whom poverty status is determined!!SEX!!Male; Estimate!!Total!!Population for whom poverty status is determined!!SEX!!Female; ...,,,,csv encoding=utf-8-sig
ACSST5Y2019.S1701-Table-Notes.txt,data/raw/acs/reference_repo/S1701_Poverty_Status/ACSST5Y2019.S1701-Table-Notes.txt,txt,5.4,data/raw/acs/reference_repo/S1701_Poverty_Status,demographics,raw_source,,,,,,,documentation or metadata text file
ACSST5Y2020.S1701-Column-Metadata.csv,data/raw/acs/reference_repo/S1701_Poverty_Status/ACSST5Y2020.S1701-Column-Metadata.csv,csv,56.36,data/raw/acs/reference_repo/S1701_Poverty_Status,demographics,raw_source,367,2,GEO_ID; Geography,,,,csv encoding=utf-8-sig
ACSST5Y2020.S1701-Data.csv,data/raw/acs/reference_repo/S1701_Poverty_Status/ACSST5Y2020.S1701-Data.csv,csv,129.59,data/raw/acs/reference_repo/S1701_Poverty_Status,demographics,raw_source,34,369,Geography; Geographic Area Name; Estimate!!Total!!Population for whom poverty status is determined; Margin of Error!!Total!!Population for whom poverty status is determined; Estimate!!Total!!Population for whom poverty status is determined!!AGE!!Under 18 years; Margin of Error!!Total!!Population for whom poverty status is determined!!AGE!!Under 18 years; Estimate!!Total!!Population for whom poverty status is determined!!AGE!!Under 18 years!!Under 5 years; Margin of Error!!Total!!Population for whom poverty status is determined!!AGE!!Under 18 years!!Under 5 years; Estimate!!Total!!Population for whom poverty status is determined!!AGE!!Under 18 years!!5 to 17 years; Margin of Error!!Total!!Population for whom poverty status is determined!!AGE!!Under 18 years!!5 to 17 years; Estimate!!Total!!Population for whom poverty status is determined!!AGE!!Under 18 years!!Related children of householder under 18 years; Margin of Error!!Total!!Population for whom poverty status is determined!!AGE!!Under 18 years!!Related children of householder under 18 years; Estimate!!Total!!Population for whom poverty status is determined!!AGE!!18 to 64 years; Margin of Error!!Total!!Population for whom poverty status is determined!!AGE!!18 to 64 years; Estimate!!Total!!Population for whom poverty status is determined!!AGE!!18 to 64 years!!18 to 34 years; Margin of Error!!Total!!Population for whom poverty status is determined!!AGE!!18 to 64 years!!18 to 34 years; Estimate!!Total!!Population for whom poverty status is determined!!AGE!!18 to 64 years!!35 to 64 years; Margin of Error!!Total!!Population for whom poverty status is determined!!AGE!!18 to 64 years!!35 to 64 years; Estimate!!Total!!Population for whom poverty status is determined!!AGE!!60 years and over; Margin of Error!!Total!!Population for whom poverty status is determined!!AGE!!60 years and over; Estimate!!Total!!Population for whom poverty status is determined!!AGE!!65 years and over; Margin of Error!!Total!!Population for whom poverty status is determined!!AGE!!65 years and over; Estimate!!Total!!Population for whom poverty status is determined!!SEX!!Male; Margin of Error!!Total!!Population for whom poverty status is determined!!SEX!!Male; Estimate!!Total!!Population for whom poverty status is determined!!SEX!!Female; ...,,,,csv encoding=utf-8-sig
ACSST5Y2020.S1701-Table-Notes.txt,data/raw/acs/reference_repo/S1701_Poverty_Status/ACSST5Y2020.S1701-Table-Notes.txt,txt,5.43,data/raw/acs/reference_repo/S1701_Poverty_Status,demographics,raw_source,,,,,,,documentation or metadata text file
ACSST5Y2021.S1701-Column-Metadata.csv,data/raw/acs/reference_repo/S1701_Poverty_Status/ACSST5Y2021.S1701-Column-Metadata.csv,csv,57.41,data/raw/acs/reference_repo/S1701_Poverty_Status,demographics,raw_source,373,2,GEO_ID; Geography,,,,csv encoding=utf-8-sig
ACSST5Y2021.S1701-Data.csv,data/raw/acs/reference_repo/S1701_Poverty_Status/ACSST5Y2021.S1701-Data.csv,csv,131.61,data/raw/acs/reference_repo/S1701_Poverty_Status,demographics,raw_source,34,375,Geography; Geographic Area Name; Estimate!!Total!!Population for whom poverty status is determined; Margin of Error!!Total!!Population for whom poverty status is determined; Estimate!!Total!!Population for whom poverty status is determined!!AGE!!Under 18 years; Margin of Error!!Total!!Population for whom poverty status is determined!!AGE!!Under 18 years; Estimate!!Total!!Population for whom poverty status is determined!!AGE!!Under 18 years!!Under 5 years; Margin of Error!!Total!!Population for whom poverty status is determined!!AGE!!Under 18 years!!Under 5 years; Estimate!!Total!!Population for whom poverty status is determined!!AGE!!Under 18 years!!5 to 17 years; Margin of Error!!Total!!Population for whom poverty status is determined!!AGE!!Under 18 years!!5 to 17 years; Estimate!!Total!!Population for whom poverty status is determined!!AGE!!Under 18 years!!Related children of householder under 18 years; Margin of Error!!Total!!Population for whom poverty status is determined!!AGE!!Under 18 years!!Related children of householder under 18 years; Estimate!!Total!!Population for whom poverty status is determined!!AGE!!18 to 64 years; Margin of Error!!Total!!Population for whom poverty status is determined!!AGE!!18 to 64 years; Estimate!!Total!!Population for whom poverty status is determined!!AGE!!18 to 64 years!!18 to 34 years; Margin of Error!!Total!!Population for whom poverty status is determined!!AGE!!18 to 64 years!!18 to 34 years; Estimate!!Total!!Population for whom poverty status is determined!!AGE!!18 to 64 years!!35 to 64 years; Margin of Error!!Total!!Population for whom poverty status is determined!!AGE!!18 to 64 years!!35 to 64 years; Estimate!!Total!!Population for whom poverty status is determined!!AGE!!60 years and over; Margin of Error!!Total!!Population for whom poverty status is determined!!AGE!!60 years and over; Estimate!!Total!!Population for whom poverty status is determined!!AGE!!65 years and over; Margin of Error!!Total!!Population for whom poverty status is determined!!AGE!!65 years and over; Estimate!!Total!!Population for whom poverty status is determined!!SEX!!Male; Margin of Error!!Total!!Population for whom poverty status is determined!!SEX!!Male; Estimate!!Total!!Population for whom poverty status is determined!!SEX!!Female; ...,,,,csv encoding=utf-8-sig
ACSST5Y2021.S1701-Table-Notes.txt,data/raw/acs/reference_repo/S1701_Poverty_Status/ACSST5Y2021.S1701-Table-Notes.txt,txt,5.41,data/raw/acs/reference_repo/S1701_Poverty_Status,demographics,raw_source,,,,,,,documentation or metadata text file
ACSST5Y2022.S1701-Column-Metadata.csv,data/raw/acs/reference_repo/S1701_Poverty_Status/ACSST5Y2022.S1701-Column-Metadata.csv,csv,57.41,data/raw/acs/reference_repo/S1701_Poverty_Status,demographics,raw_source,373,2,GEO_ID; Geography,,,,csv encoding=utf-8-sig
ACSST5Y2022.S1701-Data.csv,data/raw/acs/reference_repo/S1701_Poverty_Status/ACSST5Y2022.S1701-Data.csv,csv,131.61,data/raw/acs/reference_repo/S1701_Poverty_Status,demographics,raw_source,34,375,Geography; Geographic Area Name; Estimate!!Total!!Population for whom poverty status is determined; Margin of Error!!Total!!Population for whom poverty status is determined; Estimate!!Total!!Population for whom poverty status is determined!!AGE!!Under 18 years; Margin of Error!!Total!!Population for whom poverty status is determined!!AGE!!Under 18 years; Estimate!!Total!!Population for whom poverty status is determined!!AGE!!Under 18 years!!Under 5 years; Margin of Error!!Total!!Population for whom poverty status is determined!!AGE!!Under 18 years!!Under 5 years; Estimate!!Total!!Population for whom poverty status is determined!!AGE!!Under 18 years!!5 to 17 years; Margin of Error!!Total!!Population for whom poverty status is determined!!AGE!!Under 18 years!!5 to 17 years; Estimate!!Total!!Population for whom poverty status is determined!!AGE!!Under 18 years!!Related children of householder under 18 years; Margin of Error!!Total!!Population for whom poverty status is determined!!AGE!!Under 18 years!!Related children of householder under 18 years; Estimate!!Total!!Population for whom poverty status is determined!!AGE!!18 to 64 years; Margin of Error!!Total!!Population for whom poverty status is determined!!AGE!!18 to 64 years; Estimate!!Total!!Population for whom poverty status is determined!!AGE!!18 to 64 years!!18 to 34 years; Margin of Error!!Total!!Population for whom poverty status is determined!!AGE!!18 to 64 years!!18 to 34 years; Estimate!!Total!!Population for whom poverty status is determined!!AGE!!18 to 64 years!!35 to 64 years; Margin of Error!!Total!!Population for whom poverty status is determined!!AGE!!18 to 64 years!!35 to 64 years; Estimate!!Total!!Population for whom poverty status is determined!!AGE!!60 years and over; Margin of Error!!Total!!Population for whom poverty status is determined!!AGE!!60 years and over; Estimate!!Total!!Population for whom poverty status is determined!!AGE!!65 years and over; Margin of Error!!Total!!Population for whom poverty status is determined!!AGE!!65 years and over; Estimate!!Total!!Population for whom poverty status is determined!!SEX!!Male; Margin of Error!!Total!!Population for whom poverty status is determined!!SEX!!Male; Estimate!!Total!!Population for whom poverty status is determined!!SEX!!Female; ...,,,,csv encoding=utf-8-sig
ACSST5Y2022.S1701-Table-Notes.txt,data/raw/acs/reference_repo/S1701_Poverty_Status/ACSST5Y2022.S1701-Table-Notes.txt,txt,5.72,data/raw/acs/reference_repo/S1701_Poverty_Status,demographics,raw_source,,,,,,,documentation or metadata text file
ACSST5Y2023.S1701-Column-Metadata.csv,data/raw/acs/reference_repo/S1701_Poverty_Status/ACSST5Y2023.S1701-Column-Metadata.csv,csv,57.41,data/raw/acs/reference_repo/S1701_Poverty_Status,demographics,raw_source,373,2,GEO_ID; Geography,,,,csv encoding=utf-8-sig
ACSST5Y2023.S1701-Data.csv,data/raw/acs/reference_repo/S1701_Poverty_Status/ACSST5Y2023.S1701-Data.csv,csv,131.5,data/raw/acs/reference_repo/S1701_Poverty_Status,demographics,raw_source,34,375,Geography; Geographic Area Name; Estimate!!Total!!Population for whom poverty status is determined; Margin of Error!!Total!!Population for whom poverty status is determined; Estimate!!Total!!Population for whom poverty status is determined!!AGE!!Under 18 years; Margin of Error!!Total!!Population for whom poverty status is determined!!AGE!!Under 18 years; Estimate!!Total!!Population for whom poverty status is determined!!AGE!!Under 18 years!!Under 5 years; Margin of Error!!Total!!Population for whom poverty status is determined!!AGE!!Under 18 years!!Under 5 years; Estimate!!Total!!Population for whom poverty status is determined!!AGE!!Under 18 years!!5 to 17 years; Margin of Error!!Total!!Population for whom poverty status is determined!!AGE!!Under 18 years!!5 to 17 years; Estimate!!Total!!Population for whom poverty status is determined!!AGE!!Under 18 years!!Related children of householder under 18 years; Margin of Error!!Total!!Population for whom poverty status is determined!!AGE!!Under 18 years!!Related children of householder under 18 years; Estimate!!Total!!Population for whom poverty status is determined!!AGE!!18 to 64 years; Margin of Error!!Total!!Population for whom poverty status is determined!!AGE!!18 to 64 years; Estimate!!Total!!Population for whom poverty status is determined!!AGE!!18 to 64 years!!18 to 34 years; Margin of Error!!Total!!Population for whom poverty status is determined!!AGE!!18 to 64 years!!18 to 34 years; Estimate!!Total!!Population for whom poverty status is determined!!AGE!!18 to 64 years!!35 to 64 years; Margin of Error!!Total!!Population for whom poverty status is determined!!AGE!!18 to 64 years!!35 to 64 years; Estimate!!Total!!Population for whom poverty status is determined!!AGE!!60 years and over; Margin of Error!!Total!!Population for whom poverty status is determined!!AGE!!60 years and over; Estimate!!Total!!Population for whom poverty status is determined!!AGE!!65 years and over; Margin of Error!!Total!!Population for whom poverty status is determined!!AGE!!65 years and over; Estimate!!Total!!Population for whom poverty status is determined!!SEX!!Male; Margin of Error!!Total!!Population for whom poverty status is determined!!SEX!!Male; Estimate!!Total!!Population for whom poverty status is determined!!SEX!!Female; ...,,,,csv encoding=utf-8-sig
ACSST5Y2023.S1701-Table-Notes.txt,data/raw/acs/reference_repo/S1701_Poverty_Status/ACSST5Y2023.S1701-Table-Notes.txt,txt,6.34,data/raw/acs/reference_repo/S1701_Poverty_Status,demographics,raw_source,,,,,,,documentation or metadata text file
ACSST5Y2010.S1401-Column-Metadata.csv,data/raw/acs/reference_repo/S1702_Family_Poverty_Status/ACSST5Y2010.S1401-Column-Metadata.csv,csv,21.09,data/raw/acs/reference_repo/S1702_Family_Poverty_Status,demographics,raw_source,187,2,GEO_ID; Geography,,,data/raw/acs/reference_repo/S1401_School_Enrollment/ACSST5Y2010.S1401-Column-Metadata.csv,csv encoding=utf-8-sig
ACSST5Y2010.S1401-Data.csv,data/raw/acs/reference_repo/S1702_Family_Poverty_Status/ACSST5Y2010.S1401-Data.csv,csv,63.52,data/raw/acs/reference_repo/S1702_Family_Poverty_Status,demographics,raw_source,32,189,"Geography; Geographic Area Name; Total!!Estimate!!Population 3 years and over enrolled in school; Total!!Margin of Error!!Population 3 years and over enrolled in school; Percent of enrolled population!!In public school!!Estimate!!Population 3 years and over enrolled in school; Percent of enrolled population!!In public school!!Margin of Error!!Population 3 years and over enrolled in school; Percent of enrolled population!!In private school!!Estimate!!Population 3 years and over enrolled in school; Percent of enrolled population!!In private school!!Margin of Error!!Population 3 years and over enrolled in school; Total!!Estimate!!Nursery school, preschool; Total!!Margin of Error!!Nursery school, preschool; Percent of enrolled population!!In public school!!Estimate!!Nursery school, preschool; Percent of enrolled population!!In public school!!Margin of Error!!Nursery school, preschool; Percent of enrolled population!!In private school!!Estimate!!Nursery school, preschool; Percent of enrolled population!!In private school!!Margin of Error!!Nursery school, preschool; Total!!Estimate!!Kindergarten to 12th grade; Total!!Margin of Error!!Kindergarten to 12th grade; Percent of enrolled population!!In public school!!Estimate!!Kindergarten to 12th grade; Percent of enrolled population!!In public school!!Margin of Error!!Kindergarten to 12th grade; Percent of enrolled population!!In private school!!Estimate!!Kindergarten to 12th grade; Percent of enrolled population!!In private school!!Margin of Error!!Kindergarten to 12th grade; Total!!Estimate!!Kindergarten to 12th grade!!Kindergarten; Total!!Margin of Error!!Kindergarten to 12th grade!!Kindergarten; Percent of enrolled population!!In public school!!Estimate!!Kindergarten to 12th grade!!Kindergarten; Percent of enrolled population!!In public school!!Margin of Error!!Kindergarten to 12th grade!!Kindergarten; Percent of enrolled population!!In private school!!Estimate!!Kindergarten to 12th grade!!Kindergarten; ...",,,data/raw/acs/reference_repo/S1401_School_Enrollment/ACSST5Y2010.S1401-Data.csv,csv encoding=utf-8-sig
ACSST5Y2010.S1401-Table-Notes.txt,data/raw/acs/reference_repo/S1702_Family_Poverty_Status/ACSST5Y2010.S1401-Table-Notes.txt,txt,5.27,data/raw/acs/reference_repo/S1702_Family_Poverty_Status,demographics,raw_source,,,,,,data/raw/acs/reference_repo/S1401_School_Enrollment/ACSST5Y2010.S1401-Table-Notes.txt,documentation or metadata text file
ACSST5Y2011.S1401-Column-Metadata.csv,data/raw/acs/reference_repo/S1702_Family_Poverty_Status/ACSST5Y2011.S1401-Column-Metadata.csv,csv,21.09,data/raw/acs/reference_repo/S1702_Family_Poverty_Status,demographics,raw_source,187,2,GEO_ID; Geography,,,data/raw/acs/reference_repo/S1401_School_Enrollment/ACSST5Y2011.S1401-Column-Metadata.csv,csv encoding=utf-8-sig
ACSST5Y2014.S1401-Data.csv,data/raw/acs/reference_repo/S1702_Family_Poverty_Status/ACSST5Y2014.S1401-Data.csv,csv,59.65,data/raw/acs/reference_repo/S1702_Family_Poverty_Status,demographics,raw_source,32,189,"Geography; Geographic Area Name; Total!!Estimate!!Population 3 years and over enrolled in school; Total!!Margin of Error!!Population 3 years and over enrolled in school; Percent of enrolled population!!In public school!!Estimate!!Population 3 years and over enrolled in school; Percent of enrolled population!!In public school!!Margin of Error!!Population 3 years and over enrolled in school; Percent of enrolled population!!In private school!!Estimate!!Population 3 years and over enrolled in school; Percent of enrolled population!!In private school!!Margin of Error!!Population 3 years and over enrolled in school; Total!!Estimate!!Nursery school, preschool; Total!!Margin of Error!!Nursery school, preschool; Percent of enrolled population!!In public school!!Estimate!!Nursery school, preschool; Percent of enrolled population!!In public school!!Margin of Error!!Nursery school, preschool; Percent of enrolled population!!In private school!!Estimate!!Nursery school, preschool; Percent of enrolled population!!In private school!!Margin of Error!!Nursery school, preschool; Total!!Estimate!!Kindergarten to 12th grade; Total!!Margin of Error!!Kindergarten to 12th grade; Percent of enrolled population!!In public school!!Estimate!!Kindergarten to 12th grade; Percent of enrolled population!!In public school!!Margin of Error!!Kindergarten to 12th grade; Percent of enrolled population!!In private school!!Estimate!!Kindergarten to 12th grade; Percent of enrolled population!!In private school!!Margin of Error!!Kindergarten to 12th grade; Total!!Estimate!!Kindergarten; Total!!Margin of Error!!Kindergarten; Percent of enrolled population!!In public school!!Estimate!!Kindergarten; Percent of enrolled population!!In public school!!Margin of Error!!Kindergarten; Percent of enrolled population!!In private school!!Estimate!!Kindergarten; ...",,,data/raw/acs/reference_repo/S1401_School_Enrollment/ACSST5Y2014.S1401-Data.csv,csv encoding=utf-8-sig
ACSST5Y2014.S1401-Table-Notes.txt,data/raw/acs/reference_repo/S1702_Family_Poverty_Status/ACSST5Y2014.S1401-Table-Notes.txt,txt,5.0,data/raw/acs/reference_repo/S1702_Family_Poverty_Status,demographics,raw_source,,,,,,data/raw/acs/reference_repo/S1401_School_Enrollment/ACSST5Y2014.S1401-Table-Notes.txt,documentation or metadata text file
ACSST5Y2015.S1401-Column-Metadata.csv,data/raw/acs/reference_repo/S1702_Family_Poverty_Status/ACSST5Y2015.S1401-Column-Metadata.csv,csv,37.75,data/raw/acs/reference_repo/S1702_Family_Poverty_Status,demographics,raw_source,409,2,GEO_ID; Geography,,,data/raw/acs/reference_repo/S1401_School_Enrollment/ACSST5Y2015.S1401-Column-Metadata.csv,csv encoding=utf-8-sig
ACSST5Y2015.S1401-Data.csv,data/raw/acs/reference_repo/S1702_Family_Poverty_Status/ACSST5Y2015.S1401-Data.csv,csv,115.88,data/raw/acs/reference_repo/S1702_Family_Poverty_Status,demographics,raw_source,32,411,"Geography; Geographic Area Name; Total!!Estimate!!Population 3 years and over enrolled in school; Total!!Margin of Error!!Population 3 years and over enrolled in school; Percent!!Estimate!!Population 3 years and over enrolled in school; Percent!!Margin of Error!!Population 3 years and over enrolled in school; In public school!!Estimate!!Population 3 years and over enrolled in school; In public school!!Margin of Error!!Population 3 years and over enrolled in school; Percent in public school!!Estimate!!Population 3 years and over enrolled in school; Percent in public school!!Margin of Error!!Population 3 years and over enrolled in school; In private school!!Estimate!!Population 3 years and over enrolled in school; In private school!!Margin of Error!!Population 3 years and over enrolled in school; Percent in private school!!Estimate!!Population 3 years and over enrolled in school; Percent in private school!!Margin of Error!!Population 3 years and over enrolled in school; Total!!Estimate!!Nursery school, preschool; Total!!Margin of Error!!Nursery school, preschool; Percent!!Estimate!!Nursery school, preschool; Percent!!Margin of Error!!Nursery school, preschool; In public school!!Estimate!!Nursery school, preschool; In public school!!Margin of Error!!Nursery school, preschool; Percent in public school!!Estimate!!Nursery school, preschool; Percent in public school!!Margin of Error!!Nursery school, preschool; In private school!!Estimate!!Nursery school, preschool; In private school!!Margin of Error!!Nursery school, preschool; Percent in private school!!Estimate!!Nursery school, preschool; ...",,,data/raw/acs/reference_repo/S1401_School_Enrollment/ACSST5Y2015.S1401-Data.csv,csv encoding=utf-8-sig
ACSST5Y2015.S1401-Table-Notes.txt,data/raw/acs/reference_repo/S1702_Family_Poverty_Status/ACSST5Y2015.S1401-Table-Notes.txt,txt,5.21,data/raw/acs/reference_repo/S1702_Family_Poverty_Status,demographics,raw_source,,,,,,data/raw/acs/reference_repo/S1401_School_Enrollment/ACSST5Y2015.S1401-Table-Notes.txt,documentation or metadata text file
ACSST5Y2016.S1401-Column-Metadata.csv,data/raw/acs/reference_repo/S1702_Family_Poverty_Status/ACSST5Y2016.S1401-Column-Metadata.csv,csv,37.75,data/raw/acs/reference_repo/S1702_Family_Poverty_Status,demographics,raw_source,409,2,GEO_ID; Geography,,,data/raw/acs/reference_repo/S1401_School_Enrollment/ACSST5Y2016.S1401-Column-Metadata.csv,csv encoding=utf-8-sig
ACSST5Y2016.S1401-Data.csv,data/raw/acs/reference_repo/S1702_Family_Poverty_Status/ACSST5Y2016.S1401-Data.csv,csv,115.79,data/raw/acs/reference_repo/S1702_Family_Poverty_Status,demographics,raw_source,32,411,"Geography; Geographic Area Name; Total!!Estimate!!Population 3 years and over enrolled in school; Total!!Margin of Error!!Population 3 years and over enrolled in school; Percent!!Estimate!!Population 3 years and over enrolled in school; Percent!!Margin of Error!!Population 3 years and over enrolled in school; In public school!!Estimate!!Population 3 years and over enrolled in school; In public school!!Margin of Error!!Population 3 years and over enrolled in school; Percent in public school!!Estimate!!Population 3 years and over enrolled in school; Percent in public school!!Margin of Error!!Population 3 years and over enrolled in school; In private school!!Estimate!!Population 3 years and over enrolled in school; In private school!!Margin of Error!!Population 3 years and over enrolled in school; Percent in private school!!Estimate!!Population 3 years and over enrolled in school; Percent in private school!!Margin of Error!!Population 3 years and over enrolled in school; Total!!Estimate!!Nursery school, preschool; Total!!Margin of Error!!Nursery school, preschool; Percent!!Estimate!!Nursery school, preschool; Percent!!Margin of Error!!Nursery school, preschool; In public school!!Estimate!!Nursery school, preschool; In public school!!Margin of Error!!Nursery school, preschool; Percent in public school!!Estimate!!Nursery school, preschool; Percent in public school!!Margin of Error!!Nursery school, preschool; In private school!!Estimate!!Nursery school, preschool; In private school!!Margin of Error!!Nursery school, preschool; Percent in private school!!Estimate!!Nursery school, preschool; ...",,,data/raw/acs/reference_repo/S1401_School_Enrollment/ACSST5Y2016.S1401-Data.csv,csv encoding=utf-8-sig
ACSST5Y2016.S1401-Table-Notes.txt,data/raw/acs/reference_repo/S1702_Family_Poverty_Status/ACSST5Y2016.S1401-Table-Notes.txt,txt,5.2,data/raw/acs/reference_repo/S1702_Family_Poverty_Status,demographics,raw_source,,,,,,data/raw/acs/reference_repo/S1401_School_Enrollment/ACSST5Y2016.S1401-Table-Notes.txt,documentation or metadata text file
ACSST5Y2017.S1401-Column-Metadata.csv,data/raw/acs/reference_repo/S1702_Family_Poverty_Status/ACSST5Y2017.S1401-Column-Metadata.csv,csv,52.57,data/raw/acs/reference_repo/S1702_Family_Poverty_Status,demographics,raw_source,409,2,GEO_ID; Geography,,,data/raw/acs/reference_repo/S1401_School_Enrollment/ACSST5Y2017.S1401-Column-Metadata.csv,csv encoding=utf-8-sig
ACSST5Y2017.S1401-Data.csv,data/raw/acs/reference_repo/S1702_Family_Poverty_Status/ACSST5Y2017.S1401-Data.csv,csv,130.59,data/raw/acs/reference_repo/S1702_Family_Poverty_Status,demographics,raw_source,32,411,"Geography; Geographic Area Name; Estimate!!Total!!Population 3 years and over enrolled in school; Margin of Error!!Total MOE!!Population 3 years and over enrolled in school; Estimate!!Total!!Population 3 years and over enrolled in school!!Nursery school, preschool; Margin of Error!!Total MOE!!Population 3 years and over enrolled in school!!Nursery school, preschool; Estimate!!Total!!Population 3 years and over enrolled in school!!Kindergarten to 12th grade; Margin of Error!!Total MOE!!Population 3 years and over enrolled in school!!Kindergarten to 12th grade; Estimate!!Total!!Population 3 years and over enrolled in school!!Kindergarten; Margin of Error!!Total MOE!!Population 3 years and over enrolled in school!!Kindergarten; Estimate!!Total!!Population 3 years and over enrolled in school!!Elementary grade 1 to grade 4; Margin of Error!!Total MOE!!Population 3 years and over enrolled in school!!Elementary grade 1 to grade 4; Estimate!!Total!!Population 3 years and over enrolled in school!!Elementary grade 5 to grade 8; Margin of Error!!Total MOE!!Population 3 years and over enrolled in school!!Elementary grade 5 to grade 8; Estimate!!Total!!Population 3 years and over enrolled in school!!High school grade 9 to grade 12; Margin of Error!!Total MOE!!Population 3 years and over enrolled in school!!High school grade 9 to grade 12; Estimate!!Total!!Population 3 years and over enrolled in school!!College, undergraduate; Margin of Error!!Total MOE!!Population 3 years and over enrolled in school!!College, undergraduate; Estimate!!Total!!Population 3 years and over enrolled in school!!Graduate, professional school; Margin of Error!!Total MOE!!Population 3 years and over enrolled in school!!Graduate, professional school; Estimate!!Total!!Population enrolled in college or graduate school; Margin of Error!!Total MOE!!Population enrolled in college or graduate school; Estimate!!Total!!Population enrolled in college or graduate school!!Males enrolled in college or graduate school; Margin of Error!!Total MOE!!Population enrolled in college or graduate school!!Males enrolled in college or graduate school; Estimate!!Total!!Population enrolled in college or graduate school!!Females enrolled in college or graduate school; ...",,,data/raw/acs/reference_repo/S1401_School_Enrollment/ACSST5Y2017.S1401-Data.csv,csv encoding=utf-8-sig
ACSST5Y2017.S1401-Table-Notes.txt,data/raw/acs/reference_repo/S1702_Family_Poverty_Status/ACSST5Y2017.S1401-Table-Notes.txt,txt,5.26,data/raw/acs/reference_repo/S1702_Family_Poverty_Status,demographics,raw_source,,,,,,data/raw/acs/reference_repo/S1401_School_Enrollment/ACSST5Y2017.S1401-Table-Notes.txt,documentation or metadata text file
ACSST5Y2018.S1401-Column-Metadata.csv,data/raw/acs/reference_repo/S1702_Family_Poverty_Status/ACSST5Y2018.S1401-Column-Metadata.csv,csv,52.57,data/raw/acs/reference_repo/S1702_Family_Poverty_Status,demographics,raw_source,409,2,GEO_ID; Geography,,,data/raw/acs/reference_repo/S1401_School_Enrollment/ACSST5Y2018.S1401-Column-Metadata.csv,csv encoding=utf-8-sig
ACSST5Y2018.S1401-Data.csv,data/raw/acs/reference_repo/S1702_Family_Poverty_Status/ACSST5Y2018.S1401-Data.csv,csv,130.58,data/raw/acs/reference_repo/S1702_Family_Poverty_Status,demographics,raw_source,32,411,"Geography; Geographic Area Name; Estimate!!Total!!Population 3 years and over enrolled in school; Margin of Error!!Total MOE!!Population 3 years and over enrolled in school; Estimate!!Total!!Population 3 years and over enrolled in school!!Nursery school, preschool; Margin of Error!!Total MOE!!Population 3 years and over enrolled in school!!Nursery school, preschool; Estimate!!Total!!Population 3 years and over enrolled in school!!Kindergarten to 12th grade; Margin of Error!!Total MOE!!Population 3 years and over enrolled in school!!Kindergarten to 12th grade; Estimate!!Total!!Population 3 years and over enrolled in school!!Kindergarten; Margin of Error!!Total MOE!!Population 3 years and over enrolled in school!!Kindergarten; Estimate!!Total!!Population 3 years and over enrolled in school!!Elementary grade 1 to grade 4; Margin of Error!!Total MOE!!Population 3 years and over enrolled in school!!Elementary grade 1 to grade 4; Estimate!!Total!!Population 3 years and over enrolled in school!!Elementary grade 5 to grade 8; Margin of Error!!Total MOE!!Population 3 years and over enrolled in school!!Elementary grade 5 to grade 8; Estimate!!Total!!Population 3 years and over enrolled in school!!High school grade 9 to grade 12; Margin of Error!!Total MOE!!Population 3 years and over enrolled in school!!High school grade 9 to grade 12; Estimate!!Total!!Population 3 years and over enrolled in school!!College, undergraduate; Margin of Error!!Total MOE!!Population 3 years and over enrolled in school!!College, undergraduate; Estimate!!Total!!Population 3 years and over enrolled in school!!Graduate, professional school; Margin of Error!!Total MOE!!Population 3 years and over enrolled in school!!Graduate, professional school; Estimate!!Total!!Population enrolled in college or graduate school; Margin of Error!!Total MOE!!Population enrolled in college or graduate school; Estimate!!Total!!Population enrolled in college or graduate school!!Males enrolled in college or graduate school; Margin of Error!!Total MOE!!Population enrolled in college or graduate school!!Males enrolled in college or graduate school; Estimate!!Total!!Population enrolled in college or graduate school!!Females enrolled in college or graduate school; ...",,,data/raw/acs/reference_repo/S1401_School_Enrollment/ACSST5Y2018.S1401-Data.csv,csv encoding=utf-8-sig
ACSST5Y2018.S1401-Table-Notes.txt,data/raw/acs/reference_repo/S1702_Family_Poverty_Status/ACSST5Y2018.S1401-Table-Notes.txt,txt,5.42,data/raw/acs/reference_repo/S1702_Family_Poverty_Status,demographics,raw_source,,,,,,data/raw/acs/reference_repo/S1401_School_Enrollment/ACSST5Y2018.S1401-Table-Notes.txt,documentation or metadata text file
ACSST5Y2019.S1401-Column-Metadata.csv,data/raw/acs/reference_repo/S1702_Family_Poverty_Status/ACSST5Y2019.S1401-Column-Metadata.csv,csv,44.82,data/raw/acs/reference_repo/S1702_Family_Poverty_Status,demographics,raw_source,409,2,GEO_ID; Geography,,,data/raw/acs/reference_repo/S1401_School_Enrollment/ACSST5Y2019.S1401-Column-Metadata.csv,csv encoding=utf-8-sig
ACSST5Y2019.S1401-Data.csv,data/raw/acs/reference_repo/S1702_Family_Poverty_Status/ACSST5Y2019.S1401-Data.csv,csv,122.77,data/raw/acs/reference_repo/S1702_Family_Poverty_Status,demographics,raw_source,32,411,"Geography; Geographic Area Name; Estimate!!Total!!Population 3 years and over enrolled in school; Margin of Error!!Total!!Population 3 years and over enrolled in school; Estimate!!Total!!Population 3 years and over enrolled in school!!Nursery school, preschool; Margin of Error!!Total!!Population 3 years and over enrolled in school!!Nursery school, preschool; Estimate!!Total!!Population 3 years and over enrolled in school!!Kindergarten to 12th grade; Margin of Error!!Total!!Population 3 years and over enrolled in school!!Kindergarten to 12th grade; Estimate!!Total!!Population 3 years and over enrolled in school!!Kindergarten to 12th grade!!Kindergarten; Margin of Error!!Total!!Population 3 years and over enrolled in school!!Kindergarten to 12th grade!!Kindergarten; Estimate!!Total!!Population 3 years and over enrolled in school!!Kindergarten to 12th grade!!Elementary: grade 1 to grade 4; Margin of Error!!Total!!Population 3 years and over enrolled in school!!Kindergarten to 12th grade!!Elementary: grade 1 to grade 4; Estimate!!Total!!Population 3 years and over enrolled in school!!Kindergarten to 12th grade!!Elementary: grade 5 to grade 8; Margin of Error!!Total!!Population 3 years and over enrolled in school!!Kindergarten to 12th grade!!Elementary: grade 5 to grade 8; Estimate!!Total!!Population 3 years and over enrolled in school!!Kindergarten to 12th grade!!High school: grade 9 to grade 12; Margin of Error!!Total!!Population 3 years and over enrolled in school!!Kindergarten to 12th grade!!High school: grade 9 to grade 12; Estimate!!Total!!Population 3 years and over enrolled in school!!College, undergraduate; Margin of Error!!Total!!Population 3 years and over enrolled in school!!College, undergraduate; Estimate!!Total!!Population 3 years and over enrolled in school!!Graduate, professional school; Margin of Error!!Total!!Population 3 years and over enrolled in school!!Graduate, professional school; Estimate!!Total!!Population enrolled in college or graduate school; Margin of Error!!Total!!Population enrolled in college or graduate school; Estimate!!Total!!Population enrolled in college or graduate school!!Males enrolled in college or graduate school; Margin of Error!!Total!!Population enrolled in college or graduate school!!Males enrolled in college or graduate school; Estimate!!Total!!Population enrolled in college or graduate school!!Females enrolled in college or graduate school; ...",,,data/raw/acs/reference_repo/S1401_School_Enrollment/ACSST5Y2019.S1401-Data.csv,csv encoding=utf-8-sig
ACSST5Y2019.S1401-Table-Notes.txt,data/raw/acs/reference_repo/S1702_Family_Poverty_Status/ACSST5Y2019.S1401-Table-Notes.txt,txt,5.06,data/raw/acs/reference_repo/S1702_Family_Poverty_Status,demographics,raw_source,,,,,,data/raw/acs/reference_repo/S1401_School_Enrollment/ACSST5Y2019.S1401-Table-Notes.txt,documentation or metadata text file
ACSST5Y2020.S1401-Column-Metadata.csv,data/raw/acs/reference_repo/S1702_Family_Poverty_Status/ACSST5Y2020.S1401-Column-Metadata.csv,csv,44.82,data/raw/acs/reference_repo/S1702_Family_Poverty_Status,demographics,raw_source,409,2,GEO_ID; Geography,,,data/raw/acs/reference_repo/S1401_School_Enrollment/ACSST5Y2020.S1401-Column-Metadata.csv,csv encoding=utf-8-sig
ACSST5Y2020.S1401-Data.csv,data/raw/acs/reference_repo/S1702_Family_Poverty_Status/ACSST5Y2020.S1401-Data.csv,csv,127.6,data/raw/acs/reference_repo/S1702_Family_Poverty_Status,demographics,raw_source,34,411,"Geography; Geographic Area Name; Estimate!!Total!!Population 3 years and over enrolled in school; Margin of Error!!Total!!Population 3 years and over enrolled in school; Estimate!!Total!!Population 3 years and over enrolled in school!!Nursery school, preschool; Margin of Error!!Total!!Population 3 years and over enrolled in school!!Nursery school, preschool; Estimate!!Total!!Population 3 years and over enrolled in school!!Kindergarten to 12th grade; Margin of Error!!Total!!Population 3 years and over enrolled in school!!Kindergarten to 12th grade; Estimate!!Total!!Population 3 years and over enrolled in school!!Kindergarten to 12th grade!!Kindergarten; Margin of Error!!Total!!Population 3 years and over enrolled in school!!Kindergarten to 12th grade!!Kindergarten; Estimate!!Total!!Population 3 years and over enrolled in school!!Kindergarten to 12th grade!!Elementary: grade 1 to grade 4; Margin of Error!!Total!!Population 3 years and over enrolled in school!!Kindergarten to 12th grade!!Elementary: grade 1 to grade 4; Estimate!!Total!!Population 3 years and over enrolled in school!!Kindergarten to 12th grade!!Elementary: grade 5 to grade 8; Margin of Error!!Total!!Population 3 years and over enrolled in school!!Kindergarten to 12th grade!!Elementary: grade 5 to grade 8; Estimate!!Total!!Population 3 years and over enrolled in school!!Kindergarten to 12th grade!!High school: grade 9 to grade 12; Margin of Error!!Total!!Population 3 years and over enrolled in school!!Kindergarten to 12th grade!!High school: grade 9 to grade 12; Estimate!!Total!!Population 3 years and over enrolled in school!!College, undergraduate; Margin of Error!!Total!!Population 3 years and over enrolled in school!!College, undergraduate; Estimate!!Total!!Population 3 years and over enrolled in school!!Graduate, professional school; Margin of Error!!Total!!Population 3 years and over enrolled in school!!Graduate, professional school; Estimate!!Total!!Population enrolled in college or graduate school; Margin of Error!!Total!!Population enrolled in college or graduate school; Estimate!!Total!!Population enrolled in college or graduate school!!Males enrolled in college or graduate school; Margin of Error!!Total!!Population enrolled in college or graduate school!!Males enrolled in college or graduate school; Estimate!!Total!!Population enrolled in college or graduate school!!Females enrolled in college or graduate school; ...",,,data/raw/acs/reference_repo/S1401_School_Enrollment/ACSST5Y2020.S1401-Data.csv,csv encoding=utf-8-sig
ACSST5Y2020.S1401-Table-Notes.txt,data/raw/acs/reference_repo/S1702_Family_Poverty_Status/ACSST5Y2020.S1401-Table-Notes.txt,txt,5.09,data/raw/acs/reference_repo/S1702_Family_Poverty_Status,demographics,raw_source,,,,,,data/raw/acs/reference_repo/S1401_School_Enrollment/ACSST5Y2020.S1401-Table-Notes.txt,documentation or metadata text file
ACSST5Y2021.S1401-Column-Metadata.csv,data/raw/acs/reference_repo/S1702_Family_Poverty_Status/ACSST5Y2021.S1401-Column-Metadata.csv,csv,44.82,data/raw/acs/reference_repo/S1702_Family_Poverty_Status,demographics,raw_source,409,2,GEO_ID; Geography,,,data/raw/acs/reference_repo/S1401_School_Enrollment/ACSST5Y2021.S1401-Column-Metadata.csv,csv encoding=utf-8-sig
ACSST5Y2021.S1401-Data.csv,data/raw/acs/reference_repo/S1702_Family_Poverty_Status/ACSST5Y2021.S1401-Data.csv,csv,127.56,data/raw/acs/reference_repo/S1702_Family_Poverty_Status,demographics,raw_source,34,411,"Geography; Geographic Area Name; Estimate!!Total!!Population 3 years and over enrolled in school; Margin of Error!!Total!!Population 3 years and over enrolled in school; Estimate!!Total!!Population 3 years and over enrolled in school!!Nursery school, preschool; Margin of Error!!Total!!Population 3 years and over enrolled in school!!Nursery school, preschool; Estimate!!Total!!Population 3 years and over enrolled in school!!Kindergarten to 12th grade; Margin of Error!!Total!!Population 3 years and over enrolled in school!!Kindergarten to 12th grade; Estimate!!Total!!Population 3 years and over enrolled in school!!Kindergarten to 12th grade!!Kindergarten; Margin of Error!!Total!!Population 3 years and over enrolled in school!!Kindergarten to 12th grade!!Kindergarten; Estimate!!Total!!Population 3 years and over enrolled in school!!Kindergarten to 12th grade!!Elementary: grade 1 to grade 4; Margin of Error!!Total!!Population 3 years and over enrolled in school!!Kindergarten to 12th grade!!Elementary: grade 1 to grade 4; Estimate!!Total!!Population 3 years and over enrolled in school!!Kindergarten to 12th grade!!Elementary: grade 5 to grade 8; Margin of Error!!Total!!Population 3 years and over enrolled in school!!Kindergarten to 12th grade!!Elementary: grade 5 to grade 8; Estimate!!Total!!Population 3 years and over enrolled in school!!Kindergarten to 12th grade!!High school: grade 9 to grade 12; Margin of Error!!Total!!Population 3 years and over enrolled in school!!Kindergarten to 12th grade!!High school: grade 9 to grade 12; Estimate!!Total!!Population 3 years and over enrolled in school!!College, undergraduate; Margin of Error!!Total!!Population 3 years and over enrolled in school!!College, undergraduate; Estimate!!Total!!Population 3 years and over enrolled in school!!Graduate, professional school; Margin of Error!!Total!!Population 3 years and over enrolled in school!!Graduate, professional school; Estimate!!Total!!Population enrolled in college or graduate school; Margin of Error!!Total!!Population enrolled in college or graduate school; Estimate!!Total!!Population enrolled in college or graduate school!!Males enrolled in college or graduate school; Margin of Error!!Total!!Population enrolled in college or graduate school!!Males enrolled in college or graduate school; Estimate!!Total!!Population enrolled in college or graduate school!!Females enrolled in college or graduate school; ...",,,data/raw/acs/reference_repo/S1401_School_Enrollment/ACSST5Y2021.S1401-Data.csv,csv encoding=utf-8-sig
ACSST5Y2021.S1401-Table-Notes.txt,data/raw/acs/reference_repo/S1702_Family_Poverty_Status/ACSST5Y2021.S1401-Table-Notes.txt,txt,5.07,data/raw/acs/reference_repo/S1702_Family_Poverty_Status,demographics,raw_source,,,,,,data/raw/acs/reference_repo/S1401_School_Enrollment/ACSST5Y2021.S1401-Table-Notes.txt,documentation or metadata text file
ACSST5Y2022.S1401-Column-Metadata.csv,data/raw/acs/reference_repo/S1702_Family_Poverty_Status/ACSST5Y2022.S1401-Column-Metadata.csv,csv,44.82,data/raw/acs/reference_repo/S1702_Family_Poverty_Status,demographics,raw_source,409,2,GEO_ID; Geography,,,data/raw/acs/reference_repo/S1401_School_Enrollment/ACSST5Y2022.S1401-Column-Metadata.csv,csv encoding=utf-8-sig
ACSST5Y2022.S1401-Data.csv,data/raw/acs/reference_repo/S1702_Family_Poverty_Status/ACSST5Y2022.S1401-Data.csv,csv,127.46,data/raw/acs/reference_repo/S1702_Family_Poverty_Status,demographics,raw_source,34,411,"Geography; Geographic Area Name; Estimate!!Total!!Population 3 years and over enrolled in school; Margin of Error!!Total!!Population 3 years and over enrolled in school; Estimate!!Total!!Population 3 years and over enrolled in school!!Nursery school, preschool; Margin of Error!!Total!!Population 3 years and over enrolled in school!!Nursery school, preschool; Estimate!!Total!!Population 3 years and over enrolled in school!!Kindergarten to 12th grade; Margin of Error!!Total!!Population 3 years and over enrolled in school!!Kindergarten to 12th grade; Estimate!!Total!!Population 3 years and over enrolled in school!!Kindergarten to 12th grade!!Kindergarten; Margin of Error!!Total!!Population 3 years and over enrolled in school!!Kindergarten to 12th grade!!Kindergarten; Estimate!!Total!!Population 3 years and over enrolled in school!!Kindergarten to 12th grade!!Elementary: grade 1 to grade 4; Margin of Error!!Total!!Population 3 years and over enrolled in school!!Kindergarten to 12th grade!!Elementary: grade 1 to grade 4; Estimate!!Total!!Population 3 years and over enrolled in school!!Kindergarten to 12th grade!!Elementary: grade 5 to grade 8; Margin of Error!!Total!!Population 3 years and over enrolled in school!!Kindergarten to 12th grade!!Elementary: grade 5 to grade 8; Estimate!!Total!!Population 3 years and over enrolled in school!!Kindergarten to 12th grade!!High school: grade 9 to grade 12; Margin of Error!!Total!!Population 3 years and over enrolled in school!!Kindergarten to 12th grade!!High school: grade 9 to grade 12; Estimate!!Total!!Population 3 years and over enrolled in school!!College, undergraduate; Margin of Error!!Total!!Population 3 years and over enrolled in school!!College, undergraduate; Estimate!!Total!!Population 3 years and over enrolled in school!!Graduate, professional school; Margin of Error!!Total!!Population 3 years and over enrolled in school!!Graduate, professional school; Estimate!!Total!!Population enrolled in college or graduate school; Margin of Error!!Total!!Population enrolled in college or graduate school; Estimate!!Total!!Population enrolled in college or graduate school!!Males enrolled in college or graduate school; Margin of Error!!Total!!Population enrolled in college or graduate school!!Males enrolled in college or graduate school; Estimate!!Total!!Population enrolled in college or graduate school!!Females enrolled in college or graduate school; ...",,,data/raw/acs/reference_repo/S1401_School_Enrollment/ACSST5Y2022.S1401-Data.csv,csv encoding=utf-8-sig
ACSST5Y2022.S1401-Table-Notes.txt,data/raw/acs/reference_repo/S1702_Family_Poverty_Status/ACSST5Y2022.S1401-Table-Notes.txt,txt,5.38,data/raw/acs/reference_repo/S1702_Family_Poverty_Status,demographics,raw_source,,,,,,data/raw/acs/reference_repo/S1401_School_Enrollment/ACSST5Y2022.S1401-Table-Notes.txt,documentation or metadata text file
ACSST5Y2023.S1401-Column-Metadata.csv,data/raw/acs/reference_repo/S1702_Family_Poverty_Status/ACSST5Y2023.S1401-Column-Metadata.csv,csv,44.82,data/raw/acs/reference_repo/S1702_Family_Poverty_Status,demographics,raw_source,409,2,GEO_ID; Geography,,,data/raw/acs/reference_repo/S1401_School_Enrollment/ACSST5Y2023.S1401-Column-Metadata.csv,csv encoding=utf-8-sig
ACSST5Y2023.S1401-Data.csv,data/raw/acs/reference_repo/S1702_Family_Poverty_Status/ACSST5Y2023.S1401-Data.csv,csv,127.45,data/raw/acs/reference_repo/S1702_Family_Poverty_Status,demographics,raw_source,34,411,"Geography; Geographic Area Name; Estimate!!Total!!Population 3 years and over enrolled in school; Margin of Error!!Total!!Population 3 years and over enrolled in school; Estimate!!Total!!Population 3 years and over enrolled in school!!Nursery school, preschool; Margin of Error!!Total!!Population 3 years and over enrolled in school!!Nursery school, preschool; Estimate!!Total!!Population 3 years and over enrolled in school!!Kindergarten to 12th grade; Margin of Error!!Total!!Population 3 years and over enrolled in school!!Kindergarten to 12th grade; Estimate!!Total!!Population 3 years and over enrolled in school!!Kindergarten to 12th grade!!Kindergarten; Margin of Error!!Total!!Population 3 years and over enrolled in school!!Kindergarten to 12th grade!!Kindergarten; Estimate!!Total!!Population 3 years and over enrolled in school!!Kindergarten to 12th grade!!Elementary: grade 1 to grade 4; Margin of Error!!Total!!Population 3 years and over enrolled in school!!Kindergarten to 12th grade!!Elementary: grade 1 to grade 4; Estimate!!Total!!Population 3 years and over enrolled in school!!Kindergarten to 12th grade!!Elementary: grade 5 to grade 8; Margin of Error!!Total!!Population 3 years and over enrolled in school!!Kindergarten to 12th grade!!Elementary: grade 5 to grade 8; Estimate!!Total!!Population 3 years and over enrolled in school!!Kindergarten to 12th grade!!High school: grade 9 to grade 12; Margin of Error!!Total!!Population 3 years and over enrolled in school!!Kindergarten to 12th grade!!High school: grade 9 to grade 12; Estimate!!Total!!Population 3 years and over enrolled in school!!College, undergraduate; Margin of Error!!Total!!Population 3 years and over enrolled in school!!College, undergraduate; Estimate!!Total!!Population 3 years and over enrolled in school!!Graduate, professional school; Margin of Error!!Total!!Population 3 years and over enrolled in school!!Graduate, professional school; Estimate!!Total!!Population enrolled in college or graduate school; Margin of Error!!Total!!Population enrolled in college or graduate school; Estimate!!Total!!Population enrolled in college or graduate school!!Males enrolled in college or graduate school; Margin of Error!!Total!!Population enrolled in college or graduate school!!Males enrolled in college or graduate school; Estimate!!Total!!Population enrolled in college or graduate school!!Females enrolled in college or graduate school; ...",,,data/raw/acs/reference_repo/S1401_School_Enrollment/ACSST5Y2023.S1401-Data.csv,csv encoding=utf-8-sig
ACSST5Y2023.S1401-Table-Notes.txt,data/raw/acs/reference_repo/S1702_Family_Poverty_Status/ACSST5Y2023.S1401-Table-Notes.txt,txt,6.0,data/raw/acs/reference_repo/S1702_Family_Poverty_Status,demographics,raw_source,,,,,,data/raw/acs/reference_repo/S1401_School_Enrollment/ACSST5Y2023.S1401-Table-Notes.txt,documentation or metadata text file
ACSST5Y2010.S1901-Column-Metadata.csv,data/raw/acs/reference_repo/S1901_Income/ACSST5Y2010.S1901-Column-Metadata.csv,csv,9.61,data/raw/acs/reference_repo/S1901_Income,demographics,raw_source,129,2,GEO_ID; Geography,,,,csv encoding=utf-8-sig
ACSST5Y2010.S1901-Data.csv,data/raw/acs/reference_repo/S1901_Income/ACSST5Y2010.S1901-Data.csv,csv,39.07,data/raw/acs/reference_repo/S1901_Income,demographics,raw_source,32,131,"Geography; Geographic Area Name; Households!!Estimate!!Total; Households!!Margin of Error!!Total; Families!!Estimate!!Total; Families!!Margin of Error!!Total; Married-couple families!!Estimate!!Total; Married-couple families!!Margin of Error!!Total; Nonfamily households!!Estimate!!Total; Nonfamily households!!Margin of Error!!Total; Households!!Estimate!!Less than $10,000; Households!!Margin of Error!!Less than $10,000; Families!!Estimate!!Less than $10,000; Families!!Margin of Error!!Less than $10,000; Married-couple families!!Estimate!!Less than $10,000; Married-couple families!!Margin of Error!!Less than $10,000; Nonfamily households!!Estimate!!Less than $10,000; Nonfamily households!!Margin of Error!!Less than $10,000; Households!!Estimate!!$10,000 to $14,999; Households!!Margin of Error!!$10,000 to $14,999; Families!!Estimate!!$10,000 to $14,999; Families!!Margin of Error!!$10,000 to $14,999; Married-couple families!!Estimate!!$10,000 to $14,999; Married-couple families!!Margin of Error!!$10,000 to $14,999; Nonfamily households!!Estimate!!$10,000 to $14,999; ...",,,,csv encoding=utf-8-sig
ACSST5Y2010.S1901-Table-Notes.txt,data/raw/acs/reference_repo/S1901_Income/ACSST5Y2010.S1901-Table-Notes.txt,txt,5.27,data/raw/acs/reference_repo/S1901_Income,demographics,raw_source,,,,,,,documentation or metadata text file
ACSST5Y2011.S1901-Column-Metadata.csv,data/raw/acs/reference_repo/S1901_Income/ACSST5Y2011.S1901-Column-Metadata.csv,csv,9.61,data/raw/acs/reference_repo/S1901_Income,demographics,raw_source,129,2,GEO_ID; Geography,,,,csv encoding=utf-8-sig
ACSST5Y2011.S1901-Data.csv,data/raw/acs/reference_repo/S1901_Income/ACSST5Y2011.S1901-Data.csv,csv,37.04,data/raw/acs/reference_repo/S1901_Income,demographics,raw_source,32,131,"Geography; Geographic Area Name; Households!!Estimate!!Total; Households!!Margin of Error!!Total; Families!!Estimate!!Total; Families!!Margin of Error!!Total; Married-couple families!!Estimate!!Total; Married-couple families!!Margin of Error!!Total; Nonfamily households!!Estimate!!Total; Nonfamily households!!Margin of Error!!Total; Households!!Estimate!!Less than $10,000; Households!!Margin of Error!!Less than $10,000; Families!!Estimate!!Less than $10,000; Families!!Margin of Error!!Less than $10,000; Married-couple families!!Estimate!!Less than $10,000; Married-couple families!!Margin of Error!!Less than $10,000; Nonfamily households!!Estimate!!Less than $10,000; Nonfamily households!!Margin of Error!!Less than $10,000; Households!!Estimate!!$10,000 to $14,999; Households!!Margin of Error!!$10,000 to $14,999; Families!!Estimate!!$10,000 to $14,999; Families!!Margin of Error!!$10,000 to $14,999; Married-couple families!!Estimate!!$10,000 to $14,999; Married-couple families!!Margin of Error!!$10,000 to $14,999; Nonfamily households!!Estimate!!$10,000 to $14,999; ...",,,,csv encoding=utf-8-sig
ACSST5Y2011.S1901-Table-Notes.txt,data/raw/acs/reference_repo/S1901_Income/ACSST5Y2011.S1901-Table-Notes.txt,txt,5.04,data/raw/acs/reference_repo/S1901_Income,demographics,raw_source,,,,,,,documentation or metadata text file
ACSST5Y2012.S1901-Column-Metadata.csv,data/raw/acs/reference_repo/S1901_Income/ACSST5Y2012.S1901-Column-Metadata.csv,csv,9.61,data/raw/acs/reference_repo/S1901_Income,demographics,raw_source,129,2,GEO_ID; Geography,,,,csv encoding=utf-8-sig
ACSST5Y2012.S1901-Data.csv,data/raw/acs/reference_repo/S1901_Income/ACSST5Y2012.S1901-Data.csv,csv,37.04,data/raw/acs/reference_repo/S1901_Income,demographics,raw_source,32,131,"Geography; Geographic Area Name; Households!!Estimate!!Total; Households!!Margin of Error!!Total; Families!!Estimate!!Total; Families!!Margin of Error!!Total; Married-couple families!!Estimate!!Total; Married-couple families!!Margin of Error!!Total; Nonfamily households!!Estimate!!Total; Nonfamily households!!Margin of Error!!Total; Households!!Estimate!!Less than $10,000; Households!!Margin of Error!!Less than $10,000; Families!!Estimate!!Less than $10,000; Families!!Margin of Error!!Less than $10,000; Married-couple families!!Estimate!!Less than $10,000; Married-couple families!!Margin of Error!!Less than $10,000; Nonfamily households!!Estimate!!Less than $10,000; Nonfamily households!!Margin of Error!!Less than $10,000; Households!!Estimate!!$10,000 to $14,999; Households!!Margin of Error!!$10,000 to $14,999; Families!!Estimate!!$10,000 to $14,999; Families!!Margin of Error!!$10,000 to $14,999; Married-couple families!!Estimate!!$10,000 to $14,999; Married-couple families!!Margin of Error!!$10,000 to $14,999; Nonfamily households!!Estimate!!$10,000 to $14,999; ...",,,,csv encoding=utf-8-sig
ACSST5Y2012.S1901-Table-Notes.txt,data/raw/acs/reference_repo/S1901_Income/ACSST5Y2012.S1901-Table-Notes.txt,txt,5.04,data/raw/acs/reference_repo/S1901_Income,demographics,raw_source,,,,,,,documentation or metadata text file
ACSST5Y2013.S1901-Column-Metadata.csv,data/raw/acs/reference_repo/S1901_Income/ACSST5Y2013.S1901-Column-Metadata.csv,csv,9.61,data/raw/acs/reference_repo/S1901_Income,demographics,raw_source,129,2,GEO_ID; Geography,,,,csv encoding=utf-8-sig
ACSST5Y2013.S1901-Data.csv,data/raw/acs/reference_repo/S1901_Income/ACSST5Y2013.S1901-Data.csv,csv,37.03,data/raw/acs/reference_repo/S1901_Income,demographics,raw_source,32,131,"Geography; Geographic Area Name; Households!!Estimate!!Total; Households!!Margin of Error!!Total; Families!!Estimate!!Total; Families!!Margin of Error!!Total; Married-couple families!!Estimate!!Total; Married-couple families!!Margin of Error!!Total; Nonfamily households!!Estimate!!Total; Nonfamily households!!Margin of Error!!Total; Households!!Estimate!!Less than $10,000; Households!!Margin of Error!!Less than $10,000; Families!!Estimate!!Less than $10,000; Families!!Margin of Error!!Less than $10,000; Married-couple families!!Estimate!!Less than $10,000; Married-couple families!!Margin of Error!!Less than $10,000; Nonfamily households!!Estimate!!Less than $10,000; Nonfamily households!!Margin of Error!!Less than $10,000; Households!!Estimate!!$10,000 to $14,999; Households!!Margin of Error!!$10,000 to $14,999; Families!!Estimate!!$10,000 to $14,999; Families!!Margin of Error!!$10,000 to $14,999; Married-couple families!!Estimate!!$10,000 to $14,999; Married-couple families!!Margin of Error!!$10,000 to $14,999; Nonfamily households!!Estimate!!$10,000 to $14,999; ...",,,,csv encoding=utf-8-sig
ACSST5Y2013.S1901-Table-Notes.txt,data/raw/acs/reference_repo/S1901_Income/ACSST5Y2013.S1901-Table-Notes.txt,txt,4.98,data/raw/acs/reference_repo/S1901_Income,demographics,raw_source,,,,,,,documentation or metadata text file
ACSST5Y2014.S1901-Column-Metadata.csv,data/raw/acs/reference_repo/S1901_Income/ACSST5Y2014.S1901-Column-Metadata.csv,csv,9.61,data/raw/acs/reference_repo/S1901_Income,demographics,raw_source,129,2,GEO_ID; Geography,,,,csv encoding=utf-8-sig
ACSST5Y2014.S1901-Data.csv,data/raw/acs/reference_repo/S1901_Income/ACSST5Y2014.S1901-Data.csv,csv,37.1,data/raw/acs/reference_repo/S1901_Income,demographics,raw_source,32,131,"Geography; Geographic Area Name; Households!!Estimate!!Total; Households!!Margin of Error!!Total; Families!!Estimate!!Total; Families!!Margin of Error!!Total; Married-couple families!!Estimate!!Total; Married-couple families!!Margin of Error!!Total; Nonfamily households!!Estimate!!Total; Nonfamily households!!Margin of Error!!Total; Households!!Estimate!!Less than $10,000; Households!!Margin of Error!!Less than $10,000; Families!!Estimate!!Less than $10,000; Families!!Margin of Error!!Less than $10,000; Married-couple families!!Estimate!!Less than $10,000; Married-couple families!!Margin of Error!!Less than $10,000; Nonfamily households!!Estimate!!Less than $10,000; Nonfamily households!!Margin of Error!!Less than $10,000; Households!!Estimate!!$10,000 to $14,999; Households!!Margin of Error!!$10,000 to $14,999; Families!!Estimate!!$10,000 to $14,999; Families!!Margin of Error!!$10,000 to $14,999; Married-couple families!!Estimate!!$10,000 to $14,999; Married-couple families!!Margin of Error!!$10,000 to $14,999; Nonfamily households!!Estimate!!$10,000 to $14,999; ...",,,,csv encoding=utf-8-sig
ACSST5Y2014.S1901-Table-Notes.txt,data/raw/acs/reference_repo/S1901_Income/ACSST5Y2014.S1901-Table-Notes.txt,txt,5.0,data/raw/acs/reference_repo/S1901_Income,demographics,raw_source,,,,,,,documentation or metadata text file
ACSST5Y2015.S1901-Column-Metadata.csv,data/raw/acs/reference_repo/S1901_Income/ACSST5Y2015.S1901-Column-Metadata.csv,csv,9.61,data/raw/acs/reference_repo/S1901_Income,demographics,raw_source,129,2,GEO_ID; Geography,,,,csv encoding=utf-8-sig
ACSST5Y2015.S1901-Data.csv,data/raw/acs/reference_repo/S1901_Income/ACSST5Y2015.S1901-Data.csv,csv,37.0,data/raw/acs/reference_repo/S1901_Income,demographics,raw_source,32,131,"Geography; Geographic Area Name; Households!!Estimate!!Total; Households!!Margin of Error!!Total; Families!!Estimate!!Total; Families!!Margin of Error!!Total; Married-couple families!!Estimate!!Total; Married-couple families!!Margin of Error!!Total; Nonfamily households!!Estimate!!Total; Nonfamily households!!Margin of Error!!Total; Households!!Estimate!!Less than $10,000; Households!!Margin of Error!!Less than $10,000; Families!!Estimate!!Less than $10,000; Families!!Margin of Error!!Less than $10,000; Married-couple families!!Estimate!!Less than $10,000; Married-couple families!!Margin of Error!!Less than $10,000; Nonfamily households!!Estimate!!Less than $10,000; Nonfamily households!!Margin of Error!!Less than $10,000; Households!!Estimate!!$10,000 to $14,999; Households!!Margin of Error!!$10,000 to $14,999; Families!!Estimate!!$10,000 to $14,999; Families!!Margin of Error!!$10,000 to $14,999; Married-couple families!!Estimate!!$10,000 to $14,999; Married-couple families!!Margin of Error!!$10,000 to $14,999; Nonfamily households!!Estimate!!$10,000 to $14,999; ...",,,,csv encoding=utf-8-sig
ACSST5Y2015.S1901-Table-Notes.txt,data/raw/acs/reference_repo/S1901_Income/ACSST5Y2015.S1901-Table-Notes.txt,txt,5.21,data/raw/acs/reference_repo/S1901_Income,demographics,raw_source,,,,,,,documentation or metadata text file
ACSST5Y2016.S1901-Column-Metadata.csv,data/raw/acs/reference_repo/S1901_Income/ACSST5Y2016.S1901-Column-Metadata.csv,csv,9.65,data/raw/acs/reference_repo/S1901_Income,demographics,raw_source,129,2,GEO_ID; Geography,,,,csv encoding=utf-8-sig
ACSST5Y2016.S1901-Data.csv,data/raw/acs/reference_repo/S1901_Income/ACSST5Y2016.S1901-Data.csv,csv,37.13,data/raw/acs/reference_repo/S1901_Income,demographics,raw_source,32,131,"Geography; Geographic Area Name; Households!!Estimate!!Total; Households!!Margin of Error!!Total; Families!!Estimate!!Total; Families!!Margin of Error!!Total; Married-couple families!!Estimate!!Total; Married-couple families!!Margin of Error!!Total; Nonfamily households!!Estimate!!Total; Nonfamily households!!Margin of Error!!Total; Households!!Estimate!!Less than $10,000; Households!!Margin of Error!!Less than $10,000; Families!!Estimate!!Less than $10,000; Families!!Margin of Error!!Less than $10,000; Married-couple families!!Estimate!!Less than $10,000; Married-couple families!!Margin of Error!!Less than $10,000; Nonfamily households!!Estimate!!Less than $10,000; Nonfamily households!!Margin of Error!!Less than $10,000; Households!!Estimate!!$10,000 to $14,999; Households!!Margin of Error!!$10,000 to $14,999; Families!!Estimate!!$10,000 to $14,999; Families!!Margin of Error!!$10,000 to $14,999; Married-couple families!!Estimate!!$10,000 to $14,999; Married-couple families!!Margin of Error!!$10,000 to $14,999; Nonfamily households!!Estimate!!$10,000 to $14,999; ...",,,,csv encoding=utf-8-sig
ACSST5Y2016.S1901-Table-Notes.txt,data/raw/acs/reference_repo/S1901_Income/ACSST5Y2016.S1901-Table-Notes.txt,txt,5.76,data/raw/acs/reference_repo/S1901_Income,demographics,raw_source,,,,,,,documentation or metadata text file
ACSST5Y2017.S1901-Column-Metadata.csv,data/raw/acs/reference_repo/S1901_Income/ACSST5Y2017.S1901-Column-Metadata.csv,csv,10.45,data/raw/acs/reference_repo/S1901_Income,demographics,raw_source,129,2,GEO_ID; Geography,,,,csv encoding=utf-8-sig
ACSST5Y2017.S1901-Data.csv,data/raw/acs/reference_repo/S1901_Income/ACSST5Y2017.S1901-Data.csv,csv,37.91,data/raw/acs/reference_repo/S1901_Income,demographics,raw_source,32,131,"Geography; Geographic Area Name; Estimate!!Households!!Total; Margin of Error!!Households MOE!!Total; Estimate!!Households!!Total!!Less than $10,000; Margin of Error!!Households MOE!!Total!!Less than $10,000; Estimate!!Households!!Total!!$10,000 to $14,999; Margin of Error!!Households MOE!!Total!!$10,000 to $14,999; Estimate!!Households!!Total!!$15,000 to $24,999; Margin of Error!!Households MOE!!Total!!$15,000 to $24,999; Estimate!!Households!!Total!!$25,000 to $34,999; Margin of Error!!Households MOE!!Total!!$25,000 to $34,999; Estimate!!Households!!Total!!$35,000 to $49,999; Margin of Error!!Households MOE!!Total!!$35,000 to $49,999; Estimate!!Households!!Total!!$50,000 to $74,999; Margin of Error!!Households MOE!!Total!!$50,000 to $74,999; Estimate!!Households!!Total!!$75,000 to $99,999; Margin of Error!!Households MOE!!Total!!$75,000 to $99,999; Estimate!!Households!!Total!!$100,000 to $149,999; Margin of Error!!Households MOE!!Total!!$100,000 to $149,999; Estimate!!Households!!Total!!$150,000 to $199,999; Margin of Error!!Households MOE!!Total!!$150,000 to $199,999; Estimate!!Households!!Total!!$200,000 or more; Margin of Error!!Households MOE!!Total!!$200,000 or more; Estimate!!Households!!Median income (dollars); ...",,,,csv encoding=utf-8-sig
ACSST5Y2017.S1901-Table-Notes.txt,data/raw/acs/reference_repo/S1901_Income/ACSST5Y2017.S1901-Table-Notes.txt,txt,5.81,data/raw/acs/reference_repo/S1901_Income,demographics,raw_source,,,,,,,documentation or metadata text file
ACSST5Y2018.S1901-Column-Metadata.csv,data/raw/acs/reference_repo/S1901_Income/ACSST5Y2018.S1901-Column-Metadata.csv,csv,10.45,data/raw/acs/reference_repo/S1901_Income,demographics,raw_source,129,2,GEO_ID; Geography,,,,csv encoding=utf-8-sig
ACSST5Y2018.S1901-Data.csv,data/raw/acs/reference_repo/S1901_Income/ACSST5Y2018.S1901-Data.csv,csv,37.92,data/raw/acs/reference_repo/S1901_Income,demographics,raw_source,32,131,"Geography; Geographic Area Name; Estimate!!Households!!Total; Margin of Error!!Households MOE!!Total; Estimate!!Households!!Total!!Less than $10,000; Margin of Error!!Households MOE!!Total!!Less than $10,000; Estimate!!Households!!Total!!$10,000 to $14,999; Margin of Error!!Households MOE!!Total!!$10,000 to $14,999; Estimate!!Households!!Total!!$15,000 to $24,999; Margin of Error!!Households MOE!!Total!!$15,000 to $24,999; Estimate!!Households!!Total!!$25,000 to $34,999; Margin of Error!!Households MOE!!Total!!$25,000 to $34,999; Estimate!!Households!!Total!!$35,000 to $49,999; Margin of Error!!Households MOE!!Total!!$35,000 to $49,999; Estimate!!Households!!Total!!$50,000 to $74,999; Margin of Error!!Households MOE!!Total!!$50,000 to $74,999; Estimate!!Households!!Total!!$75,000 to $99,999; Margin of Error!!Households MOE!!Total!!$75,000 to $99,999; Estimate!!Households!!Total!!$100,000 to $149,999; Margin of Error!!Households MOE!!Total!!$100,000 to $149,999; Estimate!!Households!!Total!!$150,000 to $199,999; Margin of Error!!Households MOE!!Total!!$150,000 to $199,999; Estimate!!Households!!Total!!$200,000 or more; Margin of Error!!Households MOE!!Total!!$200,000 or more; Estimate!!Households!!Median income (dollars); ...",,,,csv encoding=utf-8-sig
ACSST5Y2018.S1901-Table-Notes.txt,data/raw/acs/reference_repo/S1901_Income/ACSST5Y2018.S1901-Table-Notes.txt,txt,5.98,data/raw/acs/reference_repo/S1901_Income,demographics,raw_source,,,,,,,documentation or metadata text file
ACSST5Y2019.S1901-Column-Metadata.csv,data/raw/acs/reference_repo/S1901_Income/ACSST5Y2019.S1901-Column-Metadata.csv,csv,10.2,data/raw/acs/reference_repo/S1901_Income,demographics,raw_source,129,2,GEO_ID; Geography,,,,csv encoding=utf-8-sig
ACSST5Y2019.S1901-Data.csv,data/raw/acs/reference_repo/S1901_Income/ACSST5Y2019.S1901-Data.csv,csv,37.66,data/raw/acs/reference_repo/S1901_Income,demographics,raw_source,32,131,"Geography; Geographic Area Name; Estimate!!Households!!Total; Margin of Error!!Households!!Total; Estimate!!Households!!Total!!Less than $10,000; Margin of Error!!Households!!Total!!Less than $10,000; Estimate!!Households!!Total!!$10,000 to $14,999; Margin of Error!!Households!!Total!!$10,000 to $14,999; Estimate!!Households!!Total!!$15,000 to $24,999; Margin of Error!!Households!!Total!!$15,000 to $24,999; Estimate!!Households!!Total!!$25,000 to $34,999; Margin of Error!!Households!!Total!!$25,000 to $34,999; Estimate!!Households!!Total!!$35,000 to $49,999; Margin of Error!!Households!!Total!!$35,000 to $49,999; Estimate!!Households!!Total!!$50,000 to $74,999; Margin of Error!!Households!!Total!!$50,000 to $74,999; Estimate!!Households!!Total!!$75,000 to $99,999; Margin of Error!!Households!!Total!!$75,000 to $99,999; Estimate!!Households!!Total!!$100,000 to $149,999; Margin of Error!!Households!!Total!!$100,000 to $149,999; Estimate!!Households!!Total!!$150,000 to $199,999; Margin of Error!!Households!!Total!!$150,000 to $199,999; Estimate!!Households!!Total!!$200,000 or more; Margin of Error!!Households!!Total!!$200,000 or more; Estimate!!Households!!Median income (dollars); ...",,,,csv encoding=utf-8-sig
ACSST5Y2019.S1901-Table-Notes.txt,data/raw/acs/reference_repo/S1901_Income/ACSST5Y2019.S1901-Table-Notes.txt,txt,6.53,data/raw/acs/reference_repo/S1901_Income,demographics,raw_source,,,,,,,documentation or metadata text file
ACSST5Y2020.S1901-Column-Metadata.csv,data/raw/acs/reference_repo/S1901_Income/ACSST5Y2020.S1901-Column-Metadata.csv,csv,10.2,data/raw/acs/reference_repo/S1901_Income,demographics,raw_source,129,2,GEO_ID; Geography,,,,csv encoding=utf-8-sig
ACSST5Y2020.S1901-Data.csv,data/raw/acs/reference_repo/S1901_Income/ACSST5Y2020.S1901-Data.csv,csv,39.48,data/raw/acs/reference_repo/S1901_Income,demographics,raw_source,34,131,"Geography; Geographic Area Name; Estimate!!Households!!Total; Margin of Error!!Households!!Total; Estimate!!Households!!Total!!Less than $10,000; Margin of Error!!Households!!Total!!Less than $10,000; Estimate!!Households!!Total!!$10,000 to $14,999; Margin of Error!!Households!!Total!!$10,000 to $14,999; Estimate!!Households!!Total!!$15,000 to $24,999; Margin of Error!!Households!!Total!!$15,000 to $24,999; Estimate!!Households!!Total!!$25,000 to $34,999; Margin of Error!!Households!!Total!!$25,000 to $34,999; Estimate!!Households!!Total!!$35,000 to $49,999; Margin of Error!!Households!!Total!!$35,000 to $49,999; Estimate!!Households!!Total!!$50,000 to $74,999; Margin of Error!!Households!!Total!!$50,000 to $74,999; Estimate!!Households!!Total!!$75,000 to $99,999; Margin of Error!!Households!!Total!!$75,000 to $99,999; Estimate!!Households!!Total!!$100,000 to $149,999; Margin of Error!!Households!!Total!!$100,000 to $149,999; Estimate!!Households!!Total!!$150,000 to $199,999; Margin of Error!!Households!!Total!!$150,000 to $199,999; Estimate!!Households!!Total!!$200,000 or more; Margin of Error!!Households!!Total!!$200,000 or more; Estimate!!Households!!Median income (dollars); ...",,,,csv encoding=utf-8-sig
ACSST5Y2020.S1901-Table-Notes.txt,data/raw/acs/reference_repo/S1901_Income/ACSST5Y2020.S1901-Table-Notes.txt,txt,6.55,data/raw/acs/reference_repo/S1901_Income,demographics,raw_source,,,,,,,documentation or metadata text file
ACSST5Y2021.S1901-Column-Metadata.csv,data/raw/acs/reference_repo/S1901_Income/ACSST5Y2021.S1901-Column-Metadata.csv,csv,10.2,data/raw/acs/reference_repo/S1901_Income,demographics,raw_source,129,2,GEO_ID; Geography,,,,csv encoding=utf-8-sig
ACSST5Y2021.S1901-Data.csv,data/raw/acs/reference_repo/S1901_Income/ACSST5Y2021.S1901-Data.csv,csv,39.5,data/raw/acs/reference_repo/S1901_Income,demographics,raw_source,34,131,"Geography; Geographic Area Name; Estimate!!Households!!Total; Margin of Error!!Households!!Total; Estimate!!Households!!Total!!Less than $10,000; Margin of Error!!Households!!Total!!Less than $10,000; Estimate!!Households!!Total!!$10,000 to $14,999; Margin of Error!!Households!!Total!!$10,000 to $14,999; Estimate!!Households!!Total!!$15,000 to $24,999; Margin of Error!!Households!!Total!!$15,000 to $24,999; Estimate!!Households!!Total!!$25,000 to $34,999; Margin of Error!!Households!!Total!!$25,000 to $34,999; Estimate!!Households!!Total!!$35,000 to $49,999; Margin of Error!!Households!!Total!!$35,000 to $49,999; Estimate!!Households!!Total!!$50,000 to $74,999; Margin of Error!!Households!!Total!!$50,000 to $74,999; Estimate!!Households!!Total!!$75,000 to $99,999; Margin of Error!!Households!!Total!!$75,000 to $99,999; Estimate!!Households!!Total!!$100,000 to $149,999; Margin of Error!!Households!!Total!!$100,000 to $149,999; Estimate!!Households!!Total!!$150,000 to $199,999; Margin of Error!!Households!!Total!!$150,000 to $199,999; Estimate!!Households!!Total!!$200,000 or more; Margin of Error!!Households!!Total!!$200,000 or more; Estimate!!Households!!Median income (dollars); ...",,,,csv encoding=utf-8-sig
ACSST5Y2021.S1901-Table-Notes.txt,data/raw/acs/reference_repo/S1901_Income/ACSST5Y2021.S1901-Table-Notes.txt,txt,6.53,data/raw/acs/reference_repo/S1901_Income,demographics,raw_source,,,,,,,documentation or metadata text file
ACSST5Y2022.S1901-Column-Metadata.csv,data/raw/acs/reference_repo/S1901_Income/ACSST5Y2022.S1901-Column-Metadata.csv,csv,10.2,data/raw/acs/reference_repo/S1901_Income,demographics,raw_source,129,2,GEO_ID; Geography,,,,csv encoding=utf-8-sig
ACSST5Y2022.S1901-Data.csv,data/raw/acs/reference_repo/S1901_Income/ACSST5Y2022.S1901-Data.csv,csv,39.54,data/raw/acs/reference_repo/S1901_Income,demographics,raw_source,34,131,"Geography; Geographic Area Name; Estimate!!Households!!Total; Margin of Error!!Households!!Total; Estimate!!Households!!Total!!Less than $10,000; Margin of Error!!Households!!Total!!Less than $10,000; Estimate!!Households!!Total!!$10,000 to $14,999; Margin of Error!!Households!!Total!!$10,000 to $14,999; Estimate!!Households!!Total!!$15,000 to $24,999; Margin of Error!!Households!!Total!!$15,000 to $24,999; Estimate!!Households!!Total!!$25,000 to $34,999; Margin of Error!!Households!!Total!!$25,000 to $34,999; Estimate!!Households!!Total!!$35,000 to $49,999; Margin of Error!!Households!!Total!!$35,000 to $49,999; Estimate!!Households!!Total!!$50,000 to $74,999; Margin of Error!!Households!!Total!!$50,000 to $74,999; Estimate!!Households!!Total!!$75,000 to $99,999; Margin of Error!!Households!!Total!!$75,000 to $99,999; Estimate!!Households!!Total!!$100,000 to $149,999; Margin of Error!!Households!!Total!!$100,000 to $149,999; Estimate!!Households!!Total!!$150,000 to $199,999; Margin of Error!!Households!!Total!!$150,000 to $199,999; Estimate!!Households!!Total!!$200,000 or more; Margin of Error!!Households!!Total!!$200,000 or more; Estimate!!Households!!Median income (dollars); ...",,,,csv encoding=utf-8-sig
ACSST5Y2022.S1901-Table-Notes.txt,data/raw/acs/reference_repo/S1901_Income/ACSST5Y2022.S1901-Table-Notes.txt,txt,6.48,data/raw/acs/reference_repo/S1901_Income,demographics,raw_source,,,,,,,documentation or metadata text file
ACSST5Y2023.S1901-Column-Metadata.csv,data/raw/acs/reference_repo/S1901_Income/ACSST5Y2023.S1901-Column-Metadata.csv,csv,10.2,data/raw/acs/reference_repo/S1901_Income,demographics,raw_source,129,2,GEO_ID; Geography,,,,csv encoding=utf-8-sig
ACSST5Y2023.S1901-Data.csv,data/raw/acs/reference_repo/S1901_Income/ACSST5Y2023.S1901-Data.csv,csv,39.52,data/raw/acs/reference_repo/S1901_Income,demographics,raw_source,34,131,"Geography; Geographic Area Name; Estimate!!Households!!Total; Margin of Error!!Households!!Total; Estimate!!Households!!Total!!Less than $10,000; Margin of Error!!Households!!Total!!Less than $10,000; Estimate!!Households!!Total!!$10,000 to $14,999; Margin of Error!!Households!!Total!!$10,000 to $14,999; Estimate!!Households!!Total!!$15,000 to $24,999; Margin of Error!!Households!!Total!!$15,000 to $24,999; Estimate!!Households!!Total!!$25,000 to $34,999; Margin of Error!!Households!!Total!!$25,000 to $34,999; Estimate!!Households!!Total!!$35,000 to $49,999; Margin of Error!!Households!!Total!!$35,000 to $49,999; Estimate!!Households!!Total!!$50,000 to $74,999; Margin of Error!!Households!!Total!!$50,000 to $74,999; Estimate!!Households!!Total!!$75,000 to $99,999; Margin of Error!!Households!!Total!!$75,000 to $99,999; Estimate!!Households!!Total!!$100,000 to $149,999; Margin of Error!!Households!!Total!!$100,000 to $149,999; Estimate!!Households!!Total!!$150,000 to $199,999; Margin of Error!!Households!!Total!!$150,000 to $199,999; Estimate!!Households!!Total!!$200,000 or more; Margin of Error!!Households!!Total!!$200,000 or more; Estimate!!Households!!Median income (dollars); ...",,,,csv encoding=utf-8-sig
ACSST5Y2023.S1901-Table-Notes.txt,data/raw/acs/reference_repo/S1901_Income/ACSST5Y2023.S1901-Table-Notes.txt,txt,6.56,data/raw/acs/reference_repo/S1901_Income,demographics,raw_source,,,,,,,documentation or metadata text file
ACSST5Y2010.S1902-Column-Metadata.csv,data/raw/acs/reference_repo/S1902_Mean_Income/ACSST5Y2010.S1902-Column-Metadata.csv,csv,11.44,data/raw/acs/reference_repo/S1902_Mean_Income,demographics,raw_source,109,2,GEO_ID; Geography,,,,csv encoding=utf-8-sig
ACSST5Y2010.S1902-Data.csv,data/raw/acs/reference_repo/S1902_Mean_Income/ACSST5Y2010.S1902-Data.csv,csv,35.6,data/raw/acs/reference_repo/S1902_Mean_Income,demographics,raw_source,32,111,"Geography; Geographic Area Name; Total!!Estimate!!All households; Total!!Margin of Error!!All households; Mean income (dollars)!!Estimate!!All households; Mean income (dollars)!!Margin of Error!!All households; Total!!Estimate!!With earnings; Total!!Margin of Error!!With earnings; Mean income (dollars)!!Estimate!!With earnings; Mean income (dollars)!!Margin of Error!!With earnings; Total!!Estimate!!With interest, dividends, or net rental income; Total!!Margin of Error!!With interest, dividends, or net rental income; Mean income (dollars)!!Estimate!!With interest, dividends, or net rental income; Mean income (dollars)!!Margin of Error!!With interest, dividends, or net rental income; Total!!Estimate!!With Social Security income; Total!!Margin of Error!!With Social Security income; Mean income (dollars)!!Estimate!!With Social Security income; Mean income (dollars)!!Margin of Error!!With Social Security income; Total!!Estimate!!With Supplemental Security Income (SSI); Total!!Margin of Error!!With Supplemental Security Income (SSI); Mean income (dollars)!!Estimate!!With Supplemental Security Income (SSI); Mean income (dollars)!!Margin of Error!!With Supplemental Security Income (SSI); Total!!Estimate!!With cash public assistance income; Total!!Margin of Error!!With cash public assistance income; Mean income (dollars)!!Estimate!!With cash public assistance income; ...",,,,csv encoding=utf-8-sig
ACSST5Y2010.S1902-Table-Notes.txt,data/raw/acs/reference_repo/S1902_Mean_Income/ACSST5Y2010.S1902-Table-Notes.txt,txt,5.96,data/raw/acs/reference_repo/S1902_Mean_Income,demographics,raw_source,,,,,,,documentation or metadata text file
ACSST5Y2011.S1902-Column-Metadata.csv,data/raw/acs/reference_repo/S1902_Mean_Income/ACSST5Y2011.S1902-Column-Metadata.csv,csv,11.44,data/raw/acs/reference_repo/S1902_Mean_Income,demographics,raw_source,109,2,GEO_ID; Geography,,,,csv encoding=utf-8-sig
ACSST5Y2011.S1902-Data.csv,data/raw/acs/reference_repo/S1902_Mean_Income/ACSST5Y2011.S1902-Data.csv,csv,34.72,data/raw/acs/reference_repo/S1902_Mean_Income,demographics,raw_source,32,111,"Geography; Geographic Area Name; Total!!Estimate!!All households; Total!!Margin of Error!!All households; Mean income (dollars)!!Estimate!!All households; Mean income (dollars)!!Margin of Error!!All households; Total!!Estimate!!With earnings; Total!!Margin of Error!!With earnings; Mean income (dollars)!!Estimate!!With earnings; Mean income (dollars)!!Margin of Error!!With earnings; Total!!Estimate!!With interest, dividends, or net rental income; Total!!Margin of Error!!With interest, dividends, or net rental income; Mean income (dollars)!!Estimate!!With interest, dividends, or net rental income; Mean income (dollars)!!Margin of Error!!With interest, dividends, or net rental income; Total!!Estimate!!With Social Security income; Total!!Margin of Error!!With Social Security income; Mean income (dollars)!!Estimate!!With Social Security income; Mean income (dollars)!!Margin of Error!!With Social Security income; Total!!Estimate!!With Supplemental Security Income (SSI); Total!!Margin of Error!!With Supplemental Security Income (SSI); Mean income (dollars)!!Estimate!!With Supplemental Security Income (SSI); Mean income (dollars)!!Margin of Error!!With Supplemental Security Income (SSI); Total!!Estimate!!With cash public assistance income; Total!!Margin of Error!!With cash public assistance income; Mean income (dollars)!!Estimate!!With cash public assistance income; ...",,,,csv encoding=utf-8-sig
ACSST5Y2011.S1902-Table-Notes.txt,data/raw/acs/reference_repo/S1902_Mean_Income/ACSST5Y2011.S1902-Table-Notes.txt,txt,5.72,data/raw/acs/reference_repo/S1902_Mean_Income,demographics,raw_source,,,,,,,documentation or metadata text file
ACSST5Y2012.S1902-Column-Metadata.csv,data/raw/acs/reference_repo/S1902_Mean_Income/ACSST5Y2012.S1902-Column-Metadata.csv,csv,11.44,data/raw/acs/reference_repo/S1902_Mean_Income,demographics,raw_source,109,2,GEO_ID; Geography,,,,csv encoding=utf-8-sig
ACSST5Y2012.S1902-Data.csv,data/raw/acs/reference_repo/S1902_Mean_Income/ACSST5Y2012.S1902-Data.csv,csv,34.67,data/raw/acs/reference_repo/S1902_Mean_Income,demographics,raw_source,32,111,"Geography; Geographic Area Name; Total!!Estimate!!All households; Total!!Margin of Error!!All households; Mean income (dollars)!!Estimate!!All households; Mean income (dollars)!!Margin of Error!!All households; Total!!Estimate!!With earnings; Total!!Margin of Error!!With earnings; Mean income (dollars)!!Estimate!!With earnings; Mean income (dollars)!!Margin of Error!!With earnings; Total!!Estimate!!With interest, dividends, or net rental income; Total!!Margin of Error!!With interest, dividends, or net rental income; Mean income (dollars)!!Estimate!!With interest, dividends, or net rental income; Mean income (dollars)!!Margin of Error!!With interest, dividends, or net rental income; Total!!Estimate!!With Social Security income; Total!!Margin of Error!!With Social Security income; Mean income (dollars)!!Estimate!!With Social Security income; Mean income (dollars)!!Margin of Error!!With Social Security income; Total!!Estimate!!With Supplemental Security Income (SSI); Total!!Margin of Error!!With Supplemental Security Income (SSI); Mean income (dollars)!!Estimate!!With Supplemental Security Income (SSI); Mean income (dollars)!!Margin of Error!!With Supplemental Security Income (SSI); Total!!Estimate!!With cash public assistance income; Total!!Margin of Error!!With cash public assistance income; Mean income (dollars)!!Estimate!!With cash public assistance income; ...",,,,csv encoding=utf-8-sig
ACSST5Y2012.S1902-Table-Notes.txt,data/raw/acs/reference_repo/S1902_Mean_Income/ACSST5Y2012.S1902-Table-Notes.txt,txt,5.72,data/raw/acs/reference_repo/S1902_Mean_Income,demographics,raw_source,,,,,,,documentation or metadata text file
ACSST5Y2013.S1902-Column-Metadata.csv,data/raw/acs/reference_repo/S1902_Mean_Income/ACSST5Y2013.S1902-Column-Metadata.csv,csv,12.64,data/raw/acs/reference_repo/S1902_Mean_Income,demographics,raw_source,109,2,GEO_ID; Geography,,,,csv encoding=utf-8-sig
ACSST5Y2013.S1902-Data.csv,data/raw/acs/reference_repo/S1902_Mean_Income/ACSST5Y2013.S1902-Data.csv,csv,35.83,data/raw/acs/reference_repo/S1902_Mean_Income,demographics,raw_source,32,111,"Geography; Geographic Area Name; Total!!Estimate!!All households; Total!!Margin of Error!!All households; Mean income (dollars)!!Estimate!!All households; Mean income (dollars)!!Margin of Error!!All households; Total!!Estimate!!All households!!With earnings; Total!!Margin of Error!!All households!!With earnings; Mean income (dollars)!!Estimate!!All households!!With earnings; Mean income (dollars)!!Margin of Error!!All households!!With earnings; Total!!Estimate!!All households!!With interest, dividends, or net rental income; Total!!Margin of Error!!All households!!With interest, dividends, or net rental income; Mean income (dollars)!!Estimate!!All households!!With interest, dividends, or net rental income; Mean income (dollars)!!Margin of Error!!All households!!With interest, dividends, or net rental income; Total!!Estimate!!All households!!With Social Security income; Total!!Margin of Error!!All households!!With Social Security income; Mean income (dollars)!!Estimate!!All households!!With Social Security income; Mean income (dollars)!!Margin of Error!!All households!!With Social Security income; Total!!Estimate!!All households!!With Supplemental Security Income (SSI); Total!!Margin of Error!!All households!!With Supplemental Security Income (SSI); Mean income (dollars)!!Estimate!!All households!!With Supplemental Security Income (SSI); Mean income (dollars)!!Margin of Error!!All households!!With Supplemental Security Income (SSI); Total!!Estimate!!All households!!With cash public assistance income; Total!!Margin of Error!!All households!!With cash public assistance income; Mean income (dollars)!!Estimate!!All households!!With cash public assistance income; ...",,,,csv encoding=utf-8-sig
ACSST5Y2013.S1902-Table-Notes.txt,data/raw/acs/reference_repo/S1902_Mean_Income/ACSST5Y2013.S1902-Table-Notes.txt,txt,6.18,data/raw/acs/reference_repo/S1902_Mean_Income,demographics,raw_source,,,,,,,documentation or metadata text file
ACSST5Y2014.S1902-Column-Metadata.csv,data/raw/acs/reference_repo/S1902_Mean_Income/ACSST5Y2014.S1902-Column-Metadata.csv,csv,12.64,data/raw/acs/reference_repo/S1902_Mean_Income,demographics,raw_source,109,2,GEO_ID; Geography,,,,csv encoding=utf-8-sig
ACSST5Y2014.S1902-Data.csv,data/raw/acs/reference_repo/S1902_Mean_Income/ACSST5Y2014.S1902-Data.csv,csv,35.84,data/raw/acs/reference_repo/S1902_Mean_Income,demographics,raw_source,32,111,"Geography; Geographic Area Name; Total!!Estimate!!All households; Total!!Margin of Error!!All households; Mean income (dollars)!!Estimate!!All households; Mean income (dollars)!!Margin of Error!!All households; Total!!Estimate!!All households!!With earnings; Total!!Margin of Error!!All households!!With earnings; Mean income (dollars)!!Estimate!!All households!!With earnings; Mean income (dollars)!!Margin of Error!!All households!!With earnings; Total!!Estimate!!All households!!With interest, dividends, or net rental income; Total!!Margin of Error!!All households!!With interest, dividends, or net rental income; Mean income (dollars)!!Estimate!!All households!!With interest, dividends, or net rental income; Mean income (dollars)!!Margin of Error!!All households!!With interest, dividends, or net rental income; Total!!Estimate!!All households!!With Social Security income; Total!!Margin of Error!!All households!!With Social Security income; Mean income (dollars)!!Estimate!!All households!!With Social Security income; Mean income (dollars)!!Margin of Error!!All households!!With Social Security income; Total!!Estimate!!All households!!With Supplemental Security Income (SSI); Total!!Margin of Error!!All households!!With Supplemental Security Income (SSI); Mean income (dollars)!!Estimate!!All households!!With Supplemental Security Income (SSI); Mean income (dollars)!!Margin of Error!!All households!!With Supplemental Security Income (SSI); Total!!Estimate!!All households!!With cash public assistance income; Total!!Margin of Error!!All households!!With cash public assistance income; Mean income (dollars)!!Estimate!!All households!!With cash public assistance income; ...",,,,csv encoding=utf-8-sig
ACSST5Y2014.S1902-Table-Notes.txt,data/raw/acs/reference_repo/S1902_Mean_Income/ACSST5Y2014.S1902-Table-Notes.txt,txt,5.52,data/raw/acs/reference_repo/S1902_Mean_Income,demographics,raw_source,,,,,,,documentation or metadata text file
ACSST5Y2015.S1902-Column-Metadata.csv,data/raw/acs/reference_repo/S1902_Mean_Income/ACSST5Y2015.S1902-Column-Metadata.csv,csv,12.64,data/raw/acs/reference_repo/S1902_Mean_Income,demographics,raw_source,109,2,GEO_ID; Geography,,,,csv encoding=utf-8-sig
ACSST5Y2015.S1902-Data.csv,data/raw/acs/reference_repo/S1902_Mean_Income/ACSST5Y2015.S1902-Data.csv,csv,35.78,data/raw/acs/reference_repo/S1902_Mean_Income,demographics,raw_source,32,111,"Geography; Geographic Area Name; Total!!Estimate!!All households; Total!!Margin of Error!!All households; Mean income (dollars)!!Estimate!!All households; Mean income (dollars)!!Margin of Error!!All households; Total!!Estimate!!All households!!With earnings; Total!!Margin of Error!!All households!!With earnings; Mean income (dollars)!!Estimate!!All households!!With earnings; Mean income (dollars)!!Margin of Error!!All households!!With earnings; Total!!Estimate!!All households!!With interest, dividends, or net rental income; Total!!Margin of Error!!All households!!With interest, dividends, or net rental income; Mean income (dollars)!!Estimate!!All households!!With interest, dividends, or net rental income; Mean income (dollars)!!Margin of Error!!All households!!With interest, dividends, or net rental income; Total!!Estimate!!All households!!With Social Security income; Total!!Margin of Error!!All households!!With Social Security income; Mean income (dollars)!!Estimate!!All households!!With Social Security income; Mean income (dollars)!!Margin of Error!!All households!!With Social Security income; Total!!Estimate!!All households!!With Supplemental Security Income (SSI); Total!!Margin of Error!!All households!!With Supplemental Security Income (SSI); Mean income (dollars)!!Estimate!!All households!!With Supplemental Security Income (SSI); Mean income (dollars)!!Margin of Error!!All households!!With Supplemental Security Income (SSI); Total!!Estimate!!All households!!With cash public assistance income; Total!!Margin of Error!!All households!!With cash public assistance income; Mean income (dollars)!!Estimate!!All households!!With cash public assistance income; ...",,,,csv encoding=utf-8-sig
ACSST5Y2015.S1902-Table-Notes.txt,data/raw/acs/reference_repo/S1902_Mean_Income/ACSST5Y2015.S1902-Table-Notes.txt,txt,5.73,data/raw/acs/reference_repo/S1902_Mean_Income,demographics,raw_source,,,,,,,documentation or metadata text file
ACSST5Y2016.S1902-Column-Metadata.csv,data/raw/acs/reference_repo/S1902_Mean_Income/ACSST5Y2016.S1902-Column-Metadata.csv,csv,12.66,data/raw/acs/reference_repo/S1902_Mean_Income,demographics,raw_source,109,2,GEO_ID; Geography,,,,csv encoding=utf-8-sig
ACSST5Y2016.S1902-Data.csv,data/raw/acs/reference_repo/S1902_Mean_Income/ACSST5Y2016.S1902-Data.csv,csv,35.68,data/raw/acs/reference_repo/S1902_Mean_Income,demographics,raw_source,32,111,"Geography; Geographic Area Name; Total!!Estimate!!All households; Total!!Margin of Error!!All households; Mean income (dollars)!!Estimate!!All households; Mean income (dollars)!!Margin of Error!!All households; Total!!Estimate!!All households!!With earnings; Total!!Margin of Error!!All households!!With earnings; Mean income (dollars)!!Estimate!!All households!!With earnings; Mean income (dollars)!!Margin of Error!!All households!!With earnings; Total!!Estimate!!All households!!With interest, dividends, or net rental income; Total!!Margin of Error!!All households!!With interest, dividends, or net rental income; Mean income (dollars)!!Estimate!!All households!!With interest, dividends, or net rental income; Mean income (dollars)!!Margin of Error!!All households!!With interest, dividends, or net rental income; Total!!Estimate!!All households!!With Social Security income; Total!!Margin of Error!!All households!!With Social Security income; Mean income (dollars)!!Estimate!!All households!!With Social Security income; Mean income (dollars)!!Margin of Error!!All households!!With Social Security income; Total!!Estimate!!All households!!With Supplemental Security Income (SSI); Total!!Margin of Error!!All households!!With Supplemental Security Income (SSI); Mean income (dollars)!!Estimate!!All households!!With Supplemental Security Income (SSI); Mean income (dollars)!!Margin of Error!!All households!!With Supplemental Security Income (SSI); Total!!Estimate!!All households!!With cash public assistance income; Total!!Margin of Error!!All households!!With cash public assistance income; Mean income (dollars)!!Estimate!!All households!!With cash public assistance income; ...",,,,csv encoding=utf-8-sig
ACSST5Y2016.S1902-Table-Notes.txt,data/raw/acs/reference_repo/S1902_Mean_Income/ACSST5Y2016.S1902-Table-Notes.txt,txt,6.28,data/raw/acs/reference_repo/S1902_Mean_Income,demographics,raw_source,,,,,,,documentation or metadata text file
ACSST5Y2017.S1902-Column-Metadata.csv,data/raw/acs/reference_repo/S1902_Mean_Income/ACSST5Y2017.S1902-Column-Metadata.csv,csv,22.75,data/raw/acs/reference_repo/S1902_Mean_Income,demographics,raw_source,169,2,GEO_ID; Geography,,,,csv encoding=utf-8-sig
ACSST5Y2017.S1902-Data.csv,data/raw/acs/reference_repo/S1902_Mean_Income/ACSST5Y2017.S1902-Data.csv,csv,56.37,data/raw/acs/reference_repo/S1902_Mean_Income,demographics,raw_source,32,171,"Geography; Geographic Area Name; Estimate!!Number!!HOUSEHOLD INCOME!!All households; Margin of Error!!Number MOE!!HOUSEHOLD INCOME!!All households; Estimate!!Number!!HOUSEHOLD INCOME!!All households!!With earnings; Margin of Error!!Number MOE!!HOUSEHOLD INCOME!!All households!!With earnings; Estimate!!Number!!HOUSEHOLD INCOME!!All households!!With earnings!!With wages or salary income; Margin of Error!!Number MOE!!HOUSEHOLD INCOME!!All households!!With earnings!!With wages or salary income; Estimate!!Number!!HOUSEHOLD INCOME!!All households!!With earnings!!With self-employment income; Margin of Error!!Number MOE!!HOUSEHOLD INCOME!!All households!!With earnings!!With self-employment income; Estimate!!Number!!HOUSEHOLD INCOME!!All households!!With interest, dividends, or net rental income; Margin of Error!!Number MOE!!HOUSEHOLD INCOME!!All households!!With interest, dividends, or net rental income; Estimate!!Number!!HOUSEHOLD INCOME!!All households!!With Social Security income; Margin of Error!!Number MOE!!HOUSEHOLD INCOME!!All households!!With Social Security income; Estimate!!Number!!HOUSEHOLD INCOME!!All households!!With Supplemental Security Income (SSI); Margin of Error!!Number MOE!!HOUSEHOLD INCOME!!All households!!With Supplemental Security Income (SSI); Estimate!!Number!!HOUSEHOLD INCOME!!All households!!With cash public assistance income or Food Stamps/SNAP; Margin of Error!!Number MOE!!HOUSEHOLD INCOME!!All households!!With cash public assistance income or Food Stamps/SNAP; Estimate!!Number!!HOUSEHOLD INCOME!!All households!!With cash public assistance income or Food Stamps/SNAP!!With cash public assistance; Margin of Error!!Number MOE!!HOUSEHOLD INCOME!!All households!!With cash public assistance income or Food Stamps/SNAP!!With cash public assistance; Estimate!!Number!!HOUSEHOLD INCOME!!All households!!With retirement income; Margin of Error!!Number MOE!!HOUSEHOLD INCOME!!All households!!With retirement income; Estimate!!Number!!HOUSEHOLD INCOME!!All households!!With other types of income; Margin of Error!!Number MOE!!HOUSEHOLD INCOME!!All households!!With other types of income; Estimate!!Number!!FAMILY INCOME BY NUMBER OF WORKERS IN FAMILY!!All families; ...",,,,csv encoding=utf-8-sig
ACSST5Y2017.S1902-Table-Notes.txt,data/raw/acs/reference_repo/S1902_Mean_Income/ACSST5Y2017.S1902-Table-Notes.txt,txt,5.81,data/raw/acs/reference_repo/S1902_Mean_Income,demographics,raw_source,,,,,,,documentation or metadata text file
ACSST5Y2018.S1902-Column-Metadata.csv,data/raw/acs/reference_repo/S1902_Mean_Income/ACSST5Y2018.S1902-Column-Metadata.csv,csv,22.75,data/raw/acs/reference_repo/S1902_Mean_Income,demographics,raw_source,169,2,GEO_ID; Geography,,,,csv encoding=utf-8-sig
ACSST5Y2018.S1902-Data.csv,data/raw/acs/reference_repo/S1902_Mean_Income/ACSST5Y2018.S1902-Data.csv,csv,56.5,data/raw/acs/reference_repo/S1902_Mean_Income,demographics,raw_source,32,171,"Geography; Geographic Area Name; Estimate!!Number!!HOUSEHOLD INCOME!!All households; Margin of Error!!Number MOE!!HOUSEHOLD INCOME!!All households; Estimate!!Number!!HOUSEHOLD INCOME!!All households!!With earnings; Margin of Error!!Number MOE!!HOUSEHOLD INCOME!!All households!!With earnings; Estimate!!Number!!HOUSEHOLD INCOME!!All households!!With earnings!!With wages or salary income; Margin of Error!!Number MOE!!HOUSEHOLD INCOME!!All households!!With earnings!!With wages or salary income; Estimate!!Number!!HOUSEHOLD INCOME!!All households!!With earnings!!With self-employment income; Margin of Error!!Number MOE!!HOUSEHOLD INCOME!!All households!!With earnings!!With self-employment income; Estimate!!Number!!HOUSEHOLD INCOME!!All households!!With interest, dividends, or net rental income; Margin of Error!!Number MOE!!HOUSEHOLD INCOME!!All households!!With interest, dividends, or net rental income; Estimate!!Number!!HOUSEHOLD INCOME!!All households!!With Social Security income; Margin of Error!!Number MOE!!HOUSEHOLD INCOME!!All households!!With Social Security income; Estimate!!Number!!HOUSEHOLD INCOME!!All households!!With Supplemental Security Income (SSI); Margin of Error!!Number MOE!!HOUSEHOLD INCOME!!All households!!With Supplemental Security Income (SSI); Estimate!!Number!!HOUSEHOLD INCOME!!All households!!With cash public assistance income or Food Stamps/SNAP; Margin of Error!!Number MOE!!HOUSEHOLD INCOME!!All households!!With cash public assistance income or Food Stamps/SNAP; Estimate!!Number!!HOUSEHOLD INCOME!!All households!!With cash public assistance income or Food Stamps/SNAP!!With cash public assistance; Margin of Error!!Number MOE!!HOUSEHOLD INCOME!!All households!!With cash public assistance income or Food Stamps/SNAP!!With cash public assistance; Estimate!!Number!!HOUSEHOLD INCOME!!All households!!With retirement income; Margin of Error!!Number MOE!!HOUSEHOLD INCOME!!All households!!With retirement income; Estimate!!Number!!HOUSEHOLD INCOME!!All households!!With other types of income; Margin of Error!!Number MOE!!HOUSEHOLD INCOME!!All households!!With other types of income; Estimate!!Number!!FAMILY INCOME BY NUMBER OF WORKERS IN FAMILY!!All families; ...",,,,csv encoding=utf-8-sig
ACSST5Y2018.S1902-Table-Notes.txt,data/raw/acs/reference_repo/S1902_Mean_Income/ACSST5Y2018.S1902-Table-Notes.txt,txt,5.98,data/raw/acs/reference_repo/S1902_Mean_Income,demographics,raw_source,,,,,,,documentation or metadata text file
ACSST5Y2019.S1902-Column-Metadata.csv,data/raw/acs/reference_repo/S1902_Mean_Income/ACSST5Y2019.S1902-Column-Metadata.csv,csv,22.38,data/raw/acs/reference_repo/S1902_Mean_Income,demographics,raw_source,169,2,GEO_ID; Geography,,,,csv encoding=utf-8-sig
ACSST5Y2019.S1902-Data.csv,data/raw/acs/reference_repo/S1902_Mean_Income/ACSST5Y2019.S1902-Data.csv,csv,56.11,data/raw/acs/reference_repo/S1902_Mean_Income,demographics,raw_source,32,171,"Geography; Geographic Area Name; Estimate!!Number!!HOUSEHOLD INCOME!!All households; Margin of Error!!Number!!HOUSEHOLD INCOME!!All households; Estimate!!Number!!HOUSEHOLD INCOME!!All households!!With earnings; Margin of Error!!Number!!HOUSEHOLD INCOME!!All households!!With earnings; Estimate!!Number!!HOUSEHOLD INCOME!!All households!!With earnings!!With wages or salary income; Margin of Error!!Number!!HOUSEHOLD INCOME!!All households!!With earnings!!With wages or salary income; Estimate!!Number!!HOUSEHOLD INCOME!!All households!!With earnings!!With self-employment income; Margin of Error!!Number!!HOUSEHOLD INCOME!!All households!!With earnings!!With self-employment income; Estimate!!Number!!HOUSEHOLD INCOME!!All households!!With interest, dividends, or net rental income; Margin of Error!!Number!!HOUSEHOLD INCOME!!All households!!With interest, dividends, or net rental income; Estimate!!Number!!HOUSEHOLD INCOME!!All households!!With Social Security income; Margin of Error!!Number!!HOUSEHOLD INCOME!!All households!!With Social Security income; Estimate!!Number!!HOUSEHOLD INCOME!!All households!!With Supplemental Security Income (SSI); Margin of Error!!Number!!HOUSEHOLD INCOME!!All households!!With Supplemental Security Income (SSI); Estimate!!Number!!HOUSEHOLD INCOME!!All households!!With cash public assistance income or Food Stamps/SNAP; Margin of Error!!Number!!HOUSEHOLD INCOME!!All households!!With cash public assistance income or Food Stamps/SNAP; Estimate!!Number!!HOUSEHOLD INCOME!!All households!!With cash public assistance income or Food Stamps/SNAP!!With cash public assistance; Margin of Error!!Number!!HOUSEHOLD INCOME!!All households!!With cash public assistance income or Food Stamps/SNAP!!With cash public assistance; Estimate!!Number!!HOUSEHOLD INCOME!!All households!!With retirement income; Margin of Error!!Number!!HOUSEHOLD INCOME!!All households!!With retirement income; Estimate!!Number!!HOUSEHOLD INCOME!!All households!!With other types of income; Margin of Error!!Number!!HOUSEHOLD INCOME!!All households!!With other types of income; Estimate!!Number!!FAMILY INCOME BY NUMBER OF WORKERS IN FAMILY!!All families; ...",,,,csv encoding=utf-8-sig
ACSST5Y2019.S1902-Table-Notes.txt,data/raw/acs/reference_repo/S1902_Mean_Income/ACSST5Y2019.S1902-Table-Notes.txt,txt,6.93,data/raw/acs/reference_repo/S1902_Mean_Income,demographics,raw_source,,,,,,,documentation or metadata text file
ACSST5Y2020.S1902-Column-Metadata.csv,data/raw/acs/reference_repo/S1902_Mean_Income/ACSST5Y2020.S1902-Column-Metadata.csv,csv,22.38,data/raw/acs/reference_repo/S1902_Mean_Income,demographics,raw_source,169,2,GEO_ID; Geography,,,,csv encoding=utf-8-sig
ACSST5Y2020.S1902-Data.csv,data/raw/acs/reference_repo/S1902_Mean_Income/ACSST5Y2020.S1902-Data.csv,csv,58.24,data/raw/acs/reference_repo/S1902_Mean_Income,demographics,raw_source,34,171,"Geography; Geographic Area Name; Estimate!!Number!!HOUSEHOLD INCOME!!All households; Margin of Error!!Number!!HOUSEHOLD INCOME!!All households; Estimate!!Number!!HOUSEHOLD INCOME!!All households!!With earnings; Margin of Error!!Number!!HOUSEHOLD INCOME!!All households!!With earnings; Estimate!!Number!!HOUSEHOLD INCOME!!All households!!With earnings!!With wages or salary income; Margin of Error!!Number!!HOUSEHOLD INCOME!!All households!!With earnings!!With wages or salary income; Estimate!!Number!!HOUSEHOLD INCOME!!All households!!With earnings!!With self-employment income; Margin of Error!!Number!!HOUSEHOLD INCOME!!All households!!With earnings!!With self-employment income; Estimate!!Number!!HOUSEHOLD INCOME!!All households!!With interest, dividends, or net rental income; Margin of Error!!Number!!HOUSEHOLD INCOME!!All households!!With interest, dividends, or net rental income; Estimate!!Number!!HOUSEHOLD INCOME!!All households!!With Social Security income; Margin of Error!!Number!!HOUSEHOLD INCOME!!All households!!With Social Security income; Estimate!!Number!!HOUSEHOLD INCOME!!All households!!With Supplemental Security Income (SSI); Margin of Error!!Number!!HOUSEHOLD INCOME!!All households!!With Supplemental Security Income (SSI); Estimate!!Number!!HOUSEHOLD INCOME!!All households!!With cash public assistance income or Food Stamps/SNAP; Margin of Error!!Number!!HOUSEHOLD INCOME!!All households!!With cash public assistance income or Food Stamps/SNAP; Estimate!!Number!!HOUSEHOLD INCOME!!All households!!With cash public assistance income or Food Stamps/SNAP!!With cash public assistance; Margin of Error!!Number!!HOUSEHOLD INCOME!!All households!!With cash public assistance income or Food Stamps/SNAP!!With cash public assistance; Estimate!!Number!!HOUSEHOLD INCOME!!All households!!With retirement income; Margin of Error!!Number!!HOUSEHOLD INCOME!!All households!!With retirement income; Estimate!!Number!!HOUSEHOLD INCOME!!All households!!With other types of income; Margin of Error!!Number!!HOUSEHOLD INCOME!!All households!!With other types of income; Estimate!!Number!!FAMILY INCOME BY NUMBER OF WORKERS IN FAMILY!!All families; ...",,,,csv encoding=utf-8-sig
ACSST5Y2020.S1902-Table-Notes.txt,data/raw/acs/reference_repo/S1902_Mean_Income/ACSST5Y2020.S1902-Table-Notes.txt,txt,6.96,data/raw/acs/reference_repo/S1902_Mean_Income,demographics,raw_source,,,,,,,documentation or metadata text file
ACSST5Y2021.S1902-Column-Metadata.csv,data/raw/acs/reference_repo/S1902_Mean_Income/ACSST5Y2021.S1902-Column-Metadata.csv,csv,22.38,data/raw/acs/reference_repo/S1902_Mean_Income,demographics,raw_source,169,2,GEO_ID; Geography,,,,csv encoding=utf-8-sig
ACSST5Y2021.S1902-Data.csv,data/raw/acs/reference_repo/S1902_Mean_Income/ACSST5Y2021.S1902-Data.csv,csv,58.19,data/raw/acs/reference_repo/S1902_Mean_Income,demographics,raw_source,34,171,"Geography; Geographic Area Name; Estimate!!Number!!HOUSEHOLD INCOME!!All households; Margin of Error!!Number!!HOUSEHOLD INCOME!!All households; Estimate!!Number!!HOUSEHOLD INCOME!!All households!!With earnings; Margin of Error!!Number!!HOUSEHOLD INCOME!!All households!!With earnings; Estimate!!Number!!HOUSEHOLD INCOME!!All households!!With earnings!!With wages or salary income; Margin of Error!!Number!!HOUSEHOLD INCOME!!All households!!With earnings!!With wages or salary income; Estimate!!Number!!HOUSEHOLD INCOME!!All households!!With earnings!!With self-employment income; Margin of Error!!Number!!HOUSEHOLD INCOME!!All households!!With earnings!!With self-employment income; Estimate!!Number!!HOUSEHOLD INCOME!!All households!!With interest, dividends, or net rental income; Margin of Error!!Number!!HOUSEHOLD INCOME!!All households!!With interest, dividends, or net rental income; Estimate!!Number!!HOUSEHOLD INCOME!!All households!!With Social Security income; Margin of Error!!Number!!HOUSEHOLD INCOME!!All households!!With Social Security income; Estimate!!Number!!HOUSEHOLD INCOME!!All households!!With Supplemental Security Income (SSI); Margin of Error!!Number!!HOUSEHOLD INCOME!!All households!!With Supplemental Security Income (SSI); Estimate!!Number!!HOUSEHOLD INCOME!!All households!!With cash public assistance income or Food Stamps/SNAP; Margin of Error!!Number!!HOUSEHOLD INCOME!!All households!!With cash public assistance income or Food Stamps/SNAP; Estimate!!Number!!HOUSEHOLD INCOME!!All households!!With cash public assistance income or Food Stamps/SNAP!!With cash public assistance; Margin of Error!!Number!!HOUSEHOLD INCOME!!All households!!With cash public assistance income or Food Stamps/SNAP!!With cash public assistance; Estimate!!Number!!HOUSEHOLD INCOME!!All households!!With retirement income; Margin of Error!!Number!!HOUSEHOLD INCOME!!All households!!With retirement income; Estimate!!Number!!HOUSEHOLD INCOME!!All households!!With other types of income; Margin of Error!!Number!!HOUSEHOLD INCOME!!All households!!With other types of income; Estimate!!Number!!FAMILY INCOME BY NUMBER OF WORKERS IN FAMILY!!All families; ...",,,,csv encoding=utf-8-sig
ACSST5Y2021.S1902-Table-Notes.txt,data/raw/acs/reference_repo/S1902_Mean_Income/ACSST5Y2021.S1902-Table-Notes.txt,txt,6.94,data/raw/acs/reference_repo/S1902_Mean_Income,demographics,raw_source,,,,,,,documentation or metadata text file
ACSST5Y2022.S1902-Column-Metadata.csv,data/raw/acs/reference_repo/S1902_Mean_Income/ACSST5Y2022.S1902-Column-Metadata.csv,csv,22.38,data/raw/acs/reference_repo/S1902_Mean_Income,demographics,raw_source,169,2,GEO_ID; Geography,,,,csv encoding=utf-8-sig
ACSST5Y2022.S1902-Data.csv,data/raw/acs/reference_repo/S1902_Mean_Income/ACSST5Y2022.S1902-Data.csv,csv,58.52,data/raw/acs/reference_repo/S1902_Mean_Income,demographics,raw_source,34,171,"Geography; Geographic Area Name; Estimate!!Number!!HOUSEHOLD INCOME!!All households; Margin of Error!!Number!!HOUSEHOLD INCOME!!All households; Estimate!!Number!!HOUSEHOLD INCOME!!All households!!With earnings; Margin of Error!!Number!!HOUSEHOLD INCOME!!All households!!With earnings; Estimate!!Number!!HOUSEHOLD INCOME!!All households!!With earnings!!With wages or salary income; Margin of Error!!Number!!HOUSEHOLD INCOME!!All households!!With earnings!!With wages or salary income; Estimate!!Number!!HOUSEHOLD INCOME!!All households!!With earnings!!With self-employment income; Margin of Error!!Number!!HOUSEHOLD INCOME!!All households!!With earnings!!With self-employment income; Estimate!!Number!!HOUSEHOLD INCOME!!All households!!With interest, dividends, or net rental income; Margin of Error!!Number!!HOUSEHOLD INCOME!!All households!!With interest, dividends, or net rental income; Estimate!!Number!!HOUSEHOLD INCOME!!All households!!With Social Security income; Margin of Error!!Number!!HOUSEHOLD INCOME!!All households!!With Social Security income; Estimate!!Number!!HOUSEHOLD INCOME!!All households!!With Supplemental Security Income (SSI); Margin of Error!!Number!!HOUSEHOLD INCOME!!All households!!With Supplemental Security Income (SSI); Estimate!!Number!!HOUSEHOLD INCOME!!All households!!With cash public assistance income or Food Stamps/SNAP; Margin of Error!!Number!!HOUSEHOLD INCOME!!All households!!With cash public assistance income or Food Stamps/SNAP; Estimate!!Number!!HOUSEHOLD INCOME!!All households!!With cash public assistance income or Food Stamps/SNAP!!With cash public assistance; Margin of Error!!Number!!HOUSEHOLD INCOME!!All households!!With cash public assistance income or Food Stamps/SNAP!!With cash public assistance; Estimate!!Number!!HOUSEHOLD INCOME!!All households!!With retirement income; Margin of Error!!Number!!HOUSEHOLD INCOME!!All households!!With retirement income; Estimate!!Number!!HOUSEHOLD INCOME!!All households!!With other types of income; Margin of Error!!Number!!HOUSEHOLD INCOME!!All households!!With other types of income; Estimate!!Number!!FAMILY INCOME BY NUMBER OF WORKERS IN FAMILY!!All families; ...",,,,csv encoding=utf-8-sig
ACSST5Y2022.S1902-Table-Notes.txt,data/raw/acs/reference_repo/S1902_Mean_Income/ACSST5Y2022.S1902-Table-Notes.txt,txt,7.25,data/raw/acs/reference_repo/S1902_Mean_Income,demographics,raw_source,,,,,,,documentation or metadata text file
ACSST5Y2023.S1902-Column-Metadata.csv,data/raw/acs/reference_repo/S1902_Mean_Income/ACSST5Y2023.S1902-Column-Metadata.csv,csv,22.38,data/raw/acs/reference_repo/S1902_Mean_Income,demographics,raw_source,169,2,GEO_ID; Geography,,,,csv encoding=utf-8-sig
ACSST5Y2023.S1902-Data.csv,data/raw/acs/reference_repo/S1902_Mean_Income/ACSST5Y2023.S1902-Data.csv,csv,58.57,data/raw/acs/reference_repo/S1902_Mean_Income,demographics,raw_source,34,171,"Geography; Geographic Area Name; Estimate!!Number!!HOUSEHOLD INCOME!!All households; Margin of Error!!Number!!HOUSEHOLD INCOME!!All households; Estimate!!Number!!HOUSEHOLD INCOME!!All households!!With earnings; Margin of Error!!Number!!HOUSEHOLD INCOME!!All households!!With earnings; Estimate!!Number!!HOUSEHOLD INCOME!!All households!!With earnings!!With wages or salary income; Margin of Error!!Number!!HOUSEHOLD INCOME!!All households!!With earnings!!With wages or salary income; Estimate!!Number!!HOUSEHOLD INCOME!!All households!!With earnings!!With self-employment income; Margin of Error!!Number!!HOUSEHOLD INCOME!!All households!!With earnings!!With self-employment income; Estimate!!Number!!HOUSEHOLD INCOME!!All households!!With interest, dividends, or net rental income; Margin of Error!!Number!!HOUSEHOLD INCOME!!All households!!With interest, dividends, or net rental income; Estimate!!Number!!HOUSEHOLD INCOME!!All households!!With Social Security income; Margin of Error!!Number!!HOUSEHOLD INCOME!!All households!!With Social Security income; Estimate!!Number!!HOUSEHOLD INCOME!!All households!!With Supplemental Security Income (SSI); Margin of Error!!Number!!HOUSEHOLD INCOME!!All households!!With Supplemental Security Income (SSI); Estimate!!Number!!HOUSEHOLD INCOME!!All households!!With cash public assistance income or Food Stamps/SNAP; Margin of Error!!Number!!HOUSEHOLD INCOME!!All households!!With cash public assistance income or Food Stamps/SNAP; Estimate!!Number!!HOUSEHOLD INCOME!!All households!!With cash public assistance income or Food Stamps/SNAP!!With cash public assistance; Margin of Error!!Number!!HOUSEHOLD INCOME!!All households!!With cash public assistance income or Food Stamps/SNAP!!With cash public assistance; Estimate!!Number!!HOUSEHOLD INCOME!!All households!!With retirement income; Margin of Error!!Number!!HOUSEHOLD INCOME!!All households!!With retirement income; Estimate!!Number!!HOUSEHOLD INCOME!!All households!!With other types of income; Margin of Error!!Number!!HOUSEHOLD INCOME!!All households!!With other types of income; Estimate!!Number!!FAMILY INCOME BY NUMBER OF WORKERS IN FAMILY!!All families; ...",,,,csv encoding=utf-8-sig
ACSST5Y2023.S1902-Table-Notes.txt,data/raw/acs/reference_repo/S1902_Mean_Income/ACSST5Y2023.S1902-Table-Notes.txt,txt,6.0,data/raw/acs/reference_repo/S1902_Mean_Income,demographics,raw_source,,,,,,,documentation or metadata text file
ACSST5Y2010.S1903-Column-Metadata.csv,data/raw/acs/reference_repo/S1903_Median_Income/ACSST5Y2010.S1903-Column-Metadata.csv,csv,10.9,data/raw/acs/reference_repo/S1903_Median_Income,demographics,raw_source,121,2,GEO_ID; Geography,,,,csv encoding=utf-8-sig
ACSST5Y2010.S1903-Data.csv,data/raw/acs/reference_repo/S1903_Median_Income/ACSST5Y2010.S1903-Data.csv,csv,40.33,data/raw/acs/reference_repo/S1903_Median_Income,demographics,raw_source,32,123,Geography; Geographic Area Name; Total!!Estimate!!Households; Total!!Margin of Error!!Households; Median income (dollars)!!Estimate!!Households; Median income (dollars)!!Margin of Error!!Households; Total!!Estimate!!One race!!White; Total!!Margin of Error!!One race!!White; Median income (dollars)!!Estimate!!One race!!White; Median income (dollars)!!Margin of Error!!One race!!White; Total!!Estimate!!One race!!Black or African American; Total!!Margin of Error!!One race!!Black or African American; Median income (dollars)!!Estimate!!One race!!Black or African American; Median income (dollars)!!Margin of Error!!One race!!Black or African American; Total!!Estimate!!One race!!American Indian and Alaska Native; Total!!Margin of Error!!One race!!American Indian and Alaska Native; Median income (dollars)!!Estimate!!One race!!American Indian and Alaska Native; Median income (dollars)!!Margin of Error!!One race!!American Indian and Alaska Native; Total!!Estimate!!One race!!Asian; Total!!Margin of Error!!One race!!Asian; Median income (dollars)!!Estimate!!One race!!Asian; Median income (dollars)!!Margin of Error!!One race!!Asian; Total!!Estimate!!One race!!Native Hawaiian and Other Pacific Islander; Total!!Margin of Error!!One race!!Native Hawaiian and Other Pacific Islander; Median income (dollars)!!Estimate!!One race!!Native Hawaiian and Other Pacific Islander; ...,,,,csv encoding=utf-8-sig
ACSST5Y2010.S1903-Table-Notes.txt,data/raw/acs/reference_repo/S1903_Median_Income/ACSST5Y2010.S1903-Table-Notes.txt,txt,5.27,data/raw/acs/reference_repo/S1903_Median_Income,demographics,raw_source,,,,,,,documentation or metadata text file
ACSST5Y2011.S1903-Column-Metadata.csv,data/raw/acs/reference_repo/S1903_Median_Income/ACSST5Y2011.S1903-Column-Metadata.csv,csv,10.9,data/raw/acs/reference_repo/S1903_Median_Income,demographics,raw_source,121,2,GEO_ID; Geography,,,,csv encoding=utf-8-sig
ACSST5Y2011.S1903-Data.csv,data/raw/acs/reference_repo/S1903_Median_Income/ACSST5Y2011.S1903-Data.csv,csv,38.02,data/raw/acs/reference_repo/S1903_Median_Income,demographics,raw_source,32,123,Geography; Geographic Area Name; Total!!Estimate!!Households; Total!!Margin of Error!!Households; Median income (dollars)!!Estimate!!Households; Median income (dollars)!!Margin of Error!!Households; Total!!Estimate!!One race!!White; Total!!Margin of Error!!One race!!White; Median income (dollars)!!Estimate!!One race!!White; Median income (dollars)!!Margin of Error!!One race!!White; Total!!Estimate!!One race!!Black or African American; Total!!Margin of Error!!One race!!Black or African American; Median income (dollars)!!Estimate!!One race!!Black or African American; Median income (dollars)!!Margin of Error!!One race!!Black or African American; Total!!Estimate!!One race!!American Indian and Alaska Native; Total!!Margin of Error!!One race!!American Indian and Alaska Native; Median income (dollars)!!Estimate!!One race!!American Indian and Alaska Native; Median income (dollars)!!Margin of Error!!One race!!American Indian and Alaska Native; Total!!Estimate!!One race!!Asian; Total!!Margin of Error!!One race!!Asian; Median income (dollars)!!Estimate!!One race!!Asian; Median income (dollars)!!Margin of Error!!One race!!Asian; Total!!Estimate!!One race!!Native Hawaiian and Other Pacific Islander; Total!!Margin of Error!!One race!!Native Hawaiian and Other Pacific Islander; Median income (dollars)!!Estimate!!One race!!Native Hawaiian and Other Pacific Islander; ...,,,,csv encoding=utf-8-sig
ACSST5Y2011.S1903-Table-Notes.txt,data/raw/acs/reference_repo/S1903_Median_Income/ACSST5Y2011.S1903-Table-Notes.txt,txt,5.04,data/raw/acs/reference_repo/S1903_Median_Income,demographics,raw_source,,,,,,,documentation or metadata text file
ACSST5Y2012.S1903-Column-Metadata.csv,data/raw/acs/reference_repo/S1903_Median_Income/ACSST5Y2012.S1903-Column-Metadata.csv,csv,10.9,data/raw/acs/reference_repo/S1903_Median_Income,demographics,raw_source,121,2,GEO_ID; Geography,,,,csv encoding=utf-8-sig
ACSST5Y2012.S1903-Data.csv,data/raw/acs/reference_repo/S1903_Median_Income/ACSST5Y2012.S1903-Data.csv,csv,38.06,data/raw/acs/reference_repo/S1903_Median_Income,demographics,raw_source,32,123,Geography; Geographic Area Name; Total!!Estimate!!Households; Total!!Margin of Error!!Households; Median income (dollars)!!Estimate!!Households; Median income (dollars)!!Margin of Error!!Households; Total!!Estimate!!One race!!White; Total!!Margin of Error!!One race!!White; Median income (dollars)!!Estimate!!One race!!White; Median income (dollars)!!Margin of Error!!One race!!White; Total!!Estimate!!One race!!Black or African American; Total!!Margin of Error!!One race!!Black or African American; Median income (dollars)!!Estimate!!One race!!Black or African American; Median income (dollars)!!Margin of Error!!One race!!Black or African American; Total!!Estimate!!One race!!American Indian and Alaska Native; Total!!Margin of Error!!One race!!American Indian and Alaska Native; Median income (dollars)!!Estimate!!One race!!American Indian and Alaska Native; Median income (dollars)!!Margin of Error!!One race!!American Indian and Alaska Native; Total!!Estimate!!One race!!Asian; Total!!Margin of Error!!One race!!Asian; Median income (dollars)!!Estimate!!One race!!Asian; Median income (dollars)!!Margin of Error!!One race!!Asian; Total!!Estimate!!One race!!Native Hawaiian and Other Pacific Islander; Total!!Margin of Error!!One race!!Native Hawaiian and Other Pacific Islander; Median income (dollars)!!Estimate!!One race!!Native Hawaiian and Other Pacific Islander; ...,,,,csv encoding=utf-8-sig
ACSST5Y2012.S1903-Table-Notes.txt,data/raw/acs/reference_repo/S1903_Median_Income/ACSST5Y2012.S1903-Table-Notes.txt,txt,5.04,data/raw/acs/reference_repo/S1903_Median_Income,demographics,raw_source,,,,,,,documentation or metadata text file
ACSST5Y2013.S1903-Column-Metadata.csv,data/raw/acs/reference_repo/S1903_Median_Income/ACSST5Y2013.S1903-Column-Metadata.csv,csv,11.86,data/raw/acs/reference_repo/S1903_Median_Income,demographics,raw_source,121,2,GEO_ID; Geography,,,,csv encoding=utf-8-sig
ACSST5Y2013.S1903-Data.csv,data/raw/acs/reference_repo/S1903_Median_Income/ACSST5Y2013.S1903-Data.csv,csv,38.71,data/raw/acs/reference_repo/S1903_Median_Income,demographics,raw_source,32,123,Geography; Geographic Area Name; Total!!Estimate!!Households; Total!!Margin of Error!!Households; Median income (dollars)!!Estimate!!Households; Median income (dollars)!!Margin of Error!!Households; Total!!Estimate!!Households!!One race!!White; Total!!Margin of Error!!Households!!One race!!White; Median income (dollars)!!Estimate!!Households!!One race!!White; Median income (dollars)!!Margin of Error!!Households!!One race!!White; Total!!Estimate!!Households!!One race!!Black or African American; Total!!Margin of Error!!Households!!One race!!Black or African American; Median income (dollars)!!Estimate!!Households!!One race!!Black or African American; Median income (dollars)!!Margin of Error!!Households!!One race!!Black or African American; Total!!Estimate!!Households!!One race!!American Indian and Alaska Native; Total!!Margin of Error!!Households!!One race!!American Indian and Alaska Native; Median income (dollars)!!Estimate!!Households!!One race!!American Indian and Alaska Native; Median income (dollars)!!Margin of Error!!Households!!One race!!American Indian and Alaska Native; Total!!Estimate!!Households!!One race!!Asian; Total!!Margin of Error!!Households!!One race!!Asian; Median income (dollars)!!Estimate!!Households!!One race!!Asian; Median income (dollars)!!Margin of Error!!Households!!One race!!Asian; Total!!Estimate!!Households!!One race!!Native Hawaiian and Other Pacific Islander; Total!!Margin of Error!!Households!!One race!!Native Hawaiian and Other Pacific Islander; Median income (dollars)!!Estimate!!Households!!One race!!Native Hawaiian and Other Pacific Islander; ...,,,,csv encoding=utf-8-sig
ACSST5Y2013.S1903-Table-Notes.txt,data/raw/acs/reference_repo/S1903_Median_Income/ACSST5Y2013.S1903-Table-Notes.txt,txt,4.98,data/raw/acs/reference_repo/S1903_Median_Income,demographics,raw_source,,,,,,,documentation or metadata text file
ACSST5Y2014.S1903-Column-Metadata.csv,data/raw/acs/reference_repo/S1903_Median_Income/ACSST5Y2014.S1903-Column-Metadata.csv,csv,11.86,data/raw/acs/reference_repo/S1903_Median_Income,demographics,raw_source,121,2,GEO_ID; Geography,,,,csv encoding=utf-8-sig
ACSST5Y2014.S1903-Data.csv,data/raw/acs/reference_repo/S1903_Median_Income/ACSST5Y2014.S1903-Data.csv,csv,38.77,data/raw/acs/reference_repo/S1903_Median_Income,demographics,raw_source,32,123,Geography; Geographic Area Name; Total!!Estimate!!Households; Total!!Margin of Error!!Households; Median income (dollars)!!Estimate!!Households; Median income (dollars)!!Margin of Error!!Households; Total!!Estimate!!Households!!One race!!White; Total!!Margin of Error!!Households!!One race!!White; Median income (dollars)!!Estimate!!Households!!One race!!White; Median income (dollars)!!Margin of Error!!Households!!One race!!White; Total!!Estimate!!Households!!One race!!Black or African American; Total!!Margin of Error!!Households!!One race!!Black or African American; Median income (dollars)!!Estimate!!Households!!One race!!Black or African American; Median income (dollars)!!Margin of Error!!Households!!One race!!Black or African American; Total!!Estimate!!Households!!One race!!American Indian and Alaska Native; Total!!Margin of Error!!Households!!One race!!American Indian and Alaska Native; Median income (dollars)!!Estimate!!Households!!One race!!American Indian and Alaska Native; Median income (dollars)!!Margin of Error!!Households!!One race!!American Indian and Alaska Native; Total!!Estimate!!Households!!One race!!Asian; Total!!Margin of Error!!Households!!One race!!Asian; Median income (dollars)!!Estimate!!Households!!One race!!Asian; Median income (dollars)!!Margin of Error!!Households!!One race!!Asian; Total!!Estimate!!Households!!One race!!Native Hawaiian and Other Pacific Islander; Total!!Margin of Error!!Households!!One race!!Native Hawaiian and Other Pacific Islander; Median income (dollars)!!Estimate!!Households!!One race!!Native Hawaiian and Other Pacific Islander; ...,,,,csv encoding=utf-8-sig
ACSST5Y2014.S1903-Table-Notes.txt,data/raw/acs/reference_repo/S1903_Median_Income/ACSST5Y2014.S1903-Table-Notes.txt,txt,5.0,data/raw/acs/reference_repo/S1903_Median_Income,demographics,raw_source,,,,,,,documentation or metadata text file
ACSST5Y2015.S1903-Column-Metadata.csv,data/raw/acs/reference_repo/S1903_Median_Income/ACSST5Y2015.S1903-Column-Metadata.csv,csv,11.98,data/raw/acs/reference_repo/S1903_Median_Income,demographics,raw_source,121,2,GEO_ID; Geography,,,,csv encoding=utf-8-sig
ACSST5Y2015.S1903-Data.csv,data/raw/acs/reference_repo/S1903_Median_Income/ACSST5Y2015.S1903-Data.csv,csv,38.05,data/raw/acs/reference_repo/S1903_Median_Income,demographics,raw_source,32,123,Geography; Geographic Area Name; Total!!Estimate!!Households; Total!!Margin of Error!!Households; Median income (dollars)!!Estimate!!Households; Median income (dollars)!!Margin of Error!!Households; Total!!Estimate!!Households!!One race!!White; Total!!Margin of Error!!Households!!One race!!White; Median income (dollars)!!Estimate!!Households!!One race!!White; Median income (dollars)!!Margin of Error!!Households!!One race!!White; Total!!Estimate!!Households!!One race!!Black or African American; Total!!Margin of Error!!Households!!One race!!Black or African American; Median income (dollars)!!Estimate!!Households!!One race!!Black or African American; Median income (dollars)!!Margin of Error!!Households!!One race!!Black or African American; Total!!Estimate!!Households!!One race!!American Indian and Alaska Native; Total!!Margin of Error!!Households!!One race!!American Indian and Alaska Native; Median income (dollars)!!Estimate!!Households!!One race!!American Indian and Alaska Native; Median income (dollars)!!Margin of Error!!Households!!One race!!American Indian and Alaska Native; Total!!Estimate!!Households!!One race!!Asian; Total!!Margin of Error!!Households!!One race!!Asian; Median income (dollars)!!Estimate!!Households!!One race!!Asian; Median income (dollars)!!Margin of Error!!Households!!One race!!Asian; Total!!Estimate!!Households!!One race!!Native Hawaiian and Other Pacific Islander; Total!!Margin of Error!!Households!!One race!!Native Hawaiian and Other Pacific Islander; Median income (dollars)!!Estimate!!Households!!One race!!Native Hawaiian and Other Pacific Islander; ...,,,,csv encoding=utf-8-sig
ACSST5Y2015.S1903-Table-Notes.txt,data/raw/acs/reference_repo/S1903_Median_Income/ACSST5Y2015.S1903-Table-Notes.txt,txt,5.21,data/raw/acs/reference_repo/S1903_Median_Income,demographics,raw_source,,,,,,,documentation or metadata text file
ACSST5Y2016.S1903-Column-Metadata.csv,data/raw/acs/reference_repo/S1903_Median_Income/ACSST5Y2016.S1903-Column-Metadata.csv,csv,12.0,data/raw/acs/reference_repo/S1903_Median_Income,demographics,raw_source,121,2,GEO_ID; Geography,,,,csv encoding=utf-8-sig
ACSST5Y2016.S1903-Data.csv,data/raw/acs/reference_repo/S1903_Median_Income/ACSST5Y2016.S1903-Data.csv,csv,38.34,data/raw/acs/reference_repo/S1903_Median_Income,demographics,raw_source,32,123,Geography; Geographic Area Name; Total!!Estimate!!Households; Total!!Margin of Error!!Households; Median income (dollars)!!Estimate!!Households; Median income (dollars)!!Margin of Error!!Households; Total!!Estimate!!Households!!One race!!White; Total!!Margin of Error!!Households!!One race!!White; Median income (dollars)!!Estimate!!Households!!One race!!White; Median income (dollars)!!Margin of Error!!Households!!One race!!White; Total!!Estimate!!Households!!One race!!Black or African American; Total!!Margin of Error!!Households!!One race!!Black or African American; Median income (dollars)!!Estimate!!Households!!One race!!Black or African American; Median income (dollars)!!Margin of Error!!Households!!One race!!Black or African American; Total!!Estimate!!Households!!One race!!American Indian and Alaska Native; Total!!Margin of Error!!Households!!One race!!American Indian and Alaska Native; Median income (dollars)!!Estimate!!Households!!One race!!American Indian and Alaska Native; Median income (dollars)!!Margin of Error!!Households!!One race!!American Indian and Alaska Native; Total!!Estimate!!Households!!One race!!Asian; Total!!Margin of Error!!Households!!One race!!Asian; Median income (dollars)!!Estimate!!Households!!One race!!Asian; Median income (dollars)!!Margin of Error!!Households!!One race!!Asian; Total!!Estimate!!Households!!One race!!Native Hawaiian and Other Pacific Islander; Total!!Margin of Error!!Households!!One race!!Native Hawaiian and Other Pacific Islander; Median income (dollars)!!Estimate!!Households!!One race!!Native Hawaiian and Other Pacific Islander; ...,,,,csv encoding=utf-8-sig
ACSST5Y2016.S1903-Table-Notes.txt,data/raw/acs/reference_repo/S1903_Median_Income/ACSST5Y2016.S1903-Table-Notes.txt,txt,5.76,data/raw/acs/reference_repo/S1903_Median_Income,demographics,raw_source,,,,,,,documentation or metadata text file
ACSST5Y2017.S1903-Column-Metadata.csv,data/raw/acs/reference_repo/S1903_Median_Income/ACSST5Y2017.S1903-Column-Metadata.csv,csv,29.62,data/raw/acs/reference_repo/S1903_Median_Income,demographics,raw_source,241,2,GEO_ID; Geography,,,,csv encoding=utf-8-sig
ACSST5Y2017.S1903-Data.csv,data/raw/acs/reference_repo/S1903_Median_Income/ACSST5Y2017.S1903-Data.csv,csv,78.04,data/raw/acs/reference_repo/S1903_Median_Income,demographics,raw_source,32,243,"Geography; Geographic Area Name; Estimate!!Number!!HOUSEHOLD INCOME BY RACE AND HISPANIC OR LATINO ORIGIN OF HOUSEHOLDER!!Households; Margin of Error!!Number MOE!!HOUSEHOLD INCOME BY RACE AND HISPANIC OR LATINO ORIGIN OF HOUSEHOLDER!!Households; Estimate!!Number!!HOUSEHOLD INCOME BY RACE AND HISPANIC OR LATINO ORIGIN OF HOUSEHOLDER!!Households!!One race--!!White; Margin of Error!!Number MOE!!HOUSEHOLD INCOME BY RACE AND HISPANIC OR LATINO ORIGIN OF HOUSEHOLDER!!Households!!One race--!!White; Estimate!!Number!!HOUSEHOLD INCOME BY RACE AND HISPANIC OR LATINO ORIGIN OF HOUSEHOLDER!!Households!!One race--!!Black or African American; Margin of Error!!Number MOE!!HOUSEHOLD INCOME BY RACE AND HISPANIC OR LATINO ORIGIN OF HOUSEHOLDER!!Households!!One race--!!Black or African American; Estimate!!Number!!HOUSEHOLD INCOME BY RACE AND HISPANIC OR LATINO ORIGIN OF HOUSEHOLDER!!Households!!One race--!!American Indian and Alaska Native; Margin of Error!!Number MOE!!HOUSEHOLD INCOME BY RACE AND HISPANIC OR LATINO ORIGIN OF HOUSEHOLDER!!Households!!One race--!!American Indian and Alaska Native; Estimate!!Number!!HOUSEHOLD INCOME BY RACE AND HISPANIC OR LATINO ORIGIN OF HOUSEHOLDER!!Households!!One race--!!Asian; Margin of Error!!Number MOE!!HOUSEHOLD INCOME BY RACE AND HISPANIC OR LATINO ORIGIN OF HOUSEHOLDER!!Households!!One race--!!Asian; Estimate!!Number!!HOUSEHOLD INCOME BY RACE AND HISPANIC OR LATINO ORIGIN OF HOUSEHOLDER!!Households!!One race--!!Native Hawaiian and Other Pacific Islander; Margin of Error!!Number MOE!!HOUSEHOLD INCOME BY RACE AND HISPANIC OR LATINO ORIGIN OF HOUSEHOLDER!!Households!!One race--!!Native Hawaiian and Other Pacific Islander; Estimate!!Number!!HOUSEHOLD INCOME BY RACE AND HISPANIC OR LATINO ORIGIN OF HOUSEHOLDER!!Households!!One race--!!Some other race; Margin of Error!!Number MOE!!HOUSEHOLD INCOME BY RACE AND HISPANIC OR LATINO ORIGIN OF HOUSEHOLDER!!Households!!One race--!!Some other race; Estimate!!Number!!HOUSEHOLD INCOME BY RACE AND HISPANIC OR LATINO ORIGIN OF HOUSEHOLDER!!Households!!Two or more races; Margin of Error!!Number MOE!!HOUSEHOLD INCOME BY RACE AND HISPANIC OR LATINO ORIGIN OF HOUSEHOLDER!!Households!!Two or more races; Estimate!!Number!!HOUSEHOLD INCOME BY RACE AND HISPANIC OR LATINO ORIGIN OF HOUSEHOLDER!!Households!!Hispanic or Latino origin (of any race); Margin of Error!!Number MOE!!HOUSEHOLD INCOME BY RACE AND HISPANIC OR LATINO ORIGIN OF HOUSEHOLDER!!Households!!Hispanic or Latino origin (of any race); Estimate!!Number!!HOUSEHOLD INCOME BY RACE AND HISPANIC OR LATINO ORIGIN OF HOUSEHOLDER!!Households!!White alone, not Hispanic or Latino; Margin of Error!!Number MOE!!HOUSEHOLD INCOME BY RACE AND HISPANIC OR LATINO ORIGIN OF HOUSEHOLDER!!Households!!White alone, not Hispanic or Latino; Estimate!!Number!!HOUSEHOLD INCOME BY AGE OF HOUSEHOLDER!!15 to 24 years; Margin of Error!!Number MOE!!HOUSEHOLD INCOME BY AGE OF HOUSEHOLDER!!15 to 24 years; Estimate!!Number!!HOUSEHOLD INCOME BY AGE OF HOUSEHOLDER!!25 to 44 years; ...",,,,csv encoding=utf-8-sig
ACSST5Y2017.S1903-Table-Notes.txt,data/raw/acs/reference_repo/S1903_Median_Income/ACSST5Y2017.S1903-Table-Notes.txt,txt,5.81,data/raw/acs/reference_repo/S1903_Median_Income,demographics,raw_source,,,,,,,documentation or metadata text file
ACSST5Y2018.S1903-Column-Metadata.csv,data/raw/acs/reference_repo/S1903_Median_Income/ACSST5Y2018.S1903-Column-Metadata.csv,csv,29.62,data/raw/acs/reference_repo/S1903_Median_Income,demographics,raw_source,241,2,GEO_ID; Geography,,,,csv encoding=utf-8-sig
ACSST5Y2018.S1903-Data.csv,data/raw/acs/reference_repo/S1903_Median_Income/ACSST5Y2018.S1903-Data.csv,csv,77.79,data/raw/acs/reference_repo/S1903_Median_Income,demographics,raw_source,32,243,"Geography; Geographic Area Name; Estimate!!Number!!HOUSEHOLD INCOME BY RACE AND HISPANIC OR LATINO ORIGIN OF HOUSEHOLDER!!Households; Margin of Error!!Number MOE!!HOUSEHOLD INCOME BY RACE AND HISPANIC OR LATINO ORIGIN OF HOUSEHOLDER!!Households; Estimate!!Number!!HOUSEHOLD INCOME BY RACE AND HISPANIC OR LATINO ORIGIN OF HOUSEHOLDER!!Households!!One race--!!White; Margin of Error!!Number MOE!!HOUSEHOLD INCOME BY RACE AND HISPANIC OR LATINO ORIGIN OF HOUSEHOLDER!!Households!!One race--!!White; Estimate!!Number!!HOUSEHOLD INCOME BY RACE AND HISPANIC OR LATINO ORIGIN OF HOUSEHOLDER!!Households!!One race--!!Black or African American; Margin of Error!!Number MOE!!HOUSEHOLD INCOME BY RACE AND HISPANIC OR LATINO ORIGIN OF HOUSEHOLDER!!Households!!One race--!!Black or African American; Estimate!!Number!!HOUSEHOLD INCOME BY RACE AND HISPANIC OR LATINO ORIGIN OF HOUSEHOLDER!!Households!!One race--!!American Indian and Alaska Native; Margin of Error!!Number MOE!!HOUSEHOLD INCOME BY RACE AND HISPANIC OR LATINO ORIGIN OF HOUSEHOLDER!!Households!!One race--!!American Indian and Alaska Native; Estimate!!Number!!HOUSEHOLD INCOME BY RACE AND HISPANIC OR LATINO ORIGIN OF HOUSEHOLDER!!Households!!One race--!!Asian; Margin of Error!!Number MOE!!HOUSEHOLD INCOME BY RACE AND HISPANIC OR LATINO ORIGIN OF HOUSEHOLDER!!Households!!One race--!!Asian; Estimate!!Number!!HOUSEHOLD INCOME BY RACE AND HISPANIC OR LATINO ORIGIN OF HOUSEHOLDER!!Households!!One race--!!Native Hawaiian and Other Pacific Islander; Margin of Error!!Number MOE!!HOUSEHOLD INCOME BY RACE AND HISPANIC OR LATINO ORIGIN OF HOUSEHOLDER!!Households!!One race--!!Native Hawaiian and Other Pacific Islander; Estimate!!Number!!HOUSEHOLD INCOME BY RACE AND HISPANIC OR LATINO ORIGIN OF HOUSEHOLDER!!Households!!One race--!!Some other race; Margin of Error!!Number MOE!!HOUSEHOLD INCOME BY RACE AND HISPANIC OR LATINO ORIGIN OF HOUSEHOLDER!!Households!!One race--!!Some other race; Estimate!!Number!!HOUSEHOLD INCOME BY RACE AND HISPANIC OR LATINO ORIGIN OF HOUSEHOLDER!!Households!!Two or more races; Margin of Error!!Number MOE!!HOUSEHOLD INCOME BY RACE AND HISPANIC OR LATINO ORIGIN OF HOUSEHOLDER!!Households!!Two or more races; Estimate!!Number!!HOUSEHOLD INCOME BY RACE AND HISPANIC OR LATINO ORIGIN OF HOUSEHOLDER!!Households!!Hispanic or Latino origin (of any race); Margin of Error!!Number MOE!!HOUSEHOLD INCOME BY RACE AND HISPANIC OR LATINO ORIGIN OF HOUSEHOLDER!!Households!!Hispanic or Latino origin (of any race); Estimate!!Number!!HOUSEHOLD INCOME BY RACE AND HISPANIC OR LATINO ORIGIN OF HOUSEHOLDER!!Households!!White alone, not Hispanic or Latino; Margin of Error!!Number MOE!!HOUSEHOLD INCOME BY RACE AND HISPANIC OR LATINO ORIGIN OF HOUSEHOLDER!!Households!!White alone, not Hispanic or Latino; Estimate!!Number!!HOUSEHOLD INCOME BY AGE OF HOUSEHOLDER!!15 to 24 years; Margin of Error!!Number MOE!!HOUSEHOLD INCOME BY AGE OF HOUSEHOLDER!!15 to 24 years; Estimate!!Number!!HOUSEHOLD INCOME BY AGE OF HOUSEHOLDER!!25 to 44 years; ...",,,,csv encoding=utf-8-sig
ACSST5Y2018.S1903-Table-Notes.txt,data/raw/acs/reference_repo/S1903_Median_Income/ACSST5Y2018.S1903-Table-Notes.txt,txt,5.98,data/raw/acs/reference_repo/S1903_Median_Income,demographics,raw_source,,,,,,,documentation or metadata text file
ACSST5Y2019.S1903-Column-Metadata.csv,data/raw/acs/reference_repo/S1903_Median_Income/ACSST5Y2019.S1903-Column-Metadata.csv,csv,29.17,data/raw/acs/reference_repo/S1903_Median_Income,demographics,raw_source,241,2,GEO_ID; Geography,,,,csv encoding=utf-8-sig
ACSST5Y2019.S1903-Data.csv,data/raw/acs/reference_repo/S1903_Median_Income/ACSST5Y2019.S1903-Data.csv,csv,77.32,data/raw/acs/reference_repo/S1903_Median_Income,demographics,raw_source,32,243,"Geography; Geographic Area Name; Estimate!!Number!!HOUSEHOLD INCOME BY RACE AND HISPANIC OR LATINO ORIGIN OF HOUSEHOLDER!!Households; Margin of Error!!Number!!HOUSEHOLD INCOME BY RACE AND HISPANIC OR LATINO ORIGIN OF HOUSEHOLDER!!Households; Estimate!!Number!!HOUSEHOLD INCOME BY RACE AND HISPANIC OR LATINO ORIGIN OF HOUSEHOLDER!!Households!!One race--!!White; Margin of Error!!Number!!HOUSEHOLD INCOME BY RACE AND HISPANIC OR LATINO ORIGIN OF HOUSEHOLDER!!Households!!One race--!!White; Estimate!!Number!!HOUSEHOLD INCOME BY RACE AND HISPANIC OR LATINO ORIGIN OF HOUSEHOLDER!!Households!!One race--!!Black or African American; Margin of Error!!Number!!HOUSEHOLD INCOME BY RACE AND HISPANIC OR LATINO ORIGIN OF HOUSEHOLDER!!Households!!One race--!!Black or African American; Estimate!!Number!!HOUSEHOLD INCOME BY RACE AND HISPANIC OR LATINO ORIGIN OF HOUSEHOLDER!!Households!!One race--!!American Indian and Alaska Native; Margin of Error!!Number!!HOUSEHOLD INCOME BY RACE AND HISPANIC OR LATINO ORIGIN OF HOUSEHOLDER!!Households!!One race--!!American Indian and Alaska Native; Estimate!!Number!!HOUSEHOLD INCOME BY RACE AND HISPANIC OR LATINO ORIGIN OF HOUSEHOLDER!!Households!!One race--!!Asian; Margin of Error!!Number!!HOUSEHOLD INCOME BY RACE AND HISPANIC OR LATINO ORIGIN OF HOUSEHOLDER!!Households!!One race--!!Asian; Estimate!!Number!!HOUSEHOLD INCOME BY RACE AND HISPANIC OR LATINO ORIGIN OF HOUSEHOLDER!!Households!!One race--!!Native Hawaiian and Other Pacific Islander; Margin of Error!!Number!!HOUSEHOLD INCOME BY RACE AND HISPANIC OR LATINO ORIGIN OF HOUSEHOLDER!!Households!!One race--!!Native Hawaiian and Other Pacific Islander; Estimate!!Number!!HOUSEHOLD INCOME BY RACE AND HISPANIC OR LATINO ORIGIN OF HOUSEHOLDER!!Households!!One race--!!Some other race; Margin of Error!!Number!!HOUSEHOLD INCOME BY RACE AND HISPANIC OR LATINO ORIGIN OF HOUSEHOLDER!!Households!!One race--!!Some other race; Estimate!!Number!!HOUSEHOLD INCOME BY RACE AND HISPANIC OR LATINO ORIGIN OF HOUSEHOLDER!!Households!!Two or more races; Margin of Error!!Number!!HOUSEHOLD INCOME BY RACE AND HISPANIC OR LATINO ORIGIN OF HOUSEHOLDER!!Households!!Two or more races; Estimate!!Number!!HOUSEHOLD INCOME BY RACE AND HISPANIC OR LATINO ORIGIN OF HOUSEHOLDER!!Households!!Hispanic or Latino origin (of any race); Margin of Error!!Number!!HOUSEHOLD INCOME BY RACE AND HISPANIC OR LATINO ORIGIN OF HOUSEHOLDER!!Households!!Hispanic or Latino origin (of any race); Estimate!!Number!!HOUSEHOLD INCOME BY RACE AND HISPANIC OR LATINO ORIGIN OF HOUSEHOLDER!!Households!!White alone, not Hispanic or Latino; Margin of Error!!Number!!HOUSEHOLD INCOME BY RACE AND HISPANIC OR LATINO ORIGIN OF HOUSEHOLDER!!Households!!White alone, not Hispanic or Latino; Estimate!!Number!!HOUSEHOLD INCOME BY AGE OF HOUSEHOLDER!!15 to 24 years; Margin of Error!!Number!!HOUSEHOLD INCOME BY AGE OF HOUSEHOLDER!!15 to 24 years; Estimate!!Number!!HOUSEHOLD INCOME BY AGE OF HOUSEHOLDER!!25 to 44 years; ...",,,,csv encoding=utf-8-sig
ACSST5Y2019.S1903-Table-Notes.txt,data/raw/acs/reference_repo/S1903_Median_Income/ACSST5Y2019.S1903-Table-Notes.txt,txt,5.97,data/raw/acs/reference_repo/S1903_Median_Income,demographics,raw_source,,,,,,,documentation or metadata text file
ACSST5Y2020.S1903-Column-Metadata.csv,data/raw/acs/reference_repo/S1903_Median_Income/ACSST5Y2020.S1903-Column-Metadata.csv,csv,29.17,data/raw/acs/reference_repo/S1903_Median_Income,demographics,raw_source,241,2,GEO_ID; Geography,,,,csv encoding=utf-8-sig
ACSST5Y2020.S1903-Data.csv,data/raw/acs/reference_repo/S1903_Median_Income/ACSST5Y2020.S1903-Data.csv,csv,80.46,data/raw/acs/reference_repo/S1903_Median_Income,demographics,raw_source,34,243,"Geography; Geographic Area Name; Estimate!!Number!!HOUSEHOLD INCOME BY RACE AND HISPANIC OR LATINO ORIGIN OF HOUSEHOLDER!!Households; Margin of Error!!Number!!HOUSEHOLD INCOME BY RACE AND HISPANIC OR LATINO ORIGIN OF HOUSEHOLDER!!Households; Estimate!!Number!!HOUSEHOLD INCOME BY RACE AND HISPANIC OR LATINO ORIGIN OF HOUSEHOLDER!!Households!!One race--!!White; Margin of Error!!Number!!HOUSEHOLD INCOME BY RACE AND HISPANIC OR LATINO ORIGIN OF HOUSEHOLDER!!Households!!One race--!!White; Estimate!!Number!!HOUSEHOLD INCOME BY RACE AND HISPANIC OR LATINO ORIGIN OF HOUSEHOLDER!!Households!!One race--!!Black or African American; Margin of Error!!Number!!HOUSEHOLD INCOME BY RACE AND HISPANIC OR LATINO ORIGIN OF HOUSEHOLDER!!Households!!One race--!!Black or African American; Estimate!!Number!!HOUSEHOLD INCOME BY RACE AND HISPANIC OR LATINO ORIGIN OF HOUSEHOLDER!!Households!!One race--!!American Indian and Alaska Native; Margin of Error!!Number!!HOUSEHOLD INCOME BY RACE AND HISPANIC OR LATINO ORIGIN OF HOUSEHOLDER!!Households!!One race--!!American Indian and Alaska Native; Estimate!!Number!!HOUSEHOLD INCOME BY RACE AND HISPANIC OR LATINO ORIGIN OF HOUSEHOLDER!!Households!!One race--!!Asian; Margin of Error!!Number!!HOUSEHOLD INCOME BY RACE AND HISPANIC OR LATINO ORIGIN OF HOUSEHOLDER!!Households!!One race--!!Asian; Estimate!!Number!!HOUSEHOLD INCOME BY RACE AND HISPANIC OR LATINO ORIGIN OF HOUSEHOLDER!!Households!!One race--!!Native Hawaiian and Other Pacific Islander; Margin of Error!!Number!!HOUSEHOLD INCOME BY RACE AND HISPANIC OR LATINO ORIGIN OF HOUSEHOLDER!!Households!!One race--!!Native Hawaiian and Other Pacific Islander; Estimate!!Number!!HOUSEHOLD INCOME BY RACE AND HISPANIC OR LATINO ORIGIN OF HOUSEHOLDER!!Households!!One race--!!Some other race; Margin of Error!!Number!!HOUSEHOLD INCOME BY RACE AND HISPANIC OR LATINO ORIGIN OF HOUSEHOLDER!!Households!!One race--!!Some other race; Estimate!!Number!!HOUSEHOLD INCOME BY RACE AND HISPANIC OR LATINO ORIGIN OF HOUSEHOLDER!!Households!!Two or more races; Margin of Error!!Number!!HOUSEHOLD INCOME BY RACE AND HISPANIC OR LATINO ORIGIN OF HOUSEHOLDER!!Households!!Two or more races; Estimate!!Number!!HOUSEHOLD INCOME BY RACE AND HISPANIC OR LATINO ORIGIN OF HOUSEHOLDER!!Households!!Hispanic or Latino origin (of any race); Margin of Error!!Number!!HOUSEHOLD INCOME BY RACE AND HISPANIC OR LATINO ORIGIN OF HOUSEHOLDER!!Households!!Hispanic or Latino origin (of any race); Estimate!!Number!!HOUSEHOLD INCOME BY RACE AND HISPANIC OR LATINO ORIGIN OF HOUSEHOLDER!!Households!!White alone, not Hispanic or Latino; Margin of Error!!Number!!HOUSEHOLD INCOME BY RACE AND HISPANIC OR LATINO ORIGIN OF HOUSEHOLDER!!Households!!White alone, not Hispanic or Latino; Estimate!!Number!!HOUSEHOLD INCOME BY AGE OF HOUSEHOLDER!!15 to 24 years; Margin of Error!!Number!!HOUSEHOLD INCOME BY AGE OF HOUSEHOLDER!!15 to 24 years; Estimate!!Number!!HOUSEHOLD INCOME BY AGE OF HOUSEHOLDER!!25 to 44 years; ...",,,,csv encoding=utf-8-sig
ACSST5Y2020.S1903-Table-Notes.txt,data/raw/acs/reference_repo/S1903_Median_Income/ACSST5Y2020.S1903-Table-Notes.txt,txt,6.0,data/raw/acs/reference_repo/S1903_Median_Income,demographics,raw_source,,,,,,,documentation or metadata text file
ACSST5Y2021.S1903-Column-Metadata.csv,data/raw/acs/reference_repo/S1903_Median_Income/ACSST5Y2021.S1903-Column-Metadata.csv,csv,29.17,data/raw/acs/reference_repo/S1903_Median_Income,demographics,raw_source,241,2,GEO_ID; Geography,,,,csv encoding=utf-8-sig
ACSST5Y2021.S1903-Data.csv,data/raw/acs/reference_repo/S1903_Median_Income/ACSST5Y2021.S1903-Data.csv,csv,80.5,data/raw/acs/reference_repo/S1903_Median_Income,demographics,raw_source,34,243,"Geography; Geographic Area Name; Estimate!!Number!!HOUSEHOLD INCOME BY RACE AND HISPANIC OR LATINO ORIGIN OF HOUSEHOLDER!!Households; Margin of Error!!Number!!HOUSEHOLD INCOME BY RACE AND HISPANIC OR LATINO ORIGIN OF HOUSEHOLDER!!Households; Estimate!!Number!!HOUSEHOLD INCOME BY RACE AND HISPANIC OR LATINO ORIGIN OF HOUSEHOLDER!!Households!!One race--!!White; Margin of Error!!Number!!HOUSEHOLD INCOME BY RACE AND HISPANIC OR LATINO ORIGIN OF HOUSEHOLDER!!Households!!One race--!!White; Estimate!!Number!!HOUSEHOLD INCOME BY RACE AND HISPANIC OR LATINO ORIGIN OF HOUSEHOLDER!!Households!!One race--!!Black or African American; Margin of Error!!Number!!HOUSEHOLD INCOME BY RACE AND HISPANIC OR LATINO ORIGIN OF HOUSEHOLDER!!Households!!One race--!!Black or African American; Estimate!!Number!!HOUSEHOLD INCOME BY RACE AND HISPANIC OR LATINO ORIGIN OF HOUSEHOLDER!!Households!!One race--!!American Indian and Alaska Native; Margin of Error!!Number!!HOUSEHOLD INCOME BY RACE AND HISPANIC OR LATINO ORIGIN OF HOUSEHOLDER!!Households!!One race--!!American Indian and Alaska Native; Estimate!!Number!!HOUSEHOLD INCOME BY RACE AND HISPANIC OR LATINO ORIGIN OF HOUSEHOLDER!!Households!!One race--!!Asian; Margin of Error!!Number!!HOUSEHOLD INCOME BY RACE AND HISPANIC OR LATINO ORIGIN OF HOUSEHOLDER!!Households!!One race--!!Asian; Estimate!!Number!!HOUSEHOLD INCOME BY RACE AND HISPANIC OR LATINO ORIGIN OF HOUSEHOLDER!!Households!!One race--!!Native Hawaiian and Other Pacific Islander; Margin of Error!!Number!!HOUSEHOLD INCOME BY RACE AND HISPANIC OR LATINO ORIGIN OF HOUSEHOLDER!!Households!!One race--!!Native Hawaiian and Other Pacific Islander; Estimate!!Number!!HOUSEHOLD INCOME BY RACE AND HISPANIC OR LATINO ORIGIN OF HOUSEHOLDER!!Households!!One race--!!Some other race; Margin of Error!!Number!!HOUSEHOLD INCOME BY RACE AND HISPANIC OR LATINO ORIGIN OF HOUSEHOLDER!!Households!!One race--!!Some other race; Estimate!!Number!!HOUSEHOLD INCOME BY RACE AND HISPANIC OR LATINO ORIGIN OF HOUSEHOLDER!!Households!!Two or more races; Margin of Error!!Number!!HOUSEHOLD INCOME BY RACE AND HISPANIC OR LATINO ORIGIN OF HOUSEHOLDER!!Households!!Two or more races; Estimate!!Number!!HOUSEHOLD INCOME BY RACE AND HISPANIC OR LATINO ORIGIN OF HOUSEHOLDER!!Households!!Hispanic or Latino origin (of any race); Margin of Error!!Number!!HOUSEHOLD INCOME BY RACE AND HISPANIC OR LATINO ORIGIN OF HOUSEHOLDER!!Households!!Hispanic or Latino origin (of any race); Estimate!!Number!!HOUSEHOLD INCOME BY RACE AND HISPANIC OR LATINO ORIGIN OF HOUSEHOLDER!!Households!!White alone, not Hispanic or Latino; Margin of Error!!Number!!HOUSEHOLD INCOME BY RACE AND HISPANIC OR LATINO ORIGIN OF HOUSEHOLDER!!Households!!White alone, not Hispanic or Latino; Estimate!!Number!!HOUSEHOLD INCOME BY AGE OF HOUSEHOLDER!!15 to 24 years; Margin of Error!!Number!!HOUSEHOLD INCOME BY AGE OF HOUSEHOLDER!!15 to 24 years; Estimate!!Number!!HOUSEHOLD INCOME BY AGE OF HOUSEHOLDER!!25 to 44 years; ...",,,,csv encoding=utf-8-sig
ACSST5Y2021.S1903-Table-Notes.txt,data/raw/acs/reference_repo/S1903_Median_Income/ACSST5Y2021.S1903-Table-Notes.txt,txt,5.98,data/raw/acs/reference_repo/S1903_Median_Income,demographics,raw_source,,,,,,,documentation or metadata text file
ACSST5Y2022.S1903-Column-Metadata.csv,data/raw/acs/reference_repo/S1903_Median_Income/ACSST5Y2022.S1903-Column-Metadata.csv,csv,29.17,data/raw/acs/reference_repo/S1903_Median_Income,demographics,raw_source,241,2,GEO_ID; Geography,,,,csv encoding=utf-8-sig
ACSST5Y2022.S1903-Data.csv,data/raw/acs/reference_repo/S1903_Median_Income/ACSST5Y2022.S1903-Data.csv,csv,80.53,data/raw/acs/reference_repo/S1903_Median_Income,demographics,raw_source,34,243,"Geography; Geographic Area Name; Estimate!!Number!!HOUSEHOLD INCOME BY RACE AND HISPANIC OR LATINO ORIGIN OF HOUSEHOLDER!!Households; Margin of Error!!Number!!HOUSEHOLD INCOME BY RACE AND HISPANIC OR LATINO ORIGIN OF HOUSEHOLDER!!Households; Estimate!!Number!!HOUSEHOLD INCOME BY RACE AND HISPANIC OR LATINO ORIGIN OF HOUSEHOLDER!!Households!!One race--!!White; Margin of Error!!Number!!HOUSEHOLD INCOME BY RACE AND HISPANIC OR LATINO ORIGIN OF HOUSEHOLDER!!Households!!One race--!!White; Estimate!!Number!!HOUSEHOLD INCOME BY RACE AND HISPANIC OR LATINO ORIGIN OF HOUSEHOLDER!!Households!!One race--!!Black or African American; Margin of Error!!Number!!HOUSEHOLD INCOME BY RACE AND HISPANIC OR LATINO ORIGIN OF HOUSEHOLDER!!Households!!One race--!!Black or African American; Estimate!!Number!!HOUSEHOLD INCOME BY RACE AND HISPANIC OR LATINO ORIGIN OF HOUSEHOLDER!!Households!!One race--!!American Indian and Alaska Native; Margin of Error!!Number!!HOUSEHOLD INCOME BY RACE AND HISPANIC OR LATINO ORIGIN OF HOUSEHOLDER!!Households!!One race--!!American Indian and Alaska Native; Estimate!!Number!!HOUSEHOLD INCOME BY RACE AND HISPANIC OR LATINO ORIGIN OF HOUSEHOLDER!!Households!!One race--!!Asian; Margin of Error!!Number!!HOUSEHOLD INCOME BY RACE AND HISPANIC OR LATINO ORIGIN OF HOUSEHOLDER!!Households!!One race--!!Asian; Estimate!!Number!!HOUSEHOLD INCOME BY RACE AND HISPANIC OR LATINO ORIGIN OF HOUSEHOLDER!!Households!!One race--!!Native Hawaiian and Other Pacific Islander; Margin of Error!!Number!!HOUSEHOLD INCOME BY RACE AND HISPANIC OR LATINO ORIGIN OF HOUSEHOLDER!!Households!!One race--!!Native Hawaiian and Other Pacific Islander; Estimate!!Number!!HOUSEHOLD INCOME BY RACE AND HISPANIC OR LATINO ORIGIN OF HOUSEHOLDER!!Households!!One race--!!Some other race; Margin of Error!!Number!!HOUSEHOLD INCOME BY RACE AND HISPANIC OR LATINO ORIGIN OF HOUSEHOLDER!!Households!!One race--!!Some other race; Estimate!!Number!!HOUSEHOLD INCOME BY RACE AND HISPANIC OR LATINO ORIGIN OF HOUSEHOLDER!!Households!!Two or more races; Margin of Error!!Number!!HOUSEHOLD INCOME BY RACE AND HISPANIC OR LATINO ORIGIN OF HOUSEHOLDER!!Households!!Two or more races; Estimate!!Number!!HOUSEHOLD INCOME BY RACE AND HISPANIC OR LATINO ORIGIN OF HOUSEHOLDER!!Households!!Hispanic or Latino origin (of any race); Margin of Error!!Number!!HOUSEHOLD INCOME BY RACE AND HISPANIC OR LATINO ORIGIN OF HOUSEHOLDER!!Households!!Hispanic or Latino origin (of any race); Estimate!!Number!!HOUSEHOLD INCOME BY RACE AND HISPANIC OR LATINO ORIGIN OF HOUSEHOLDER!!Households!!White alone, not Hispanic or Latino; Margin of Error!!Number!!HOUSEHOLD INCOME BY RACE AND HISPANIC OR LATINO ORIGIN OF HOUSEHOLDER!!Households!!White alone, not Hispanic or Latino; Estimate!!Number!!HOUSEHOLD INCOME BY AGE OF HOUSEHOLDER!!15 to 24 years; Margin of Error!!Number!!HOUSEHOLD INCOME BY AGE OF HOUSEHOLDER!!15 to 24 years; Estimate!!Number!!HOUSEHOLD INCOME BY AGE OF HOUSEHOLDER!!25 to 44 years; ...",,,,csv encoding=utf-8-sig
ACSST5Y2022.S1903-Table-Notes.txt,data/raw/acs/reference_repo/S1903_Median_Income/ACSST5Y2022.S1903-Table-Notes.txt,txt,5.92,data/raw/acs/reference_repo/S1903_Median_Income,demographics,raw_source,,,,,,,documentation or metadata text file
ACSST5Y2023.S1903-Column-Metadata.csv,data/raw/acs/reference_repo/S1903_Median_Income/ACSST5Y2023.S1903-Column-Metadata.csv,csv,29.17,data/raw/acs/reference_repo/S1903_Median_Income,demographics,raw_source,241,2,GEO_ID; Geography,,,,csv encoding=utf-8-sig
ACSST5Y2023.S1903-Data.csv,data/raw/acs/reference_repo/S1903_Median_Income/ACSST5Y2023.S1903-Data.csv,csv,80.47,data/raw/acs/reference_repo/S1903_Median_Income,demographics,raw_source,34,243,"Geography; Geographic Area Name; Estimate!!Number!!HOUSEHOLD INCOME BY RACE AND HISPANIC OR LATINO ORIGIN OF HOUSEHOLDER!!Households; Margin of Error!!Number!!HOUSEHOLD INCOME BY RACE AND HISPANIC OR LATINO ORIGIN OF HOUSEHOLDER!!Households; Estimate!!Number!!HOUSEHOLD INCOME BY RACE AND HISPANIC OR LATINO ORIGIN OF HOUSEHOLDER!!Households!!One race--!!White; Margin of Error!!Number!!HOUSEHOLD INCOME BY RACE AND HISPANIC OR LATINO ORIGIN OF HOUSEHOLDER!!Households!!One race--!!White; Estimate!!Number!!HOUSEHOLD INCOME BY RACE AND HISPANIC OR LATINO ORIGIN OF HOUSEHOLDER!!Households!!One race--!!Black or African American; Margin of Error!!Number!!HOUSEHOLD INCOME BY RACE AND HISPANIC OR LATINO ORIGIN OF HOUSEHOLDER!!Households!!One race--!!Black or African American; Estimate!!Number!!HOUSEHOLD INCOME BY RACE AND HISPANIC OR LATINO ORIGIN OF HOUSEHOLDER!!Households!!One race--!!American Indian and Alaska Native; Margin of Error!!Number!!HOUSEHOLD INCOME BY RACE AND HISPANIC OR LATINO ORIGIN OF HOUSEHOLDER!!Households!!One race--!!American Indian and Alaska Native; Estimate!!Number!!HOUSEHOLD INCOME BY RACE AND HISPANIC OR LATINO ORIGIN OF HOUSEHOLDER!!Households!!One race--!!Asian; Margin of Error!!Number!!HOUSEHOLD INCOME BY RACE AND HISPANIC OR LATINO ORIGIN OF HOUSEHOLDER!!Households!!One race--!!Asian; Estimate!!Number!!HOUSEHOLD INCOME BY RACE AND HISPANIC OR LATINO ORIGIN OF HOUSEHOLDER!!Households!!One race--!!Native Hawaiian and Other Pacific Islander; Margin of Error!!Number!!HOUSEHOLD INCOME BY RACE AND HISPANIC OR LATINO ORIGIN OF HOUSEHOLDER!!Households!!One race--!!Native Hawaiian and Other Pacific Islander; Estimate!!Number!!HOUSEHOLD INCOME BY RACE AND HISPANIC OR LATINO ORIGIN OF HOUSEHOLDER!!Households!!One race--!!Some other race; Margin of Error!!Number!!HOUSEHOLD INCOME BY RACE AND HISPANIC OR LATINO ORIGIN OF HOUSEHOLDER!!Households!!One race--!!Some other race; Estimate!!Number!!HOUSEHOLD INCOME BY RACE AND HISPANIC OR LATINO ORIGIN OF HOUSEHOLDER!!Households!!Two or more races; Margin of Error!!Number!!HOUSEHOLD INCOME BY RACE AND HISPANIC OR LATINO ORIGIN OF HOUSEHOLDER!!Households!!Two or more races; Estimate!!Number!!HOUSEHOLD INCOME BY RACE AND HISPANIC OR LATINO ORIGIN OF HOUSEHOLDER!!Households!!Hispanic or Latino origin (of any race); Margin of Error!!Number!!HOUSEHOLD INCOME BY RACE AND HISPANIC OR LATINO ORIGIN OF HOUSEHOLDER!!Households!!Hispanic or Latino origin (of any race); Estimate!!Number!!HOUSEHOLD INCOME BY RACE AND HISPANIC OR LATINO ORIGIN OF HOUSEHOLDER!!Households!!White alone, not Hispanic or Latino; Margin of Error!!Number!!HOUSEHOLD INCOME BY RACE AND HISPANIC OR LATINO ORIGIN OF HOUSEHOLDER!!Households!!White alone, not Hispanic or Latino; Estimate!!Number!!HOUSEHOLD INCOME BY AGE OF HOUSEHOLDER!!15 to 24 years; Margin of Error!!Number!!HOUSEHOLD INCOME BY AGE OF HOUSEHOLDER!!15 to 24 years; Estimate!!Number!!HOUSEHOLD INCOME BY AGE OF HOUSEHOLDER!!25 to 44 years; ...",,,,csv encoding=utf-8-sig
ACSST5Y2023.S1903-Table-Notes.txt,data/raw/acs/reference_repo/S1903_Median_Income/ACSST5Y2023.S1903-Table-Notes.txt,txt,6.0,data/raw/acs/reference_repo/S1903_Median_Income,demographics,raw_source,,,,,,,documentation or metadata text file
ACSST5Y2010.S2201-Column-Metadata.csv,data/raw/acs/reference_repo/S2201_SNAP_Food_Stamps/ACSST5Y2010.S2201-Column-Metadata.csv,csv,14.47,data/raw/acs/reference_repo/S2201_SNAP_Food_Stamps,demographics,raw_source,127,2,GEO_ID; Geography,,,,csv encoding=utf-8-sig
ACSST5Y2010.S2201-Data.csv,data/raw/acs/reference_repo/S2201_SNAP_Food_Stamps/ACSST5Y2010.S2201-Data.csv,csv,42.62,data/raw/acs/reference_repo/S2201_SNAP_Food_Stamps,demographics,raw_source,32,129,Geography; Geographic Area Name; Total!!Estimate!!Households; Total!!Margin of Error!!Households; Households receiving food stamps!!Estimate!!Households; Households receiving food stamps!!Margin of Error!!Households; Households not receiving food stamps!!Estimate!!Households; Households not receiving food stamps!!Margin of Error!!Households; Total!!Estimate!!With one or more people 60 years and over; Total!!Margin of Error!!With one or more people 60 years and over; Households receiving food stamps!!Estimate!!With one or more people 60 years and over; Households receiving food stamps!!Margin of Error!!With one or more people 60 years and over; Households not receiving food stamps!!Estimate!!With one or more people 60 years and over; Households not receiving food stamps!!Margin of Error!!With one or more people 60 years and over; Total!!Estimate!!With children under 18 years; Total!!Margin of Error!!With children under 18 years; Households receiving food stamps!!Estimate!!With children under 18 years; Households receiving food stamps!!Margin of Error!!With children under 18 years; Households not receiving food stamps!!Estimate!!With children under 18 years; Households not receiving food stamps!!Margin of Error!!With children under 18 years; Total!!Estimate!!POVERTY STATUS IN THE PAST 12 MONTHS!!Below poverty level; Total!!Margin of Error!!POVERTY STATUS IN THE PAST 12 MONTHS!!Below poverty level; Households receiving food stamps!!Estimate!!POVERTY STATUS IN THE PAST 12 MONTHS!!Below poverty level; Households receiving food stamps!!Margin of Error!!POVERTY STATUS IN THE PAST 12 MONTHS!!Below poverty level; Households not receiving food stamps!!Estimate!!POVERTY STATUS IN THE PAST 12 MONTHS!!Below poverty level; ...,,,,csv encoding=utf-8-sig
ACSST5Y2010.S2201-Table-Notes.txt,data/raw/acs/reference_repo/S2201_SNAP_Food_Stamps/ACSST5Y2010.S2201-Table-Notes.txt,txt,5.27,data/raw/acs/reference_repo/S2201_SNAP_Food_Stamps,demographics,raw_source,,,,,,,documentation or metadata text file
ACSST5Y2011.S2201-Column-Metadata.csv,data/raw/acs/reference_repo/S2201_SNAP_Food_Stamps/ACSST5Y2011.S2201-Column-Metadata.csv,csv,14.47,data/raw/acs/reference_repo/S2201_SNAP_Food_Stamps,demographics,raw_source,127,2,GEO_ID; Geography,,,,csv encoding=utf-8-sig
ACSST5Y2011.S2201-Data.csv,data/raw/acs/reference_repo/S2201_SNAP_Food_Stamps/ACSST5Y2011.S2201-Data.csv,csv,41.54,data/raw/acs/reference_repo/S2201_SNAP_Food_Stamps,demographics,raw_source,32,129,Geography; Geographic Area Name; Total!!Estimate!!Households; Total!!Margin of Error!!Households; Households receiving food stamps!!Estimate!!Households; Households receiving food stamps!!Margin of Error!!Households; Households not receiving food stamps!!Estimate!!Households; Households not receiving food stamps!!Margin of Error!!Households; Total!!Estimate!!With one or more people 60 years and over; Total!!Margin of Error!!With one or more people 60 years and over; Households receiving food stamps!!Estimate!!With one or more people 60 years and over; Households receiving food stamps!!Margin of Error!!With one or more people 60 years and over; Households not receiving food stamps!!Estimate!!With one or more people 60 years and over; Households not receiving food stamps!!Margin of Error!!With one or more people 60 years and over; Total!!Estimate!!With children under 18 years; Total!!Margin of Error!!With children under 18 years; Households receiving food stamps!!Estimate!!With children under 18 years; Households receiving food stamps!!Margin of Error!!With children under 18 years; Households not receiving food stamps!!Estimate!!With children under 18 years; Households not receiving food stamps!!Margin of Error!!With children under 18 years; Total!!Estimate!!POVERTY STATUS IN THE PAST 12 MONTHS!!Below poverty level; Total!!Margin of Error!!POVERTY STATUS IN THE PAST 12 MONTHS!!Below poverty level; Households receiving food stamps!!Estimate!!POVERTY STATUS IN THE PAST 12 MONTHS!!Below poverty level; Households receiving food stamps!!Margin of Error!!POVERTY STATUS IN THE PAST 12 MONTHS!!Below poverty level; Households not receiving food stamps!!Estimate!!POVERTY STATUS IN THE PAST 12 MONTHS!!Below poverty level; ...,,,,csv encoding=utf-8-sig
ACSST5Y2011.S2201-Table-Notes.txt,data/raw/acs/reference_repo/S2201_SNAP_Food_Stamps/ACSST5Y2011.S2201-Table-Notes.txt,txt,5.04,data/raw/acs/reference_repo/S2201_SNAP_Food_Stamps,demographics,raw_source,,,,,,,documentation or metadata text file
ACSST5Y2012.S2201-Column-Metadata.csv,data/raw/acs/reference_repo/S2201_SNAP_Food_Stamps/ACSST5Y2012.S2201-Column-Metadata.csv,csv,14.47,data/raw/acs/reference_repo/S2201_SNAP_Food_Stamps,demographics,raw_source,127,2,GEO_ID; Geography,,,,csv encoding=utf-8-sig
ACSST5Y2012.S2201-Data.csv,data/raw/acs/reference_repo/S2201_SNAP_Food_Stamps/ACSST5Y2012.S2201-Data.csv,csv,41.63,data/raw/acs/reference_repo/S2201_SNAP_Food_Stamps,demographics,raw_source,32,129,Geography; Geographic Area Name; Total!!Estimate!!Households; Total!!Margin of Error!!Households; Households receiving food stamps!!Estimate!!Households; Households receiving food stamps!!Margin of Error!!Households; Households not receiving food stamps!!Estimate!!Households; Households not receiving food stamps!!Margin of Error!!Households; Total!!Estimate!!With one or more people 60 years and over; Total!!Margin of Error!!With one or more people 60 years and over; Households receiving food stamps!!Estimate!!With one or more people 60 years and over; Households receiving food stamps!!Margin of Error!!With one or more people 60 years and over; Households not receiving food stamps!!Estimate!!With one or more people 60 years and over; Households not receiving food stamps!!Margin of Error!!With one or more people 60 years and over; Total!!Estimate!!With children under 18 years; Total!!Margin of Error!!With children under 18 years; Households receiving food stamps!!Estimate!!With children under 18 years; Households receiving food stamps!!Margin of Error!!With children under 18 years; Households not receiving food stamps!!Estimate!!With children under 18 years; Households not receiving food stamps!!Margin of Error!!With children under 18 years; Total!!Estimate!!POVERTY STATUS IN THE PAST 12 MONTHS!!Below poverty level; Total!!Margin of Error!!POVERTY STATUS IN THE PAST 12 MONTHS!!Below poverty level; Households receiving food stamps!!Estimate!!POVERTY STATUS IN THE PAST 12 MONTHS!!Below poverty level; Households receiving food stamps!!Margin of Error!!POVERTY STATUS IN THE PAST 12 MONTHS!!Below poverty level; Households not receiving food stamps!!Estimate!!POVERTY STATUS IN THE PAST 12 MONTHS!!Below poverty level; ...,,,,csv encoding=utf-8-sig
ACSST5Y2012.S2201-Table-Notes.txt,data/raw/acs/reference_repo/S2201_SNAP_Food_Stamps/ACSST5Y2012.S2201-Table-Notes.txt,txt,5.04,data/raw/acs/reference_repo/S2201_SNAP_Food_Stamps,demographics,raw_source,,,,,,,documentation or metadata text file
ACSST5Y2013.S2201-Column-Metadata.csv,data/raw/acs/reference_repo/S2201_SNAP_Food_Stamps/ACSST5Y2013.S2201-Column-Metadata.csv,csv,14.65,data/raw/acs/reference_repo/S2201_SNAP_Food_Stamps,demographics,raw_source,127,2,GEO_ID; Geography,,,,csv encoding=utf-8-sig
ACSST5Y2013.S2201-Data.csv,data/raw/acs/reference_repo/S2201_SNAP_Food_Stamps/ACSST5Y2013.S2201-Data.csv,csv,41.85,data/raw/acs/reference_repo/S2201_SNAP_Food_Stamps,demographics,raw_source,32,129,Geography; Geographic Area Name; Total!!Estimate!!Households; Total!!Margin of Error!!Households; Households receiving food stamps!!Estimate!!Households; Households receiving food stamps!!Margin of Error!!Households; Households not receiving food stamps!!Estimate!!Households; Households not receiving food stamps!!Margin of Error!!Households; Total!!Estimate!!With one or more people 60 years and over; Total!!Margin of Error!!With one or more people 60 years and over; Households receiving food stamps!!Estimate!!With one or more people 60 years and over; Households receiving food stamps!!Margin of Error!!With one or more people 60 years and over; Households not receiving food stamps!!Estimate!!With one or more people 60 years and over; Households not receiving food stamps!!Margin of Error!!With one or more people 60 years and over; Total!!Estimate!!With children under 18 years; Total!!Margin of Error!!With children under 18 years; Households receiving food stamps!!Estimate!!With children under 18 years; Households receiving food stamps!!Margin of Error!!With children under 18 years; Households not receiving food stamps!!Estimate!!With children under 18 years; Households not receiving food stamps!!Margin of Error!!With children under 18 years; Total!!Estimate!!POVERTY STATUS IN THE PAST 12 MONTHS!!Below poverty level; Total!!Margin of Error!!POVERTY STATUS IN THE PAST 12 MONTHS!!Below poverty level; Households receiving food stamps!!Estimate!!POVERTY STATUS IN THE PAST 12 MONTHS!!Below poverty level; Households receiving food stamps!!Margin of Error!!POVERTY STATUS IN THE PAST 12 MONTHS!!Below poverty level; Households not receiving food stamps!!Estimate!!POVERTY STATUS IN THE PAST 12 MONTHS!!Below poverty level; ...,,,,csv encoding=utf-8-sig
ACSST5Y2013.S2201-Table-Notes.txt,data/raw/acs/reference_repo/S2201_SNAP_Food_Stamps/ACSST5Y2013.S2201-Table-Notes.txt,txt,4.98,data/raw/acs/reference_repo/S2201_SNAP_Food_Stamps,demographics,raw_source,,,,,,,documentation or metadata text file
ACSST5Y2014.S2201-Column-Metadata.csv,data/raw/acs/reference_repo/S2201_SNAP_Food_Stamps/ACSST5Y2014.S2201-Column-Metadata.csv,csv,14.65,data/raw/acs/reference_repo/S2201_SNAP_Food_Stamps,demographics,raw_source,127,2,GEO_ID; Geography,,,,csv encoding=utf-8-sig
ACSST5Y2014.S2201-Data.csv,data/raw/acs/reference_repo/S2201_SNAP_Food_Stamps/ACSST5Y2014.S2201-Data.csv,csv,41.82,data/raw/acs/reference_repo/S2201_SNAP_Food_Stamps,demographics,raw_source,32,129,Geography; Geographic Area Name; Total!!Estimate!!Households; Total!!Margin of Error!!Households; Households receiving food stamps!!Estimate!!Households; Households receiving food stamps!!Margin of Error!!Households; Households not receiving food stamps!!Estimate!!Households; Households not receiving food stamps!!Margin of Error!!Households; Total!!Estimate!!With one or more people 60 years and over; Total!!Margin of Error!!With one or more people 60 years and over; Households receiving food stamps!!Estimate!!With one or more people 60 years and over; Households receiving food stamps!!Margin of Error!!With one or more people 60 years and over; Households not receiving food stamps!!Estimate!!With one or more people 60 years and over; Households not receiving food stamps!!Margin of Error!!With one or more people 60 years and over; Total!!Estimate!!With children under 18 years; Total!!Margin of Error!!With children under 18 years; Households receiving food stamps!!Estimate!!With children under 18 years; Households receiving food stamps!!Margin of Error!!With children under 18 years; Households not receiving food stamps!!Estimate!!With children under 18 years; Households not receiving food stamps!!Margin of Error!!With children under 18 years; Total!!Estimate!!POVERTY STATUS IN THE PAST 12 MONTHS!!Below poverty level; Total!!Margin of Error!!POVERTY STATUS IN THE PAST 12 MONTHS!!Below poverty level; Households receiving food stamps!!Estimate!!POVERTY STATUS IN THE PAST 12 MONTHS!!Below poverty level; Households receiving food stamps!!Margin of Error!!POVERTY STATUS IN THE PAST 12 MONTHS!!Below poverty level; Households not receiving food stamps!!Estimate!!POVERTY STATUS IN THE PAST 12 MONTHS!!Below poverty level; ...,,,,csv encoding=utf-8-sig
ACSST5Y2014.S2201-Table-Notes.txt,data/raw/acs/reference_repo/S2201_SNAP_Food_Stamps/ACSST5Y2014.S2201-Table-Notes.txt,txt,5.0,data/raw/acs/reference_repo/S2201_SNAP_Food_Stamps,demographics,raw_source,,,,,,,documentation or metadata text file
ACSST5Y2015.S2201-Column-Metadata.csv,data/raw/acs/reference_repo/S2201_SNAP_Food_Stamps/ACSST5Y2015.S2201-Column-Metadata.csv,csv,56.98,data/raw/acs/reference_repo/S2201_SNAP_Food_Stamps,demographics,raw_source,457,2,GEO_ID; Geography,,,,csv encoding=utf-8-sig
ACSST5Y2015.S2201-Data.csv,data/raw/acs/reference_repo/S2201_SNAP_Food_Stamps/ACSST5Y2015.S2201-Data.csv,csv,142.46,data/raw/acs/reference_repo/S2201_SNAP_Food_Stamps,demographics,raw_source,32,459,Geography; Geographic Area Name; Total!!Estimate!!Households; Total!!Margin of Error!!Households; Percent!!Estimate!!Households; Percent!!Margin of Error!!Households; Households receiving food stamps/SNAP!!Estimate!!Households; Households receiving food stamps/SNAP!!Margin of Error!!Households; Percent households receiving food stamps/SNAP!!Estimate!!Households; Percent households receiving food stamps/SNAP!!Margin of Error!!Households; Households not receiving food stamps/SNAP!!Estimate!!Households; Households not receiving food stamps/SNAP!!Margin of Error!!Households; Percent households not receiving food stamps/SNAP!!Estimate!!Households; Percent households not receiving food stamps/SNAP!!Margin of Error!!Households; Total!!Estimate!!With one or more people in the household 60 years and over; Total!!Margin of Error!!With one or more people in the household 60 years and over; Percent!!Estimate!!With one or more people in the household 60 years and over; Percent!!Margin of Error!!With one or more people in the household 60 years and over; Households receiving food stamps/SNAP!!Estimate!!With one or more people in the household 60 years and over; Households receiving food stamps/SNAP!!Margin of Error!!With one or more people in the household 60 years and over; Percent households receiving food stamps/SNAP!!Estimate!!With one or more people in the household 60 years and over; Percent households receiving food stamps/SNAP!!Margin of Error!!With one or more people in the household 60 years and over; Households not receiving food stamps/SNAP!!Estimate!!With one or more people in the household 60 years and over; Households not receiving food stamps/SNAP!!Margin of Error!!With one or more people in the household 60 years and over; Percent households not receiving food stamps/SNAP!!Estimate!!With one or more people in the household 60 years and over; ...,,,,csv encoding=utf-8-sig
ACSST5Y2015.S2201-Table-Notes.txt,data/raw/acs/reference_repo/S2201_SNAP_Food_Stamps/ACSST5Y2015.S2201-Table-Notes.txt,txt,5.21,data/raw/acs/reference_repo/S2201_SNAP_Food_Stamps,demographics,raw_source,,,,,,,documentation or metadata text file
ACSST5Y2016.S2201-Column-Metadata.csv,data/raw/acs/reference_repo/S2201_SNAP_Food_Stamps/ACSST5Y2016.S2201-Column-Metadata.csv,csv,56.98,data/raw/acs/reference_repo/S2201_SNAP_Food_Stamps,demographics,raw_source,457,2,GEO_ID; Geography,,,,csv encoding=utf-8-sig
ACSST5Y2016.S2201-Data.csv,data/raw/acs/reference_repo/S2201_SNAP_Food_Stamps/ACSST5Y2016.S2201-Data.csv,csv,142.48,data/raw/acs/reference_repo/S2201_SNAP_Food_Stamps,demographics,raw_source,32,459,Geography; Geographic Area Name; Total!!Estimate!!Households; Total!!Margin of Error!!Households; Percent!!Estimate!!Households; Percent!!Margin of Error!!Households; Households receiving food stamps/SNAP!!Estimate!!Households; Households receiving food stamps/SNAP!!Margin of Error!!Households; Percent households receiving food stamps/SNAP!!Estimate!!Households; Percent households receiving food stamps/SNAP!!Margin of Error!!Households; Households not receiving food stamps/SNAP!!Estimate!!Households; Households not receiving food stamps/SNAP!!Margin of Error!!Households; Percent households not receiving food stamps/SNAP!!Estimate!!Households; Percent households not receiving food stamps/SNAP!!Margin of Error!!Households; Total!!Estimate!!With one or more people in the household 60 years and over; Total!!Margin of Error!!With one or more people in the household 60 years and over; Percent!!Estimate!!With one or more people in the household 60 years and over; Percent!!Margin of Error!!With one or more people in the household 60 years and over; Households receiving food stamps/SNAP!!Estimate!!With one or more people in the household 60 years and over; Households receiving food stamps/SNAP!!Margin of Error!!With one or more people in the household 60 years and over; Percent households receiving food stamps/SNAP!!Estimate!!With one or more people in the household 60 years and over; Percent households receiving food stamps/SNAP!!Margin of Error!!With one or more people in the household 60 years and over; Households not receiving food stamps/SNAP!!Estimate!!With one or more people in the household 60 years and over; Households not receiving food stamps/SNAP!!Margin of Error!!With one or more people in the household 60 years and over; Percent households not receiving food stamps/SNAP!!Estimate!!With one or more people in the household 60 years and over; ...,,,,csv encoding=utf-8-sig
ACSST5Y2016.S2201-Table-Notes.txt,data/raw/acs/reference_repo/S2201_SNAP_Food_Stamps/ACSST5Y2016.S2201-Table-Notes.txt,txt,5.2,data/raw/acs/reference_repo/S2201_SNAP_Food_Stamps,demographics,raw_source,,,,,,,documentation or metadata text file
ACSST5Y2017.S2201-Column-Metadata.csv,data/raw/acs/reference_repo/S2201_SNAP_Food_Stamps/ACSST5Y2017.S2201-Column-Metadata.csv,csv,60.52,data/raw/acs/reference_repo/S2201_SNAP_Food_Stamps,demographics,raw_source,457,2,GEO_ID; Geography,,,,csv encoding=utf-8-sig
ACSST5Y2017.S2201-Data.csv,data/raw/acs/reference_repo/S2201_SNAP_Food_Stamps/ACSST5Y2017.S2201-Data.csv,csv,145.88,data/raw/acs/reference_repo/S2201_SNAP_Food_Stamps,demographics,raw_source,32,459,"Geography; Geographic Area Name; Estimate!!Total!!Households; Margin of Error!!Total MOE!!Households; Estimate!!Total!!Households!!With one or more people in the household 60 years and over; Margin of Error!!Total MOE!!Households!!With one or more people in the household 60 years and over; Estimate!!Total!!Households!!No people in the household 60 years and over; Margin of Error!!Total MOE!!Households!!No people in the household 60 years and over; Estimate!!Total!!Households!!Married-couple family; Margin of Error!!Total MOE!!Households!!Married-couple family; Estimate!!Total!!Households!!Other family; Margin of Error!!Total MOE!!Households!!Other family; Estimate!!Total!!Households!!Other family!!Male householder, no wife present; Margin of Error!!Total MOE!!Households!!Other family!!Male householder, no wife present; Estimate!!Total!!Households!!Other family!!Female householder, no husband present; Margin of Error!!Total MOE!!Households!!Other family!!Female householder, no husband present; Estimate!!Total!!Households!!Nonfamily households; Margin of Error!!Total MOE!!Households!!Nonfamily households; Estimate!!Total!!Households!!With children under 18 years; Margin of Error!!Total MOE!!Households!!With children under 18 years; Estimate!!Total!!Households!!With children under 18 years!!Married-couple family; Margin of Error!!Total MOE!!Households!!With children under 18 years!!Married-couple family; Estimate!!Total!!Households!!With children under 18 years!!Other family; Margin of Error!!Total MOE!!Households!!With children under 18 years!!Other family; Estimate!!Total!!Households!!With children under 18 years!!Other family!!Male householder, no wife present; ...",,,,csv encoding=utf-8-sig
ACSST5Y2017.S2201-Table-Notes.txt,data/raw/acs/reference_repo/S2201_SNAP_Food_Stamps/ACSST5Y2017.S2201-Table-Notes.txt,txt,5.26,data/raw/acs/reference_repo/S2201_SNAP_Food_Stamps,demographics,raw_source,,,,,,,documentation or metadata text file
ACSST5Y2018.S2201-Column-Metadata.csv,data/raw/acs/reference_repo/S2201_SNAP_Food_Stamps/ACSST5Y2018.S2201-Column-Metadata.csv,csv,60.52,data/raw/acs/reference_repo/S2201_SNAP_Food_Stamps,demographics,raw_source,457,2,GEO_ID; Geography,,,,csv encoding=utf-8-sig
ACSST5Y2018.S2201-Data.csv,data/raw/acs/reference_repo/S2201_SNAP_Food_Stamps/ACSST5Y2018.S2201-Data.csv,csv,145.81,data/raw/acs/reference_repo/S2201_SNAP_Food_Stamps,demographics,raw_source,32,459,"Geography; Geographic Area Name; Estimate!!Total!!Households; Margin of Error!!Total MOE!!Households; Estimate!!Total!!Households!!With one or more people in the household 60 years and over; Margin of Error!!Total MOE!!Households!!With one or more people in the household 60 years and over; Estimate!!Total!!Households!!No people in the household 60 years and over; Margin of Error!!Total MOE!!Households!!No people in the household 60 years and over; Estimate!!Total!!Households!!Married-couple family; Margin of Error!!Total MOE!!Households!!Married-couple family; Estimate!!Total!!Households!!Other family; Margin of Error!!Total MOE!!Households!!Other family; Estimate!!Total!!Households!!Other family!!Male householder, no wife present; Margin of Error!!Total MOE!!Households!!Other family!!Male householder, no wife present; Estimate!!Total!!Households!!Other family!!Female householder, no husband present; Margin of Error!!Total MOE!!Households!!Other family!!Female householder, no husband present; Estimate!!Total!!Households!!Nonfamily households; Margin of Error!!Total MOE!!Households!!Nonfamily households; Estimate!!Total!!Households!!With children under 18 years; Margin of Error!!Total MOE!!Households!!With children under 18 years; Estimate!!Total!!Households!!With children under 18 years!!Married-couple family; Margin of Error!!Total MOE!!Households!!With children under 18 years!!Married-couple family; Estimate!!Total!!Households!!With children under 18 years!!Other family; Margin of Error!!Total MOE!!Households!!With children under 18 years!!Other family; Estimate!!Total!!Households!!With children under 18 years!!Other family!!Male householder, no wife present; ...",,,,csv encoding=utf-8-sig
ACSST5Y2018.S2201-Table-Notes.txt,data/raw/acs/reference_repo/S2201_SNAP_Food_Stamps/ACSST5Y2018.S2201-Table-Notes.txt,txt,5.42,data/raw/acs/reference_repo/S2201_SNAP_Food_Stamps,demographics,raw_source,,,,,,,documentation or metadata text file
ACSST5Y2019.S2201-Column-Metadata.csv,data/raw/acs/reference_repo/S2201_SNAP_Food_Stamps/ACSST5Y2019.S2201-Column-Metadata.csv,csv,59.79,data/raw/acs/reference_repo/S2201_SNAP_Food_Stamps,demographics,raw_source,457,2,GEO_ID; Geography,,,,csv encoding=utf-8-sig
ACSST5Y2019.S2201-Data.csv,data/raw/acs/reference_repo/S2201_SNAP_Food_Stamps/ACSST5Y2019.S2201-Data.csv,csv,144.9,data/raw/acs/reference_repo/S2201_SNAP_Food_Stamps,demographics,raw_source,32,459,"Geography; Geographic Area Name; Estimate!!Total!!Households; Margin of Error!!Total!!Households; Estimate!!Total!!Households!!With one or more people in the household 60 years and over; Margin of Error!!Total!!Households!!With one or more people in the household 60 years and over; Estimate!!Total!!Households!!No people in the household 60 years and over; Margin of Error!!Total!!Households!!No people in the household 60 years and over; Estimate!!Total!!Households!!Married-couple family; Margin of Error!!Total!!Households!!Married-couple family; Estimate!!Total!!Households!!Other family:; Margin of Error!!Total!!Households!!Other family:; Estimate!!Total!!Households!!Other family:!!Male householder, no spouse present; Margin of Error!!Total!!Households!!Other family:!!Male householder, no spouse present; Estimate!!Total!!Households!!Other family:!!Female householder, no spouse present; Margin of Error!!Total!!Households!!Other family:!!Female householder, no spouse present; Estimate!!Total!!Households!!Nonfamily households; Margin of Error!!Total!!Households!!Nonfamily households; Estimate!!Total!!Households!!With children under 18 years; Margin of Error!!Total!!Households!!With children under 18 years; Estimate!!Total!!Households!!With children under 18 years!!Married-couple family; Margin of Error!!Total!!Households!!With children under 18 years!!Married-couple family; Estimate!!Total!!Households!!With children under 18 years!!Other family:; Margin of Error!!Total!!Households!!With children under 18 years!!Other family:; Estimate!!Total!!Households!!With children under 18 years!!Other family:!!Male householder, no spouse present; ...",,,,csv encoding=utf-8-sig
ACSST5Y2019.S2201-Table-Notes.txt,data/raw/acs/reference_repo/S2201_SNAP_Food_Stamps/ACSST5Y2019.S2201-Table-Notes.txt,txt,5.06,data/raw/acs/reference_repo/S2201_SNAP_Food_Stamps,demographics,raw_source,,,,,,,documentation or metadata text file
ACSST5Y2020.S2201-Column-Metadata.csv,data/raw/acs/reference_repo/S2201_SNAP_Food_Stamps/ACSST5Y2020.S2201-Column-Metadata.csv,csv,59.79,data/raw/acs/reference_repo/S2201_SNAP_Food_Stamps,demographics,raw_source,457,2,GEO_ID; Geography,,,,csv encoding=utf-8-sig
ACSST5Y2020.S2201-Data.csv,data/raw/acs/reference_repo/S2201_SNAP_Food_Stamps/ACSST5Y2020.S2201-Data.csv,csv,150.6,data/raw/acs/reference_repo/S2201_SNAP_Food_Stamps,demographics,raw_source,34,459,"Geography; Geographic Area Name; Estimate!!Total!!Households; Margin of Error!!Total!!Households; Estimate!!Total!!Households!!With one or more people in the household 60 years and over; Margin of Error!!Total!!Households!!With one or more people in the household 60 years and over; Estimate!!Total!!Households!!No people in the household 60 years and over; Margin of Error!!Total!!Households!!No people in the household 60 years and over; Estimate!!Total!!Households!!Married-couple family; Margin of Error!!Total!!Households!!Married-couple family; Estimate!!Total!!Households!!Other family:; Margin of Error!!Total!!Households!!Other family:; Estimate!!Total!!Households!!Other family:!!Male householder, no spouse present; Margin of Error!!Total!!Households!!Other family:!!Male householder, no spouse present; Estimate!!Total!!Households!!Other family:!!Female householder, no spouse present; Margin of Error!!Total!!Households!!Other family:!!Female householder, no spouse present; Estimate!!Total!!Households!!Nonfamily households; Margin of Error!!Total!!Households!!Nonfamily households; Estimate!!Total!!Households!!With children under 18 years; Margin of Error!!Total!!Households!!With children under 18 years; Estimate!!Total!!Households!!With children under 18 years!!Married-couple family; Margin of Error!!Total!!Households!!With children under 18 years!!Married-couple family; Estimate!!Total!!Households!!With children under 18 years!!Other family:; Margin of Error!!Total!!Households!!With children under 18 years!!Other family:; Estimate!!Total!!Households!!With children under 18 years!!Other family:!!Male householder, no spouse present; ...",,,,csv encoding=utf-8-sig
ACSST5Y2020.S2201-Table-Notes.txt,data/raw/acs/reference_repo/S2201_SNAP_Food_Stamps/ACSST5Y2020.S2201-Table-Notes.txt,txt,5.09,data/raw/acs/reference_repo/S2201_SNAP_Food_Stamps,demographics,raw_source,,,,,,,documentation or metadata text file
ACSST5Y2021.S2201-Column-Metadata.csv,data/raw/acs/reference_repo/S2201_SNAP_Food_Stamps/ACSST5Y2021.S2201-Column-Metadata.csv,csv,59.79,data/raw/acs/reference_repo/S2201_SNAP_Food_Stamps,demographics,raw_source,457,2,GEO_ID; Geography,,,,csv encoding=utf-8-sig
ACSST5Y2021.S2201-Data.csv,data/raw/acs/reference_repo/S2201_SNAP_Food_Stamps/ACSST5Y2021.S2201-Data.csv,csv,150.79,data/raw/acs/reference_repo/S2201_SNAP_Food_Stamps,demographics,raw_source,34,459,"Geography; Geographic Area Name; Estimate!!Total!!Households; Margin of Error!!Total!!Households; Estimate!!Total!!Households!!With one or more people in the household 60 years and over; Margin of Error!!Total!!Households!!With one or more people in the household 60 years and over; Estimate!!Total!!Households!!No people in the household 60 years and over; Margin of Error!!Total!!Households!!No people in the household 60 years and over; Estimate!!Total!!Households!!Married-couple family; Margin of Error!!Total!!Households!!Married-couple family; Estimate!!Total!!Households!!Other family:; Margin of Error!!Total!!Households!!Other family:; Estimate!!Total!!Households!!Other family:!!Male householder, no spouse present; Margin of Error!!Total!!Households!!Other family:!!Male householder, no spouse present; Estimate!!Total!!Households!!Other family:!!Female householder, no spouse present; Margin of Error!!Total!!Households!!Other family:!!Female householder, no spouse present; Estimate!!Total!!Households!!Nonfamily households; Margin of Error!!Total!!Households!!Nonfamily households; Estimate!!Total!!Households!!With children under 18 years; Margin of Error!!Total!!Households!!With children under 18 years; Estimate!!Total!!Households!!With children under 18 years!!Married-couple family; Margin of Error!!Total!!Households!!With children under 18 years!!Married-couple family; Estimate!!Total!!Households!!With children under 18 years!!Other family:; Margin of Error!!Total!!Households!!With children under 18 years!!Other family:; Estimate!!Total!!Households!!With children under 18 years!!Other family:!!Male householder, no spouse present; ...",,,,csv encoding=utf-8-sig
ACSST5Y2021.S2201-Table-Notes.txt,data/raw/acs/reference_repo/S2201_SNAP_Food_Stamps/ACSST5Y2021.S2201-Table-Notes.txt,txt,5.07,data/raw/acs/reference_repo/S2201_SNAP_Food_Stamps,demographics,raw_source,,,,,,,documentation or metadata text file
ACSST5Y2022.S2201-Column-Metadata.csv,data/raw/acs/reference_repo/S2201_SNAP_Food_Stamps/ACSST5Y2022.S2201-Column-Metadata.csv,csv,59.79,data/raw/acs/reference_repo/S2201_SNAP_Food_Stamps,demographics,raw_source,457,2,GEO_ID; Geography,,,,csv encoding=utf-8-sig
ACSST5Y2022.S2201-Data.csv,data/raw/acs/reference_repo/S2201_SNAP_Food_Stamps/ACSST5Y2022.S2201-Data.csv,csv,150.99,data/raw/acs/reference_repo/S2201_SNAP_Food_Stamps,demographics,raw_source,34,459,"Geography; Geographic Area Name; Estimate!!Total!!Households; Margin of Error!!Total!!Households; Estimate!!Total!!Households!!With one or more people in the household 60 years and over; Margin of Error!!Total!!Households!!With one or more people in the household 60 years and over; Estimate!!Total!!Households!!No people in the household 60 years and over; Margin of Error!!Total!!Households!!No people in the household 60 years and over; Estimate!!Total!!Households!!Married-couple family; Margin of Error!!Total!!Households!!Married-couple family; Estimate!!Total!!Households!!Other family:; Margin of Error!!Total!!Households!!Other family:; Estimate!!Total!!Households!!Other family:!!Male householder, no spouse present; Margin of Error!!Total!!Households!!Other family:!!Male householder, no spouse present; Estimate!!Total!!Households!!Other family:!!Female householder, no spouse present; Margin of Error!!Total!!Households!!Other family:!!Female householder, no spouse present; Estimate!!Total!!Households!!Nonfamily households; Margin of Error!!Total!!Households!!Nonfamily households; Estimate!!Total!!Households!!With children under 18 years; Margin of Error!!Total!!Households!!With children under 18 years; Estimate!!Total!!Households!!With children under 18 years!!Married-couple family; Margin of Error!!Total!!Households!!With children under 18 years!!Married-couple family; Estimate!!Total!!Households!!With children under 18 years!!Other family:; Margin of Error!!Total!!Households!!With children under 18 years!!Other family:; Estimate!!Total!!Households!!With children under 18 years!!Other family:!!Male householder, no spouse present; ...",,,,csv encoding=utf-8-sig
ACSST5Y2022.S2201-Table-Notes.txt,data/raw/acs/reference_repo/S2201_SNAP_Food_Stamps/ACSST5Y2022.S2201-Table-Notes.txt,txt,5.38,data/raw/acs/reference_repo/S2201_SNAP_Food_Stamps,demographics,raw_source,,,,,,,documentation or metadata text file
ACSST5Y2023.S2201-Column-Metadata.csv,data/raw/acs/reference_repo/S2201_SNAP_Food_Stamps/ACSST5Y2023.S2201-Column-Metadata.csv,csv,59.79,data/raw/acs/reference_repo/S2201_SNAP_Food_Stamps,demographics,raw_source,457,2,GEO_ID; Geography,,,,csv encoding=utf-8-sig
ACSST5Y2023.S2201-Data.csv,data/raw/acs/reference_repo/S2201_SNAP_Food_Stamps/ACSST5Y2023.S2201-Data.csv,csv,150.36,data/raw/acs/reference_repo/S2201_SNAP_Food_Stamps,demographics,raw_source,34,459,"Geography; Geographic Area Name; Estimate!!Total!!Households; Margin of Error!!Total!!Households; Estimate!!Total!!Households!!With one or more people in the household 60 years and over; Margin of Error!!Total!!Households!!With one or more people in the household 60 years and over; Estimate!!Total!!Households!!No people in the household 60 years and over; Margin of Error!!Total!!Households!!No people in the household 60 years and over; Estimate!!Total!!Households!!Married-couple family; Margin of Error!!Total!!Households!!Married-couple family; Estimate!!Total!!Households!!Other family:; Margin of Error!!Total!!Households!!Other family:; Estimate!!Total!!Households!!Other family:!!Male householder, no spouse present; Margin of Error!!Total!!Households!!Other family:!!Male householder, no spouse present; Estimate!!Total!!Households!!Other family:!!Female householder, no spouse present; Margin of Error!!Total!!Households!!Other family:!!Female householder, no spouse present; Estimate!!Total!!Households!!Nonfamily households; Margin of Error!!Total!!Households!!Nonfamily households; Estimate!!Total!!Households!!With children under 18 years; Margin of Error!!Total!!Households!!With children under 18 years; Estimate!!Total!!Households!!With children under 18 years!!Married-couple family; Margin of Error!!Total!!Households!!With children under 18 years!!Married-couple family; Estimate!!Total!!Households!!With children under 18 years!!Other family:; Margin of Error!!Total!!Households!!With children under 18 years!!Other family:; Estimate!!Total!!Households!!With children under 18 years!!Other family:!!Male householder, no spouse present; ...",,,,csv encoding=utf-8-sig
ACSST5Y2023.S2201-Table-Notes.txt,data/raw/acs/reference_repo/S2201_SNAP_Food_Stamps/ACSST5Y2023.S2201-Table-Notes.txt,txt,6.0,data/raw/acs/reference_repo/S2201_SNAP_Food_Stamps,demographics,raw_source,,,,,,,documentation or metadata text file
ACSST5Y2010.S2301-Column-Metadata.csv,data/raw/acs/reference_repo/S2301_Employment_Status/ACSST5Y2010.S2301-Column-Metadata.csv,csv,21.1,data/raw/acs/reference_repo/S2301_Employment_Status,demographics,raw_source,241,2,GEO_ID; Geography,,,,csv encoding=utf-8-sig
ACSST5Y2010.S2301-Data.csv,data/raw/acs/reference_repo/S2301_Employment_Status/ACSST5Y2010.S2301-Data.csv,csv,72.3,data/raw/acs/reference_repo/S2301_Employment_Status,demographics,raw_source,32,243,Geography; Geographic Area Name; Total!!Estimate!!Population 16 years and over; Total!!Margin of Error!!Population 16 years and over; In labor force!!Estimate!!Population 16 years and over; In labor force!!Margin of Error!!Population 16 years and over; Employed!!Estimate!!Population 16 years and over; Employed!!Margin of Error!!Population 16 years and over; Unemployment rate!!Estimate!!Population 16 years and over; Unemployment rate!!Margin of Error!!Population 16 years and over; Total!!Estimate!!AGE!!16 to 19 years; Total!!Margin of Error!!AGE!!16 to 19 years; In labor force!!Estimate!!AGE!!16 to 19 years; In labor force!!Margin of Error!!AGE!!16 to 19 years; Employed!!Estimate!!AGE!!16 to 19 years; Employed!!Margin of Error!!AGE!!16 to 19 years; Unemployment rate!!Estimate!!AGE!!16 to 19 years; Unemployment rate!!Margin of Error!!AGE!!16 to 19 years; Total!!Estimate!!AGE!!20 to 24 years; Total!!Margin of Error!!AGE!!20 to 24 years; In labor force!!Estimate!!AGE!!20 to 24 years; In labor force!!Margin of Error!!AGE!!20 to 24 years; Employed!!Estimate!!AGE!!20 to 24 years; Employed!!Margin of Error!!AGE!!20 to 24 years; Unemployment rate!!Estimate!!AGE!!20 to 24 years; ...,,,,csv encoding=utf-8-sig
ACSST5Y2010.S2301-Table-Notes.txt,data/raw/acs/reference_repo/S2301_Employment_Status/ACSST5Y2010.S2301-Table-Notes.txt,txt,5.27,data/raw/acs/reference_repo/S2301_Employment_Status,demographics,raw_source,,,,,,,documentation or metadata text file
ACSST5Y2011.S2301-Column-Metadata.csv,data/raw/acs/reference_repo/S2301_Employment_Status/ACSST5Y2011.S2301-Column-Metadata.csv,csv,21.1,data/raw/acs/reference_repo/S2301_Employment_Status,demographics,raw_source,241,2,GEO_ID; Geography,,,,csv encoding=utf-8-sig
ACSST5Y2011.S2301-Data.csv,data/raw/acs/reference_repo/S2301_Employment_Status/ACSST5Y2011.S2301-Data.csv,csv,69.76,data/raw/acs/reference_repo/S2301_Employment_Status,demographics,raw_source,32,243,Geography; Geographic Area Name; Total!!Estimate!!Population 16 years and over; Total!!Margin of Error!!Population 16 years and over; In labor force!!Estimate!!Population 16 years and over; In labor force!!Margin of Error!!Population 16 years and over; Employed!!Estimate!!Population 16 years and over; Employed!!Margin of Error!!Population 16 years and over; Unemployment rate!!Estimate!!Population 16 years and over; Unemployment rate!!Margin of Error!!Population 16 years and over; Total!!Estimate!!AGE!!16 to 19 years; Total!!Margin of Error!!AGE!!16 to 19 years; In labor force!!Estimate!!AGE!!16 to 19 years; In labor force!!Margin of Error!!AGE!!16 to 19 years; Employed!!Estimate!!AGE!!16 to 19 years; Employed!!Margin of Error!!AGE!!16 to 19 years; Unemployment rate!!Estimate!!AGE!!16 to 19 years; Unemployment rate!!Margin of Error!!AGE!!16 to 19 years; Total!!Estimate!!AGE!!20 to 24 years; Total!!Margin of Error!!AGE!!20 to 24 years; In labor force!!Estimate!!AGE!!20 to 24 years; In labor force!!Margin of Error!!AGE!!20 to 24 years; Employed!!Estimate!!AGE!!20 to 24 years; Employed!!Margin of Error!!AGE!!20 to 24 years; Unemployment rate!!Estimate!!AGE!!20 to 24 years; ...,,,,csv encoding=utf-8-sig
ACSST5Y2011.S2301-Table-Notes.txt,data/raw/acs/reference_repo/S2301_Employment_Status/ACSST5Y2011.S2301-Table-Notes.txt,txt,5.04,data/raw/acs/reference_repo/S2301_Employment_Status,demographics,raw_source,,,,,,,documentation or metadata text file
ACSST5Y2012.S2301-Column-Metadata.csv,data/raw/acs/reference_repo/S2301_Employment_Status/ACSST5Y2012.S2301-Column-Metadata.csv,csv,21.1,data/raw/acs/reference_repo/S2301_Employment_Status,demographics,raw_source,241,2,GEO_ID; Geography,,,,csv encoding=utf-8-sig
ACSST5Y2012.S2301-Data.csv,data/raw/acs/reference_repo/S2301_Employment_Status/ACSST5Y2012.S2301-Data.csv,csv,70.13,data/raw/acs/reference_repo/S2301_Employment_Status,demographics,raw_source,32,243,Geography; Geographic Area Name; Total!!Estimate!!Population 16 years and over; Total!!Margin of Error!!Population 16 years and over; In labor force!!Estimate!!Population 16 years and over; In labor force!!Margin of Error!!Population 16 years and over; Employed!!Estimate!!Population 16 years and over; Employed!!Margin of Error!!Population 16 years and over; Unemployment rate!!Estimate!!Population 16 years and over; Unemployment rate!!Margin of Error!!Population 16 years and over; Total!!Estimate!!AGE!!16 to 19 years; Total!!Margin of Error!!AGE!!16 to 19 years; In labor force!!Estimate!!AGE!!16 to 19 years; In labor force!!Margin of Error!!AGE!!16 to 19 years; Employed!!Estimate!!AGE!!16 to 19 years; Employed!!Margin of Error!!AGE!!16 to 19 years; Unemployment rate!!Estimate!!AGE!!16 to 19 years; Unemployment rate!!Margin of Error!!AGE!!16 to 19 years; Total!!Estimate!!AGE!!20 to 24 years; Total!!Margin of Error!!AGE!!20 to 24 years; In labor force!!Estimate!!AGE!!20 to 24 years; In labor force!!Margin of Error!!AGE!!20 to 24 years; Employed!!Estimate!!AGE!!20 to 24 years; Employed!!Margin of Error!!AGE!!20 to 24 years; Unemployment rate!!Estimate!!AGE!!20 to 24 years; ...,,,,csv encoding=utf-8-sig
ACSST5Y2012.S2301-Table-Notes.txt,data/raw/acs/reference_repo/S2301_Employment_Status/ACSST5Y2012.S2301-Table-Notes.txt,txt,5.04,data/raw/acs/reference_repo/S2301_Employment_Status,demographics,raw_source,,,,,,,documentation or metadata text file
ACSST5Y2013.S2301-Column-Metadata.csv,data/raw/acs/reference_repo/S2301_Employment_Status/ACSST5Y2013.S2301-Column-Metadata.csv,csv,22.57,data/raw/acs/reference_repo/S2301_Employment_Status,demographics,raw_source,241,2,GEO_ID; Geography,,,,csv encoding=utf-8-sig
ACSST5Y2013.S2301-Data.csv,data/raw/acs/reference_repo/S2301_Employment_Status/ACSST5Y2013.S2301-Data.csv,csv,71.62,data/raw/acs/reference_repo/S2301_Employment_Status,demographics,raw_source,32,243,Geography; Geographic Area Name; Total!!Estimate!!Population 16 years and over; Total!!Margin of Error!!Population 16 years and over; In labor force!!Estimate!!Population 16 years and over; In labor force!!Margin of Error!!Population 16 years and over; Employed!!Estimate!!Population 16 years and over; Employed!!Margin of Error!!Population 16 years and over; Unemployment rate!!Estimate!!Population 16 years and over; Unemployment rate!!Margin of Error!!Population 16 years and over; Total!!Estimate!!AGE!!16 to 19 years; Total!!Margin of Error!!AGE!!16 to 19 years; In labor force!!Estimate!!AGE!!16 to 19 years; In labor force!!Margin of Error!!AGE!!16 to 19 years; Employed!!Estimate!!AGE!!16 to 19 years; Employed!!Margin of Error!!AGE!!16 to 19 years; Unemployment rate!!Estimate!!AGE!!16 to 19 years; Unemployment rate!!Margin of Error!!AGE!!16 to 19 years; Total!!Estimate!!AGE!!20 to 24 years; Total!!Margin of Error!!AGE!!20 to 24 years; In labor force!!Estimate!!AGE!!20 to 24 years; In labor force!!Margin of Error!!AGE!!20 to 24 years; Employed!!Estimate!!AGE!!20 to 24 years; Employed!!Margin of Error!!AGE!!20 to 24 years; Unemployment rate!!Estimate!!AGE!!20 to 24 years; ...,,,,csv encoding=utf-8-sig
ACSST5Y2013.S2301-Table-Notes.txt,data/raw/acs/reference_repo/S2301_Employment_Status/ACSST5Y2013.S2301-Table-Notes.txt,txt,4.98,data/raw/acs/reference_repo/S2301_Employment_Status,demographics,raw_source,,,,,,,documentation or metadata text file
ACSST5Y2014.S2301-Column-Metadata.csv,data/raw/acs/reference_repo/S2301_Employment_Status/ACSST5Y2014.S2301-Column-Metadata.csv,csv,22.57,data/raw/acs/reference_repo/S2301_Employment_Status,demographics,raw_source,241,2,GEO_ID; Geography,,,,csv encoding=utf-8-sig
ACSST5Y2014.S2301-Data.csv,data/raw/acs/reference_repo/S2301_Employment_Status/ACSST5Y2014.S2301-Data.csv,csv,71.65,data/raw/acs/reference_repo/S2301_Employment_Status,demographics,raw_source,32,243,Geography; Geographic Area Name; Total!!Estimate!!Population 16 years and over; Total!!Margin of Error!!Population 16 years and over; In labor force!!Estimate!!Population 16 years and over; In labor force!!Margin of Error!!Population 16 years and over; Employed!!Estimate!!Population 16 years and over; Employed!!Margin of Error!!Population 16 years and over; Unemployment rate!!Estimate!!Population 16 years and over; Unemployment rate!!Margin of Error!!Population 16 years and over; Total!!Estimate!!AGE!!16 to 19 years; Total!!Margin of Error!!AGE!!16 to 19 years; In labor force!!Estimate!!AGE!!16 to 19 years; In labor force!!Margin of Error!!AGE!!16 to 19 years; Employed!!Estimate!!AGE!!16 to 19 years; Employed!!Margin of Error!!AGE!!16 to 19 years; Unemployment rate!!Estimate!!AGE!!16 to 19 years; Unemployment rate!!Margin of Error!!AGE!!16 to 19 years; Total!!Estimate!!AGE!!20 to 24 years; Total!!Margin of Error!!AGE!!20 to 24 years; In labor force!!Estimate!!AGE!!20 to 24 years; In labor force!!Margin of Error!!AGE!!20 to 24 years; Employed!!Estimate!!AGE!!20 to 24 years; Employed!!Margin of Error!!AGE!!20 to 24 years; Unemployment rate!!Estimate!!AGE!!20 to 24 years; ...,,,,csv encoding=utf-8-sig
ACSST5Y2014.S2301-Table-Notes.txt,data/raw/acs/reference_repo/S2301_Employment_Status/ACSST5Y2014.S2301-Table-Notes.txt,txt,5.0,data/raw/acs/reference_repo/S2301_Employment_Status,demographics,raw_source,,,,,,,documentation or metadata text file
ACSST5Y2015.S2301-Column-Metadata.csv,data/raw/acs/reference_repo/S2301_Employment_Status/ACSST5Y2015.S2301-Column-Metadata.csv,csv,29.47,data/raw/acs/reference_repo/S2301_Employment_Status,demographics,raw_source,281,2,GEO_ID; Geography,,,,csv encoding=utf-8-sig
ACSST5Y2015.S2301-Data.csv,data/raw/acs/reference_repo/S2301_Employment_Status/ACSST5Y2015.S2301-Data.csv,csv,86.62,data/raw/acs/reference_repo/S2301_Employment_Status,demographics,raw_source,32,283,Geography; Geographic Area Name; Total!!Estimate!!Population 16 years and over; Total!!Margin of Error!!Population 16 years and over; Labor Force Participation Rate!!Estimate!!Population 16 years and over; Labor Force Participation Rate!!Margin of Error!!Population 16 years and over; Employment/Population Ratio!!Estimate!!Population 16 years and over; Employment/Population Ratio!!Margin of Error!!Population 16 years and over; Unemployment rate!!Estimate!!Population 16 years and over; Unemployment rate!!Margin of Error!!Population 16 years and over; Total!!Estimate!!AGE!!16 to 19 years; Total!!Margin of Error!!AGE!!16 to 19 years; Labor Force Participation Rate!!Estimate!!AGE!!16 to 19 years; Labor Force Participation Rate!!Margin of Error!!AGE!!16 to 19 years; Employment/Population Ratio!!Estimate!!AGE!!16 to 19 years; Employment/Population Ratio!!Margin of Error!!AGE!!16 to 19 years; Unemployment rate!!Estimate!!AGE!!16 to 19 years; Unemployment rate!!Margin of Error!!AGE!!16 to 19 years; Total!!Estimate!!AGE!!20 to 24 years; Total!!Margin of Error!!AGE!!20 to 24 years; Labor Force Participation Rate!!Estimate!!AGE!!20 to 24 years; Labor Force Participation Rate!!Margin of Error!!AGE!!20 to 24 years; Employment/Population Ratio!!Estimate!!AGE!!20 to 24 years; Employment/Population Ratio!!Margin of Error!!AGE!!20 to 24 years; Unemployment rate!!Estimate!!AGE!!20 to 24 years; ...,,,,csv encoding=utf-8-sig
ACSST5Y2015.S2301-Table-Notes.txt,data/raw/acs/reference_repo/S2301_Employment_Status/ACSST5Y2015.S2301-Table-Notes.txt,txt,5.71,data/raw/acs/reference_repo/S2301_Employment_Status,demographics,raw_source,,,,,,,documentation or metadata text file
ACSST5Y2016.S2301-Column-Metadata.csv,data/raw/acs/reference_repo/S2301_Employment_Status/ACSST5Y2016.S2301-Column-Metadata.csv,csv,29.47,data/raw/acs/reference_repo/S2301_Employment_Status,demographics,raw_source,281,2,GEO_ID; Geography,,,,csv encoding=utf-8-sig
ACSST5Y2016.S2301-Data.csv,data/raw/acs/reference_repo/S2301_Employment_Status/ACSST5Y2016.S2301-Data.csv,csv,86.62,data/raw/acs/reference_repo/S2301_Employment_Status,demographics,raw_source,32,283,Geography; Geographic Area Name; Total!!Estimate!!Population 16 years and over; Total!!Margin of Error!!Population 16 years and over; Labor Force Participation Rate!!Estimate!!Population 16 years and over; Labor Force Participation Rate!!Margin of Error!!Population 16 years and over; Employment/Population Ratio!!Estimate!!Population 16 years and over; Employment/Population Ratio!!Margin of Error!!Population 16 years and over; Unemployment rate!!Estimate!!Population 16 years and over; Unemployment rate!!Margin of Error!!Population 16 years and over; Total!!Estimate!!AGE!!16 to 19 years; Total!!Margin of Error!!AGE!!16 to 19 years; Labor Force Participation Rate!!Estimate!!AGE!!16 to 19 years; Labor Force Participation Rate!!Margin of Error!!AGE!!16 to 19 years; Employment/Population Ratio!!Estimate!!AGE!!16 to 19 years; Employment/Population Ratio!!Margin of Error!!AGE!!16 to 19 years; Unemployment rate!!Estimate!!AGE!!16 to 19 years; Unemployment rate!!Margin of Error!!AGE!!16 to 19 years; Total!!Estimate!!AGE!!20 to 24 years; Total!!Margin of Error!!AGE!!20 to 24 years; Labor Force Participation Rate!!Estimate!!AGE!!20 to 24 years; Labor Force Participation Rate!!Margin of Error!!AGE!!20 to 24 years; Employment/Population Ratio!!Estimate!!AGE!!20 to 24 years; Employment/Population Ratio!!Margin of Error!!AGE!!20 to 24 years; Unemployment rate!!Estimate!!AGE!!20 to 24 years; ...,,,,csv encoding=utf-8-sig
ACSST5Y2016.S2301-Table-Notes.txt,data/raw/acs/reference_repo/S2301_Employment_Status/ACSST5Y2016.S2301-Table-Notes.txt,txt,5.71,data/raw/acs/reference_repo/S2301_Employment_Status,demographics,raw_source,,,,,,,documentation or metadata text file
ACSST5Y2017.S2301-Column-Metadata.csv,data/raw/acs/reference_repo/S2301_Employment_Status/ACSST5Y2017.S2301-Column-Metadata.csv,csv,35.67,data/raw/acs/reference_repo/S2301_Employment_Status,demographics,raw_source,281,2,GEO_ID; Geography,,,,csv encoding=utf-8-sig
ACSST5Y2017.S2301-Data.csv,data/raw/acs/reference_repo/S2301_Employment_Status/ACSST5Y2017.S2301-Data.csv,csv,92.79,data/raw/acs/reference_repo/S2301_Employment_Status,demographics,raw_source,32,283,Geography; Geographic Area Name; Estimate!!Total!!Population 16 years and over; Margin of Error!!Total MOE!!Population 16 years and over; Estimate!!Total!!Population 16 years and over!!AGE!!16 to 19 years; Margin of Error!!Total MOE!!Population 16 years and over!!AGE!!16 to 19 years; Estimate!!Total!!Population 16 years and over!!AGE!!20 to 24 years; Margin of Error!!Total MOE!!Population 16 years and over!!AGE!!20 to 24 years; Estimate!!Total!!Population 16 years and over!!AGE!!25 to 29 years; Margin of Error!!Total MOE!!Population 16 years and over!!AGE!!25 to 29 years; Estimate!!Total!!Population 16 years and over!!AGE!!30 to 34 years; Margin of Error!!Total MOE!!Population 16 years and over!!AGE!!30 to 34 years; Estimate!!Total!!Population 16 years and over!!AGE!!35 to 44 years; Margin of Error!!Total MOE!!Population 16 years and over!!AGE!!35 to 44 years; Estimate!!Total!!Population 16 years and over!!AGE!!45 to 54 years; Margin of Error!!Total MOE!!Population 16 years and over!!AGE!!45 to 54 years; Estimate!!Total!!Population 16 years and over!!AGE!!55 to 59 years; Margin of Error!!Total MOE!!Population 16 years and over!!AGE!!55 to 59 years; Estimate!!Total!!Population 16 years and over!!AGE!!60 to 64 years; Margin of Error!!Total MOE!!Population 16 years and over!!AGE!!60 to 64 years; Estimate!!Total!!Population 16 years and over!!AGE!!65 to 74 years; Margin of Error!!Total MOE!!Population 16 years and over!!AGE!!65 to 74 years; Estimate!!Total!!Population 16 years and over!!AGE!!75 years and over; Margin of Error!!Total MOE!!Population 16 years and over!!AGE!!75 years and over; Estimate!!Total!!Population 16 years and over!!RACE AND HISPANIC OR LATINO ORIGIN!!White alone; ...,,,,csv encoding=utf-8-sig
ACSST5Y2017.S2301-Table-Notes.txt,data/raw/acs/reference_repo/S2301_Employment_Status/ACSST5Y2017.S2301-Table-Notes.txt,txt,5.81,data/raw/acs/reference_repo/S2301_Employment_Status,demographics,raw_source,,,,,,,documentation or metadata text file
ACSST5Y2018.S2301-Column-Metadata.csv,data/raw/acs/reference_repo/S2301_Employment_Status/ACSST5Y2018.S2301-Column-Metadata.csv,csv,35.62,data/raw/acs/reference_repo/S2301_Employment_Status,demographics,raw_source,281,2,GEO_ID; Geography,,,,csv encoding=utf-8-sig
ACSST5Y2018.S2301-Data.csv,data/raw/acs/reference_repo/S2301_Employment_Status/ACSST5Y2018.S2301-Data.csv,csv,92.77,data/raw/acs/reference_repo/S2301_Employment_Status,demographics,raw_source,32,283,Geography; Geographic Area Name; Estimate!!Total!!Population 16 years and over; Margin of Error!!Total MOE!!Population 16 years and over; Estimate!!Total!!Population 16 years and over!!AGE!!16 to 19 years; Margin of Error!!Total MOE!!Population 16 years and over!!AGE!!16 to 19 years; Estimate!!Total!!Population 16 years and over!!AGE!!20 to 24 years; Margin of Error!!Total MOE!!Population 16 years and over!!AGE!!20 to 24 years; Estimate!!Total!!Population 16 years and over!!AGE!!25 to 29 years; Margin of Error!!Total MOE!!Population 16 years and over!!AGE!!25 to 29 years; Estimate!!Total!!Population 16 years and over!!AGE!!30 to 34 years; Margin of Error!!Total MOE!!Population 16 years and over!!AGE!!30 to 34 years; Estimate!!Total!!Population 16 years and over!!AGE!!35 to 44 years; Margin of Error!!Total MOE!!Population 16 years and over!!AGE!!35 to 44 years; Estimate!!Total!!Population 16 years and over!!AGE!!45 to 54 years; Margin of Error!!Total MOE!!Population 16 years and over!!AGE!!45 to 54 years; Estimate!!Total!!Population 16 years and over!!AGE!!55 to 59 years; Margin of Error!!Total MOE!!Population 16 years and over!!AGE!!55 to 59 years; Estimate!!Total!!Population 16 years and over!!AGE!!60 to 64 years; Margin of Error!!Total MOE!!Population 16 years and over!!AGE!!60 to 64 years; Estimate!!Total!!Population 16 years and over!!AGE!!65 to 74 years; Margin of Error!!Total MOE!!Population 16 years and over!!AGE!!65 to 74 years; Estimate!!Total!!Population 16 years and over!!AGE!!75 years and over; Margin of Error!!Total MOE!!Population 16 years and over!!AGE!!75 years and over; Estimate!!Total!!Population 16 years and over!!RACE AND HISPANIC OR LATINO ORIGIN!!White alone; ...,,,,csv encoding=utf-8-sig
ACSST5Y2018.S2301-Table-Notes.txt,data/raw/acs/reference_repo/S2301_Employment_Status/ACSST5Y2018.S2301-Table-Notes.txt,txt,6.0,data/raw/acs/reference_repo/S2301_Employment_Status,demographics,raw_source,,,,,,,documentation or metadata text file
ACSST5Y2019.S2301-Column-Metadata.csv,data/raw/acs/reference_repo/S2301_Employment_Status/ACSST5Y2019.S2301-Column-Metadata.csv,csv,35.08,data/raw/acs/reference_repo/S2301_Employment_Status,demographics,raw_source,281,2,GEO_ID; Geography,,,,csv encoding=utf-8-sig
ACSST5Y2019.S2301-Data.csv,data/raw/acs/reference_repo/S2301_Employment_Status/ACSST5Y2019.S2301-Data.csv,csv,92.25,data/raw/acs/reference_repo/S2301_Employment_Status,demographics,raw_source,32,283,Geography; Geographic Area Name; Estimate!!Total!!Population 16 years and over; Margin of Error!!Total!!Population 16 years and over; Estimate!!Total!!Population 16 years and over!!AGE!!16 to 19 years; Margin of Error!!Total!!Population 16 years and over!!AGE!!16 to 19 years; Estimate!!Total!!Population 16 years and over!!AGE!!20 to 24 years; Margin of Error!!Total!!Population 16 years and over!!AGE!!20 to 24 years; Estimate!!Total!!Population 16 years and over!!AGE!!25 to 29 years; Margin of Error!!Total!!Population 16 years and over!!AGE!!25 to 29 years; Estimate!!Total!!Population 16 years and over!!AGE!!30 to 34 years; Margin of Error!!Total!!Population 16 years and over!!AGE!!30 to 34 years; Estimate!!Total!!Population 16 years and over!!AGE!!35 to 44 years; Margin of Error!!Total!!Population 16 years and over!!AGE!!35 to 44 years; Estimate!!Total!!Population 16 years and over!!AGE!!45 to 54 years; Margin of Error!!Total!!Population 16 years and over!!AGE!!45 to 54 years; Estimate!!Total!!Population 16 years and over!!AGE!!55 to 59 years; Margin of Error!!Total!!Population 16 years and over!!AGE!!55 to 59 years; Estimate!!Total!!Population 16 years and over!!AGE!!60 to 64 years; Margin of Error!!Total!!Population 16 years and over!!AGE!!60 to 64 years; Estimate!!Total!!Population 16 years and over!!AGE!!65 to 74 years; Margin of Error!!Total!!Population 16 years and over!!AGE!!65 to 74 years; Estimate!!Total!!Population 16 years and over!!AGE!!75 years and over; Margin of Error!!Total!!Population 16 years and over!!AGE!!75 years and over; Estimate!!Total!!Population 16 years and over!!RACE AND HISPANIC OR LATINO ORIGIN!!White alone; ...,,,,csv encoding=utf-8-sig
ACSST5Y2019.S2301-Table-Notes.txt,data/raw/acs/reference_repo/S2301_Employment_Status/ACSST5Y2019.S2301-Table-Notes.txt,txt,5.58,data/raw/acs/reference_repo/S2301_Employment_Status,demographics,raw_source,,,,,,,documentation or metadata text file
ACSST5Y2020.S2301-Column-Metadata.csv,data/raw/acs/reference_repo/S2301_Employment_Status/ACSST5Y2020.S2301-Column-Metadata.csv,csv,35.08,data/raw/acs/reference_repo/S2301_Employment_Status,demographics,raw_source,281,2,GEO_ID; Geography,,,,csv encoding=utf-8-sig
ACSST5Y2020.S2301-Data.csv,data/raw/acs/reference_repo/S2301_Employment_Status/ACSST5Y2020.S2301-Data.csv,csv,95.78,data/raw/acs/reference_repo/S2301_Employment_Status,demographics,raw_source,34,283,Geography; Geographic Area Name; Estimate!!Total!!Population 16 years and over; Margin of Error!!Total!!Population 16 years and over; Estimate!!Total!!Population 16 years and over!!AGE!!16 to 19 years; Margin of Error!!Total!!Population 16 years and over!!AGE!!16 to 19 years; Estimate!!Total!!Population 16 years and over!!AGE!!20 to 24 years; Margin of Error!!Total!!Population 16 years and over!!AGE!!20 to 24 years; Estimate!!Total!!Population 16 years and over!!AGE!!25 to 29 years; Margin of Error!!Total!!Population 16 years and over!!AGE!!25 to 29 years; Estimate!!Total!!Population 16 years and over!!AGE!!30 to 34 years; Margin of Error!!Total!!Population 16 years and over!!AGE!!30 to 34 years; Estimate!!Total!!Population 16 years and over!!AGE!!35 to 44 years; Margin of Error!!Total!!Population 16 years and over!!AGE!!35 to 44 years; Estimate!!Total!!Population 16 years and over!!AGE!!45 to 54 years; Margin of Error!!Total!!Population 16 years and over!!AGE!!45 to 54 years; Estimate!!Total!!Population 16 years and over!!AGE!!55 to 59 years; Margin of Error!!Total!!Population 16 years and over!!AGE!!55 to 59 years; Estimate!!Total!!Population 16 years and over!!AGE!!60 to 64 years; Margin of Error!!Total!!Population 16 years and over!!AGE!!60 to 64 years; Estimate!!Total!!Population 16 years and over!!AGE!!65 to 74 years; Margin of Error!!Total!!Population 16 years and over!!AGE!!65 to 74 years; Estimate!!Total!!Population 16 years and over!!AGE!!75 years and over; Margin of Error!!Total!!Population 16 years and over!!AGE!!75 years and over; Estimate!!Total!!Population 16 years and over!!RACE AND HISPANIC OR LATINO ORIGIN!!White alone; ...,,,,csv encoding=utf-8-sig
ACSST5Y2020.S2301-Table-Notes.txt,data/raw/acs/reference_repo/S2301_Employment_Status/ACSST5Y2020.S2301-Table-Notes.txt,txt,5.61,data/raw/acs/reference_repo/S2301_Employment_Status,demographics,raw_source,,,,,,,documentation or metadata text file
ACSST5Y2021.S2301-Column-Metadata.csv,data/raw/acs/reference_repo/S2301_Employment_Status/ACSST5Y2021.S2301-Column-Metadata.csv,csv,35.08,data/raw/acs/reference_repo/S2301_Employment_Status,demographics,raw_source,281,2,GEO_ID; Geography,,,,csv encoding=utf-8-sig
ACSST5Y2021.S2301-Data.csv,data/raw/acs/reference_repo/S2301_Employment_Status/ACSST5Y2021.S2301-Data.csv,csv,95.7,data/raw/acs/reference_repo/S2301_Employment_Status,demographics,raw_source,34,283,Geography; Geographic Area Name; Estimate!!Total!!Population 16 years and over; Margin of Error!!Total!!Population 16 years and over; Estimate!!Total!!Population 16 years and over!!AGE!!16 to 19 years; Margin of Error!!Total!!Population 16 years and over!!AGE!!16 to 19 years; Estimate!!Total!!Population 16 years and over!!AGE!!20 to 24 years; Margin of Error!!Total!!Population 16 years and over!!AGE!!20 to 24 years; Estimate!!Total!!Population 16 years and over!!AGE!!25 to 29 years; Margin of Error!!Total!!Population 16 years and over!!AGE!!25 to 29 years; Estimate!!Total!!Population 16 years and over!!AGE!!30 to 34 years; Margin of Error!!Total!!Population 16 years and over!!AGE!!30 to 34 years; Estimate!!Total!!Population 16 years and over!!AGE!!35 to 44 years; Margin of Error!!Total!!Population 16 years and over!!AGE!!35 to 44 years; Estimate!!Total!!Population 16 years and over!!AGE!!45 to 54 years; Margin of Error!!Total!!Population 16 years and over!!AGE!!45 to 54 years; Estimate!!Total!!Population 16 years and over!!AGE!!55 to 59 years; Margin of Error!!Total!!Population 16 years and over!!AGE!!55 to 59 years; Estimate!!Total!!Population 16 years and over!!AGE!!60 to 64 years; Margin of Error!!Total!!Population 16 years and over!!AGE!!60 to 64 years; Estimate!!Total!!Population 16 years and over!!AGE!!65 to 74 years; Margin of Error!!Total!!Population 16 years and over!!AGE!!65 to 74 years; Estimate!!Total!!Population 16 years and over!!AGE!!75 years and over; Margin of Error!!Total!!Population 16 years and over!!AGE!!75 years and over; Estimate!!Total!!Population 16 years and over!!RACE AND HISPANIC OR LATINO ORIGIN!!White alone; ...,,,,csv encoding=utf-8-sig
ACSST5Y2021.S2301-Table-Notes.txt,data/raw/acs/reference_repo/S2301_Employment_Status/ACSST5Y2021.S2301-Table-Notes.txt,txt,5.59,data/raw/acs/reference_repo/S2301_Employment_Status,demographics,raw_source,,,,,,,documentation or metadata text file
ACSST5Y2022.S2301-Column-Metadata.csv,data/raw/acs/reference_repo/S2301_Employment_Status/ACSST5Y2022.S2301-Column-Metadata.csv,csv,35.08,data/raw/acs/reference_repo/S2301_Employment_Status,demographics,raw_source,281,2,GEO_ID; Geography,,,,csv encoding=utf-8-sig
ACSST5Y2022.S2301-Data.csv,data/raw/acs/reference_repo/S2301_Employment_Status/ACSST5Y2022.S2301-Data.csv,csv,95.83,data/raw/acs/reference_repo/S2301_Employment_Status,demographics,raw_source,34,283,Geography; Geographic Area Name; Estimate!!Total!!Population 16 years and over; Margin of Error!!Total!!Population 16 years and over; Estimate!!Total!!Population 16 years and over!!AGE!!16 to 19 years; Margin of Error!!Total!!Population 16 years and over!!AGE!!16 to 19 years; Estimate!!Total!!Population 16 years and over!!AGE!!20 to 24 years; Margin of Error!!Total!!Population 16 years and over!!AGE!!20 to 24 years; Estimate!!Total!!Population 16 years and over!!AGE!!25 to 29 years; Margin of Error!!Total!!Population 16 years and over!!AGE!!25 to 29 years; Estimate!!Total!!Population 16 years and over!!AGE!!30 to 34 years; Margin of Error!!Total!!Population 16 years and over!!AGE!!30 to 34 years; Estimate!!Total!!Population 16 years and over!!AGE!!35 to 44 years; Margin of Error!!Total!!Population 16 years and over!!AGE!!35 to 44 years; Estimate!!Total!!Population 16 years and over!!AGE!!45 to 54 years; Margin of Error!!Total!!Population 16 years and over!!AGE!!45 to 54 years; Estimate!!Total!!Population 16 years and over!!AGE!!55 to 59 years; Margin of Error!!Total!!Population 16 years and over!!AGE!!55 to 59 years; Estimate!!Total!!Population 16 years and over!!AGE!!60 to 64 years; Margin of Error!!Total!!Population 16 years and over!!AGE!!60 to 64 years; Estimate!!Total!!Population 16 years and over!!AGE!!65 to 74 years; Margin of Error!!Total!!Population 16 years and over!!AGE!!65 to 74 years; Estimate!!Total!!Population 16 years and over!!AGE!!75 years and over; Margin of Error!!Total!!Population 16 years and over!!AGE!!75 years and over; Estimate!!Total!!Population 16 years and over!!RACE AND HISPANIC OR LATINO ORIGIN!!White alone; ...,,,,csv encoding=utf-8-sig
ACSST5Y2022.S2301-Table-Notes.txt,data/raw/acs/reference_repo/S2301_Employment_Status/ACSST5Y2022.S2301-Table-Notes.txt,txt,5.9,data/raw/acs/reference_repo/S2301_Employment_Status,demographics,raw_source,,,,,,,documentation or metadata text file
ACSST5Y2023.S2301-Column-Metadata.csv,data/raw/acs/reference_repo/S2301_Employment_Status/ACSST5Y2023.S2301-Column-Metadata.csv,csv,35.08,data/raw/acs/reference_repo/S2301_Employment_Status,demographics,raw_source,281,2,GEO_ID; Geography,,,,csv encoding=utf-8-sig
ACSST5Y2023.S2301-Data.csv,data/raw/acs/reference_repo/S2301_Employment_Status/ACSST5Y2023.S2301-Data.csv,csv,95.76,data/raw/acs/reference_repo/S2301_Employment_Status,demographics,raw_source,34,283,Geography; Geographic Area Name; Estimate!!Total!!Population 16 years and over; Margin of Error!!Total!!Population 16 years and over; Estimate!!Total!!Population 16 years and over!!AGE!!16 to 19 years; Margin of Error!!Total!!Population 16 years and over!!AGE!!16 to 19 years; Estimate!!Total!!Population 16 years and over!!AGE!!20 to 24 years; Margin of Error!!Total!!Population 16 years and over!!AGE!!20 to 24 years; Estimate!!Total!!Population 16 years and over!!AGE!!25 to 29 years; Margin of Error!!Total!!Population 16 years and over!!AGE!!25 to 29 years; Estimate!!Total!!Population 16 years and over!!AGE!!30 to 34 years; Margin of Error!!Total!!Population 16 years and over!!AGE!!30 to 34 years; Estimate!!Total!!Population 16 years and over!!AGE!!35 to 44 years; Margin of Error!!Total!!Population 16 years and over!!AGE!!35 to 44 years; Estimate!!Total!!Population 16 years and over!!AGE!!45 to 54 years; Margin of Error!!Total!!Population 16 years and over!!AGE!!45 to 54 years; Estimate!!Total!!Population 16 years and over!!AGE!!55 to 59 years; Margin of Error!!Total!!Population 16 years and over!!AGE!!55 to 59 years; Estimate!!Total!!Population 16 years and over!!AGE!!60 to 64 years; Margin of Error!!Total!!Population 16 years and over!!AGE!!60 to 64 years; Estimate!!Total!!Population 16 years and over!!AGE!!65 to 74 years; Margin of Error!!Total!!Population 16 years and over!!AGE!!65 to 74 years; Estimate!!Total!!Population 16 years and over!!AGE!!75 years and over; Margin of Error!!Total!!Population 16 years and over!!AGE!!75 years and over; Estimate!!Total!!Population 16 years and over!!RACE AND HISPANIC OR LATINO ORIGIN!!White alone; ...,,,,csv encoding=utf-8-sig
ACSST5Y2023.S2301-Table-Notes.txt,data/raw/acs/reference_repo/S2301_Employment_Status/ACSST5Y2023.S2301-Table-Notes.txt,txt,6.53,data/raw/acs/reference_repo/S2301_Employment_Status,demographics,raw_source,,,,,,,documentation or metadata text file
STATSIN_asu20.xlsx,data/raw/economy/reference_repo/Unemployment_Estimates/STATSIN_asu20.xlsx,xlsx,518.27,data/raw/economy/reference_repo/Unemployment_Estimates,economy,raw_source,,,,data; fields; alternate,,data/raw/misc/dataset_archive/Annual Census Tract Unemployment Estimates/STATSIN_asu20.xlsx,xlsx columns unavailable (openpyxl not installed); sheet names read via zip/xml
STATSIN_asu21.xlsx,data/raw/economy/reference_repo/Unemployment_Estimates/STATSIN_asu21.xlsx,xlsx,539.88,data/raw/economy/reference_repo/Unemployment_Estimates,economy,raw_source,,,,data; fields; alternate,,data/raw/misc/dataset_archive/Annual Census Tract Unemployment Estimates/STATSIN_asu21.xlsx,xlsx columns unavailable (openpyxl not installed); sheet names read via zip/xml
STATSIN_asu22.xlsx,data/raw/economy/reference_repo/Unemployment_Estimates/STATSIN_asu22.xlsx,xlsx,529.3,data/raw/economy/reference_repo/Unemployment_Estimates,economy,raw_source,,,,data; fields; alternate,,data/raw/misc/dataset_archive/Annual Census Tract Unemployment Estimates/STATSIN_asu22.xlsx,xlsx columns unavailable (openpyxl not installed); sheet names read via zip/xml
STATSIN_asu23.xlsx,data/raw/economy/reference_repo/Unemployment_Estimates/STATSIN_asu23.xlsx,xlsx,581.16,data/raw/economy/reference_repo/Unemployment_Estimates,economy,raw_source,,,,data; fields; alternate,,data/raw/misc/dataset_archive/Annual Census Tract Unemployment Estimates/STATSIN_asu23.xlsx,xlsx columns unavailable (openpyxl not installed); sheet names read via zip/xml
STATSIN_asu24.xlsx,data/raw/economy/reference_repo/Unemployment_Estimates/STATSIN_asu24.xlsx,xlsx,579.32,data/raw/economy/reference_repo/Unemployment_Estimates,economy,raw_source,,,,data; fields; alternate,,data/raw/misc/dataset_archive/Annual Census Tract Unemployment Estimates/STATSIN_asu24.xlsx,xlsx columns unavailable (openpyxl not installed); sheet names read via zip/xml
STATSIN_asu25.xlsx,data/raw/economy/reference_repo/Unemployment_Estimates/STATSIN_asu25.xlsx,xlsx,579.92,data/raw/economy/reference_repo/Unemployment_Estimates,economy,raw_source,,,,data; fields; alternate,,data/raw/misc/dataset_archive/Annual Census Tract Unemployment Estimates/STATSIN_asu25.xlsx,xlsx columns unavailable (openpyxl not installed); sheet names read via zip/xml
StatsIN_asu16.xlsx,data/raw/economy/reference_repo/Unemployment_Estimates/StatsIN_asu16.xlsx,xlsx,252.77,data/raw/economy/reference_repo/Unemployment_Estimates,economy,raw_source,,,,data; fields & info,,data/raw/misc/dataset_archive/Annual Census Tract Unemployment Estimates/StatsIN_asu16.xlsx,xlsx columns unavailable (openpyxl not installed); sheet names read via zip/xml
StatsIN_asu17.xlsx,data/raw/economy/reference_repo/Unemployment_Estimates/StatsIN_asu17.xlsx,xlsx,252.54,data/raw/economy/reference_repo/Unemployment_Estimates,economy,raw_source,,,,data; fields & info,,data/raw/misc/dataset_archive/Annual Census Tract Unemployment Estimates/StatsIN_asu17.xlsx,xlsx columns unavailable (openpyxl not installed); sheet names read via zip/xml
StatsIN_asu18.xlsx,data/raw/economy/reference_repo/Unemployment_Estimates/StatsIN_asu18.xlsx,xlsx,312.92,data/raw/economy/reference_repo/Unemployment_Estimates,economy,raw_source,,,,data; fields & info,,data/raw/misc/dataset_archive/Annual Census Tract Unemployment Estimates/StatsIN_asu18.xlsx,xlsx columns unavailable (openpyxl not installed); sheet names read via zip/xml
StatsIN_asu19.xlsx,data/raw/economy/reference_repo/Unemployment_Estimates/StatsIN_asu19.xlsx,xlsx,490.87,data/raw/economy/reference_repo/Unemployment_Estimates,economy,raw_source,,,,data; fields; alternate,,data/raw/misc/dataset_archive/Annual Census Tract Unemployment Estimates/StatsIN_asu19.xlsx,xlsx columns unavailable (openpyxl not installed); sheet names read via zip/xml
High school dropout rate.xlsx,data/raw/education/reference_repo/High school dropout rate.xlsx,xlsx,9.33,data/raw/education/reference_repo,education,raw_source,,,,Kidscount Export,,,xlsx columns unavailable (openpyxl not installed); sheet names read via zip/xml
High school graduation rate.xlsx,data/raw/education/reference_repo/High school graduation rate.xlsx,xlsx,229.99,data/raw/education/reference_repo,education,raw_source,,,,Kidscount Export,,,xlsx columns unavailable (openpyxl not installed); sheet names read via zip/xml
Homeless or housing unstable students.xlsx,data/raw/education/reference_repo/Homeless or housing unstable students.xlsx,xlsx,113.93,data/raw/education/reference_repo,housing,raw_source,,,,Kidscount Export,,data/raw/misc/dataset_archive/Homeless or housing unstable students.xlsx,xlsx columns unavailable (openpyxl not installed); sheet names read via zip/xml
Public school students receiving free or reduced price lunches.xlsx,data/raw/education/reference_repo/Public school students receiving free or reduced price lunches.xlsx,xlsx,1064.58,data/raw/education/reference_repo,education,raw_source,,,,Kidscount Export,,data/raw/misc/dataset_archive/Public school students receiving free or reduced price lunches.xlsx,xlsx columns unavailable (openpyxl not installed); sheet names read via zip/xml
Student enrollment.xlsx,data/raw/education/reference_repo/Student enrollment.xlsx,xlsx,253.56,data/raw/education/reference_repo,education,raw_source,,,,Kidscount Export,,data/raw/misc/dataset_archive/Student enrollment.xlsx,xlsx columns unavailable (openpyxl not installed); sheet names read via zip/xml
Suspensions.xlsx,data/raw/education/reference_repo/Suspensions.xlsx,xlsx,96.25,data/raw/education/reference_repo,education,raw_source,,,,Kidscount Export,,data/raw/misc/dataset_archive/Suspensions.xlsx,xlsx columns unavailable (openpyxl not installed); sheet names read via zip/xml
tl_2010_18105_tract10.shp,data/raw/geography/reference_repo/Census_Tracts_2010/tl_2010_18105_tract10.shp,shp,199.26,data/raw/geography/reference_repo/Census_Tracts_2010,geography,raw_source,,,,,,data/raw/misc/dataset_archive/tl_2010_18105_tract10/tl_2010_18105_tract10.shp,"shapefile components: tl_2010_18105_tract10.dbf, tl_2010_18105_tract10.prj, tl_2010_18105_tract10.shp, tl_2010_18105_tract10.shp.xml, tl_2010_18105_tract10.shx"
tl_2010_18105_tract10.shp.xml,data/raw/geography/reference_repo/Census_Tracts_2010/tl_2010_18105_tract10.shp.xml,xml,21.04,data/raw/geography/reference_repo/Census_Tracts_2010,geography,raw_source,,,,,,,xml metadata file
tl_2024_18_tract.shp,data/raw/geography/reference_repo/Census_Tracts_2024/tl_2024_18_tract.shp,shp,10682.02,data/raw/geography/reference_repo/Census_Tracts_2024,geography,raw_source,,,,,,data/raw/misc/dataset_archive/tl_2024_18_tract/tl_2024_18_tract.shp,"shapefile components: tl_2024_18_tract.cpg, tl_2024_18_tract.dbf, tl_2024_18_tract.prj, tl_2024_18_tract.shp, tl_2024_18_tract.shp.ea.iso.xml, tl_2024_18_tract.shp.iso.xml, tl_2024_18_tract.shx"
tl_2024_18_tract.shp.ea.iso.xml,data/raw/geography/reference_repo/Census_Tracts_2024/tl_2024_18_tract.shp.ea.iso.xml,xml,23.01,data/raw/geography/reference_repo/Census_Tracts_2024,geography,raw_source,,,,,,,xml metadata file
tl_2024_18_tract.shp.iso.xml,data/raw/geography/reference_repo/Census_Tracts_2024/tl_2024_18_tract.shp.iso.xml,xml,50.77,data/raw/geography/reference_repo/Census_Tracts_2024,geography,raw_source,,,,,,,xml metadata file
STATSIN_asu20.xlsx,data/raw/misc/dataset_archive/Annual Census Tract Unemployment Estimates/STATSIN_asu20.xlsx,xlsx,518.27,data/raw/misc/dataset_archive/Annual Census Tract Unemployment Estimates,economy,raw_source,,,,data; fields; alternate,,data/raw/economy/reference_repo/Unemployment_Estimates/STATSIN_asu20.xlsx,xlsx columns unavailable (openpyxl not installed); sheet names read via zip/xml
STATSIN_asu21.xlsx,data/raw/misc/dataset_archive/Annual Census Tract Unemployment Estimates/STATSIN_asu21.xlsx,xlsx,539.88,data/raw/misc/dataset_archive/Annual Census Tract Unemployment Estimates,economy,raw_source,,,,data; fields; alternate,,data/raw/economy/reference_repo/Unemployment_Estimates/STATSIN_asu21.xlsx,xlsx columns unavailable (openpyxl not installed); sheet names read via zip/xml
STATSIN_asu22.xlsx,data/raw/misc/dataset_archive/Annual Census Tract Unemployment Estimates/STATSIN_asu22.xlsx,xlsx,529.3,data/raw/misc/dataset_archive/Annual Census Tract Unemployment Estimates,economy,raw_source,,,,data; fields; alternate,,data/raw/economy/reference_repo/Unemployment_Estimates/STATSIN_asu22.xlsx,xlsx columns unavailable (openpyxl not installed); sheet names read via zip/xml
STATSIN_asu23.xlsx,data/raw/misc/dataset_archive/Annual Census Tract Unemployment Estimates/STATSIN_asu23.xlsx,xlsx,581.16,data/raw/misc/dataset_archive/Annual Census Tract Unemployment Estimates,economy,raw_source,,,,data; fields; alternate,,data/raw/economy/reference_repo/Unemployment_Estimates/STATSIN_asu23.xlsx,xlsx columns unavailable (openpyxl not installed); sheet names read via zip/xml
STATSIN_asu24.xlsx,data/raw/misc/dataset_archive/Annual Census Tract Unemployment Estimates/STATSIN_asu24.xlsx,xlsx,579.32,data/raw/misc/dataset_archive/Annual Census Tract Unemployment Estimates,economy,raw_source,,,,data; fields; alternate,,data/raw/economy/reference_repo/Unemployment_Estimates/STATSIN_asu24.xlsx,xlsx columns unavailable (openpyxl not installed); sheet names read via zip/xml
STATSIN_asu25.xlsx,data/raw/misc/dataset_archive/Annual Census Tract Unemployment Estimates/STATSIN_asu25.xlsx,xlsx,579.92,data/raw/misc/dataset_archive/Annual Census Tract Unemployment Estimates,economy,raw_source,,,,data; fields; alternate,,data/raw/economy/reference_repo/Unemployment_Estimates/STATSIN_asu25.xlsx,xlsx columns unavailable (openpyxl not installed); sheet names read via zip/xml
StatsIN_asu16.xlsx,data/raw/misc/dataset_archive/Annual Census Tract Unemployment Estimates/StatsIN_asu16.xlsx,xlsx,252.77,data/raw/misc/dataset_archive/Annual Census Tract Unemployment Estimates,economy,raw_source,,,,data; fields & info,,data/raw/economy/reference_repo/Unemployment_Estimates/StatsIN_asu16.xlsx,xlsx columns unavailable (openpyxl not installed); sheet names read via zip/xml
StatsIN_asu17.xlsx,data/raw/misc/dataset_archive/Annual Census Tract Unemployment Estimates/StatsIN_asu17.xlsx,xlsx,252.54,data/raw/misc/dataset_archive/Annual Census Tract Unemployment Estimates,economy,raw_source,,,,data; fields & info,,data/raw/economy/reference_repo/Unemployment_Estimates/StatsIN_asu17.xlsx,xlsx columns unavailable (openpyxl not installed); sheet names read via zip/xml
StatsIN_asu18.xlsx,data/raw/misc/dataset_archive/Annual Census Tract Unemployment Estimates/StatsIN_asu18.xlsx,xlsx,312.92,data/raw/misc/dataset_archive/Annual Census Tract Unemployment Estimates,economy,raw_source,,,,data; fields & info,,data/raw/economy/reference_repo/Unemployment_Estimates/StatsIN_asu18.xlsx,xlsx columns unavailable (openpyxl not installed); sheet names read via zip/xml
StatsIN_asu19.xlsx,data/raw/misc/dataset_archive/Annual Census Tract Unemployment Estimates/StatsIN_asu19.xlsx,xlsx,490.87,data/raw/misc/dataset_archive/Annual Census Tract Unemployment Estimates,economy,raw_source,,,,data; fields; alternate,,data/raw/economy/reference_repo/Unemployment_Estimates/StatsIN_asu19.xlsx,xlsx columns unavailable (openpyxl not installed); sheet names read via zip/xml
ACSDT5Y2010.B07009-Column-Metadata.csv,data/raw/misc/dataset_archive/B07009Geographical Mobility in the Past Year by Educational Attainment for Current Residence in the United States/ACSDT5Y2010.B07009-Column-Metadata.csv,csv,6.18,data/raw/misc/dataset_archive/B07009Geographical Mobility in the Past Year by Educational Attainment for Current Residence in the United States,demographics,raw_source,73,2,GEO_ID; Geography,,,,csv encoding=utf-8-sig
ACSDT5Y2010.B07009-Data.csv,data/raw/misc/dataset_archive/B07009Geographical Mobility in the Past Year by Educational Attainment for Current Residence in the United States/ACSDT5Y2010.B07009-Data.csv,csv,20.36,data/raw/misc/dataset_archive/B07009Geographical Mobility in the Past Year by Educational Attainment for Current Residence in the United States,demographics,raw_source,32,75,Geography; Geographic Area Name; Estimate!!Total; Margin of Error!!Total; Estimate!!Total!!Less than high school graduate; Margin of Error!!Total!!Less than high school graduate; Estimate!!Total!!High school graduate (includes equivalency); Margin of Error!!Total!!High school graduate (includes equivalency); Estimate!!Total!!Some college or associate's degree; Margin of Error!!Total!!Some college or associate's degree; Estimate!!Total!!Bachelor's degree; Margin of Error!!Total!!Bachelor's degree; Estimate!!Total!!Graduate or professional degree; Margin of Error!!Total!!Graduate or professional degree; Estimate!!Total!!Same house 1 year ago; Margin of Error!!Total!!Same house 1 year ago; Estimate!!Total!!Same house 1 year ago!!Less than high school graduate; Margin of Error!!Total!!Same house 1 year ago!!Less than high school graduate; Estimate!!Total!!Same house 1 year ago!!High school graduate (includes equivalency); Margin of Error!!Total!!Same house 1 year ago!!High school graduate (includes equivalency); Estimate!!Total!!Same house 1 year ago!!Some college or associate's degree; Margin of Error!!Total!!Same house 1 year ago!!Some college or associate's degree; Estimate!!Total!!Same house 1 year ago!!Bachelor's degree; Margin of Error!!Total!!Same house 1 year ago!!Bachelor's degree; Estimate!!Total!!Same house 1 year ago!!Graduate or professional degree; ...,,,,csv encoding=utf-8-sig
ACSDT5Y2010.B07009-Table-Notes.txt,data/raw/misc/dataset_archive/B07009Geographical Mobility in the Past Year by Educational Attainment for Current Residence in the United States/ACSDT5Y2010.B07009-Table-Notes.txt,txt,5.56,data/raw/misc/dataset_archive/B07009Geographical Mobility in the Past Year by Educational Attainment for Current Residence in the United States,demographics,raw_source,,,,,,,documentation or metadata text file
ACSDT5Y2011.B07009-Column-Metadata.csv,data/raw/misc/dataset_archive/B07009Geographical Mobility in the Past Year by Educational Attainment for Current Residence in the United States/ACSDT5Y2011.B07009-Column-Metadata.csv,csv,6.18,data/raw/misc/dataset_archive/B07009Geographical Mobility in the Past Year by Educational Attainment for Current Residence in the United States,demographics,raw_source,73,2,GEO_ID; Geography,,,,csv encoding=utf-8-sig
ACSDT5Y2011.B07009-Data.csv,data/raw/misc/dataset_archive/B07009Geographical Mobility in the Past Year by Educational Attainment for Current Residence in the United States/ACSDT5Y2011.B07009-Data.csv,csv,20.03,data/raw/misc/dataset_archive/B07009Geographical Mobility in the Past Year by Educational Attainment for Current Residence in the United States,demographics,raw_source,32,75,Geography; Geographic Area Name; Estimate!!Total; Margin of Error!!Total; Estimate!!Total!!Less than high school graduate; Margin of Error!!Total!!Less than high school graduate; Estimate!!Total!!High school graduate (includes equivalency); Margin of Error!!Total!!High school graduate (includes equivalency); Estimate!!Total!!Some college or associate's degree; Margin of Error!!Total!!Some college or associate's degree; Estimate!!Total!!Bachelor's degree; Margin of Error!!Total!!Bachelor's degree; Estimate!!Total!!Graduate or professional degree; Margin of Error!!Total!!Graduate or professional degree; Estimate!!Total!!Same house 1 year ago; Margin of Error!!Total!!Same house 1 year ago; Estimate!!Total!!Same house 1 year ago!!Less than high school graduate; Margin of Error!!Total!!Same house 1 year ago!!Less than high school graduate; Estimate!!Total!!Same house 1 year ago!!High school graduate (includes equivalency); Margin of Error!!Total!!Same house 1 year ago!!High school graduate (includes equivalency); Estimate!!Total!!Same house 1 year ago!!Some college or associate's degree; Margin of Error!!Total!!Same house 1 year ago!!Some college or associate's degree; Estimate!!Total!!Same house 1 year ago!!Bachelor's degree; Margin of Error!!Total!!Same house 1 year ago!!Bachelor's degree; Estimate!!Total!!Same house 1 year ago!!Graduate or professional degree; ...,,,,csv encoding=utf-8-sig
ACSDT5Y2011.B07009-Table-Notes.txt,data/raw/misc/dataset_archive/B07009Geographical Mobility in the Past Year by Educational Attainment for Current Residence in the United States/ACSDT5Y2011.B07009-Table-Notes.txt,txt,5.33,data/raw/misc/dataset_archive/B07009Geographical Mobility in the Past Year by Educational Attainment for Current Residence in the United States,demographics,raw_source,,,,,,,documentation or metadata text file
ACSDT5Y2012.B07009-Column-Metadata.csv,data/raw/misc/dataset_archive/B07009Geographical Mobility in the Past Year by Educational Attainment for Current Residence in the United States/ACSDT5Y2012.B07009-Column-Metadata.csv,csv,6.18,data/raw/misc/dataset_archive/B07009Geographical Mobility in the Past Year by Educational Attainment for Current Residence in the United States,demographics,raw_source,73,2,GEO_ID; Geography,,,,csv encoding=utf-8-sig
ACSDT5Y2012.B07009-Data.csv,data/raw/misc/dataset_archive/B07009Geographical Mobility in the Past Year by Educational Attainment for Current Residence in the United States/ACSDT5Y2012.B07009-Data.csv,csv,20.02,data/raw/misc/dataset_archive/B07009Geographical Mobility in the Past Year by Educational Attainment for Current Residence in the United States,demographics,raw_source,32,75,Geography; Geographic Area Name; Estimate!!Total; Margin of Error!!Total; Estimate!!Total!!Less than high school graduate; Margin of Error!!Total!!Less than high school graduate; Estimate!!Total!!High school graduate (includes equivalency); Margin of Error!!Total!!High school graduate (includes equivalency); Estimate!!Total!!Some college or associate's degree; Margin of Error!!Total!!Some college or associate's degree; Estimate!!Total!!Bachelor's degree; Margin of Error!!Total!!Bachelor's degree; Estimate!!Total!!Graduate or professional degree; Margin of Error!!Total!!Graduate or professional degree; Estimate!!Total!!Same house 1 year ago; Margin of Error!!Total!!Same house 1 year ago; Estimate!!Total!!Same house 1 year ago!!Less than high school graduate; Margin of Error!!Total!!Same house 1 year ago!!Less than high school graduate; Estimate!!Total!!Same house 1 year ago!!High school graduate (includes equivalency); Margin of Error!!Total!!Same house 1 year ago!!High school graduate (includes equivalency); Estimate!!Total!!Same house 1 year ago!!Some college or associate's degree; Margin of Error!!Total!!Same house 1 year ago!!Some college or associate's degree; Estimate!!Total!!Same house 1 year ago!!Bachelor's degree; Margin of Error!!Total!!Same house 1 year ago!!Bachelor's degree; Estimate!!Total!!Same house 1 year ago!!Graduate or professional degree; ...,,,,csv encoding=utf-8-sig
ACSDT5Y2012.B07009-Table-Notes.txt,data/raw/misc/dataset_archive/B07009Geographical Mobility in the Past Year by Educational Attainment for Current Residence in the United States/ACSDT5Y2012.B07009-Table-Notes.txt,txt,5.33,data/raw/misc/dataset_archive/B07009Geographical Mobility in the Past Year by Educational Attainment for Current Residence in the United States,demographics,raw_source,,,,,,,documentation or metadata text file
ACSDT5Y2013.B07009-Column-Metadata.csv,data/raw/misc/dataset_archive/B07009Geographical Mobility in the Past Year by Educational Attainment for Current Residence in the United States/ACSDT5Y2013.B07009-Column-Metadata.csv,csv,6.18,data/raw/misc/dataset_archive/B07009Geographical Mobility in the Past Year by Educational Attainment for Current Residence in the United States,demographics,raw_source,73,2,GEO_ID; Geography,,,,csv encoding=utf-8-sig
ACSDT5Y2013.B07009-Data.csv,data/raw/misc/dataset_archive/B07009Geographical Mobility in the Past Year by Educational Attainment for Current Residence in the United States/ACSDT5Y2013.B07009-Data.csv,csv,20.01,data/raw/misc/dataset_archive/B07009Geographical Mobility in the Past Year by Educational Attainment for Current Residence in the United States,demographics,raw_source,32,75,Geography; Geographic Area Name; Estimate!!Total; Margin of Error!!Total; Estimate!!Total!!Less than high school graduate; Margin of Error!!Total!!Less than high school graduate; Estimate!!Total!!High school graduate (includes equivalency); Margin of Error!!Total!!High school graduate (includes equivalency); Estimate!!Total!!Some college or associate's degree; Margin of Error!!Total!!Some college or associate's degree; Estimate!!Total!!Bachelor's degree; Margin of Error!!Total!!Bachelor's degree; Estimate!!Total!!Graduate or professional degree; Margin of Error!!Total!!Graduate or professional degree; Estimate!!Total!!Same house 1 year ago; Margin of Error!!Total!!Same house 1 year ago; Estimate!!Total!!Same house 1 year ago!!Less than high school graduate; Margin of Error!!Total!!Same house 1 year ago!!Less than high school graduate; Estimate!!Total!!Same house 1 year ago!!High school graduate (includes equivalency); Margin of Error!!Total!!Same house 1 year ago!!High school graduate (includes equivalency); Estimate!!Total!!Same house 1 year ago!!Some college or associate's degree; Margin of Error!!Total!!Same house 1 year ago!!Some college or associate's degree; Estimate!!Total!!Same house 1 year ago!!Bachelor's degree; Margin of Error!!Total!!Same house 1 year ago!!Bachelor's degree; Estimate!!Total!!Same house 1 year ago!!Graduate or professional degree; ...,,,,csv encoding=utf-8-sig
ACSDT5Y2013.B07009-Table-Notes.txt,data/raw/misc/dataset_archive/B07009Geographical Mobility in the Past Year by Educational Attainment for Current Residence in the United States/ACSDT5Y2013.B07009-Table-Notes.txt,txt,5.27,data/raw/misc/dataset_archive/B07009Geographical Mobility in the Past Year by Educational Attainment for Current Residence in the United States,demographics,raw_source,,,,,,,documentation or metadata text file
ACSDT5Y2014.B07009-Column-Metadata.csv,data/raw/misc/dataset_archive/B07009Geographical Mobility in the Past Year by Educational Attainment for Current Residence in the United States/ACSDT5Y2014.B07009-Column-Metadata.csv,csv,6.18,data/raw/misc/dataset_archive/B07009Geographical Mobility in the Past Year by Educational Attainment for Current Residence in the United States,demographics,raw_source,73,2,GEO_ID; Geography,,,,csv encoding=utf-8-sig
ACSDT5Y2014.B07009-Data.csv,data/raw/misc/dataset_archive/B07009Geographical Mobility in the Past Year by Educational Attainment for Current Residence in the United States/ACSDT5Y2014.B07009-Data.csv,csv,20.0,data/raw/misc/dataset_archive/B07009Geographical Mobility in the Past Year by Educational Attainment for Current Residence in the United States,demographics,raw_source,32,75,Geography; Geographic Area Name; Estimate!!Total; Margin of Error!!Total; Estimate!!Total!!Less than high school graduate; Margin of Error!!Total!!Less than high school graduate; Estimate!!Total!!High school graduate (includes equivalency); Margin of Error!!Total!!High school graduate (includes equivalency); Estimate!!Total!!Some college or associate's degree; Margin of Error!!Total!!Some college or associate's degree; Estimate!!Total!!Bachelor's degree; Margin of Error!!Total!!Bachelor's degree; Estimate!!Total!!Graduate or professional degree; Margin of Error!!Total!!Graduate or professional degree; Estimate!!Total!!Same house 1 year ago; Margin of Error!!Total!!Same house 1 year ago; Estimate!!Total!!Same house 1 year ago!!Less than high school graduate; Margin of Error!!Total!!Same house 1 year ago!!Less than high school graduate; Estimate!!Total!!Same house 1 year ago!!High school graduate (includes equivalency); Margin of Error!!Total!!Same house 1 year ago!!High school graduate (includes equivalency); Estimate!!Total!!Same house 1 year ago!!Some college or associate's degree; Margin of Error!!Total!!Same house 1 year ago!!Some college or associate's degree; Estimate!!Total!!Same house 1 year ago!!Bachelor's degree; Margin of Error!!Total!!Same house 1 year ago!!Bachelor's degree; Estimate!!Total!!Same house 1 year ago!!Graduate or professional degree; ...,,,,csv encoding=utf-8-sig
ACSDT5Y2014.B07009-Table-Notes.txt,data/raw/misc/dataset_archive/B07009Geographical Mobility in the Past Year by Educational Attainment for Current Residence in the United States/ACSDT5Y2014.B07009-Table-Notes.txt,txt,5.29,data/raw/misc/dataset_archive/B07009Geographical Mobility in the Past Year by Educational Attainment for Current Residence in the United States,demographics,raw_source,,,,,,,documentation or metadata text file
ACSDT5Y2015.B07009-Column-Metadata.csv,data/raw/misc/dataset_archive/B07009Geographical Mobility in the Past Year by Educational Attainment for Current Residence in the United States/ACSDT5Y2015.B07009-Column-Metadata.csv,csv,6.18,data/raw/misc/dataset_archive/B07009Geographical Mobility in the Past Year by Educational Attainment for Current Residence in the United States,demographics,raw_source,73,2,GEO_ID; Geography,,,,csv encoding=utf-8-sig
ACSDT5Y2015.B07009-Data.csv,data/raw/misc/dataset_archive/B07009Geographical Mobility in the Past Year by Educational Attainment for Current Residence in the United States/ACSDT5Y2015.B07009-Data.csv,csv,20.02,data/raw/misc/dataset_archive/B07009Geographical Mobility in the Past Year by Educational Attainment for Current Residence in the United States,demographics,raw_source,32,75,Geography; Geographic Area Name; Estimate!!Total; Margin of Error!!Total; Estimate!!Total!!Less than high school graduate; Margin of Error!!Total!!Less than high school graduate; Estimate!!Total!!High school graduate (includes equivalency); Margin of Error!!Total!!High school graduate (includes equivalency); Estimate!!Total!!Some college or associate's degree; Margin of Error!!Total!!Some college or associate's degree; Estimate!!Total!!Bachelor's degree; Margin of Error!!Total!!Bachelor's degree; Estimate!!Total!!Graduate or professional degree; Margin of Error!!Total!!Graduate or professional degree; Estimate!!Total!!Same house 1 year ago; Margin of Error!!Total!!Same house 1 year ago; Estimate!!Total!!Same house 1 year ago!!Less than high school graduate; Margin of Error!!Total!!Same house 1 year ago!!Less than high school graduate; Estimate!!Total!!Same house 1 year ago!!High school graduate (includes equivalency); Margin of Error!!Total!!Same house 1 year ago!!High school graduate (includes equivalency); Estimate!!Total!!Same house 1 year ago!!Some college or associate's degree; Margin of Error!!Total!!Same house 1 year ago!!Some college or associate's degree; Estimate!!Total!!Same house 1 year ago!!Bachelor's degree; Margin of Error!!Total!!Same house 1 year ago!!Bachelor's degree; Estimate!!Total!!Same house 1 year ago!!Graduate or professional degree; ...,,,,csv encoding=utf-8-sig
ACSDT5Y2015.B07009-Table-Notes.txt,data/raw/misc/dataset_archive/B07009Geographical Mobility in the Past Year by Educational Attainment for Current Residence in the United States/ACSDT5Y2015.B07009-Table-Notes.txt,txt,5.87,data/raw/misc/dataset_archive/B07009Geographical Mobility in the Past Year by Educational Attainment for Current Residence in the United States,demographics,raw_source,,,,,,,documentation or metadata text file
ACSDT5Y2016.B07009-Column-Metadata.csv,data/raw/misc/dataset_archive/B07009Geographical Mobility in the Past Year by Educational Attainment for Current Residence in the United States/ACSDT5Y2016.B07009-Column-Metadata.csv,csv,6.18,data/raw/misc/dataset_archive/B07009Geographical Mobility in the Past Year by Educational Attainment for Current Residence in the United States,demographics,raw_source,73,2,GEO_ID; Geography,,,,csv encoding=utf-8-sig
ACSDT5Y2016.B07009-Data.csv,data/raw/misc/dataset_archive/B07009Geographical Mobility in the Past Year by Educational Attainment for Current Residence in the United States/ACSDT5Y2016.B07009-Data.csv,csv,20.02,data/raw/misc/dataset_archive/B07009Geographical Mobility in the Past Year by Educational Attainment for Current Residence in the United States,demographics,raw_source,32,75,Geography; Geographic Area Name; Estimate!!Total; Margin of Error!!Total; Estimate!!Total!!Less than high school graduate; Margin of Error!!Total!!Less than high school graduate; Estimate!!Total!!High school graduate (includes equivalency); Margin of Error!!Total!!High school graduate (includes equivalency); Estimate!!Total!!Some college or associate's degree; Margin of Error!!Total!!Some college or associate's degree; Estimate!!Total!!Bachelor's degree; Margin of Error!!Total!!Bachelor's degree; Estimate!!Total!!Graduate or professional degree; Margin of Error!!Total!!Graduate or professional degree; Estimate!!Total!!Same house 1 year ago; Margin of Error!!Total!!Same house 1 year ago; Estimate!!Total!!Same house 1 year ago!!Less than high school graduate; Margin of Error!!Total!!Same house 1 year ago!!Less than high school graduate; Estimate!!Total!!Same house 1 year ago!!High school graduate (includes equivalency); Margin of Error!!Total!!Same house 1 year ago!!High school graduate (includes equivalency); Estimate!!Total!!Same house 1 year ago!!Some college or associate's degree; Margin of Error!!Total!!Same house 1 year ago!!Some college or associate's degree; Estimate!!Total!!Same house 1 year ago!!Bachelor's degree; Margin of Error!!Total!!Same house 1 year ago!!Bachelor's degree; Estimate!!Total!!Same house 1 year ago!!Graduate or professional degree; ...,,,,csv encoding=utf-8-sig
ACSDT5Y2016.B07009-Table-Notes.txt,data/raw/misc/dataset_archive/B07009Geographical Mobility in the Past Year by Educational Attainment for Current Residence in the United States/ACSDT5Y2016.B07009-Table-Notes.txt,txt,5.86,data/raw/misc/dataset_archive/B07009Geographical Mobility in the Past Year by Educational Attainment for Current Residence in the United States,demographics,raw_source,,,,,,,documentation or metadata text file
ACSDT5Y2017.B07009-Column-Metadata.csv,data/raw/misc/dataset_archive/B07009Geographical Mobility in the Past Year by Educational Attainment for Current Residence in the United States/ACSDT5Y2017.B07009-Column-Metadata.csv,csv,6.18,data/raw/misc/dataset_archive/B07009Geographical Mobility in the Past Year by Educational Attainment for Current Residence in the United States,demographics,raw_source,73,2,GEO_ID; Geography,,,,csv encoding=utf-8-sig
ACSDT5Y2017.B07009-Data.csv,data/raw/misc/dataset_archive/B07009Geographical Mobility in the Past Year by Educational Attainment for Current Residence in the United States/ACSDT5Y2017.B07009-Data.csv,csv,20.05,data/raw/misc/dataset_archive/B07009Geographical Mobility in the Past Year by Educational Attainment for Current Residence in the United States,demographics,raw_source,32,75,Geography; Geographic Area Name; Estimate!!Total; Margin of Error!!Total; Estimate!!Total!!Less than high school graduate; Margin of Error!!Total!!Less than high school graduate; Estimate!!Total!!High school graduate (includes equivalency); Margin of Error!!Total!!High school graduate (includes equivalency); Estimate!!Total!!Some college or associate's degree; Margin of Error!!Total!!Some college or associate's degree; Estimate!!Total!!Bachelor's degree; Margin of Error!!Total!!Bachelor's degree; Estimate!!Total!!Graduate or professional degree; Margin of Error!!Total!!Graduate or professional degree; Estimate!!Total!!Same house 1 year ago; Margin of Error!!Total!!Same house 1 year ago; Estimate!!Total!!Same house 1 year ago!!Less than high school graduate; Margin of Error!!Total!!Same house 1 year ago!!Less than high school graduate; Estimate!!Total!!Same house 1 year ago!!High school graduate (includes equivalency); Margin of Error!!Total!!Same house 1 year ago!!High school graduate (includes equivalency); Estimate!!Total!!Same house 1 year ago!!Some college or associate's degree; Margin of Error!!Total!!Same house 1 year ago!!Some college or associate's degree; Estimate!!Total!!Same house 1 year ago!!Bachelor's degree; Margin of Error!!Total!!Same house 1 year ago!!Bachelor's degree; Estimate!!Total!!Same house 1 year ago!!Graduate or professional degree; ...,,,,csv encoding=utf-8-sig
ACSDT5Y2017.B07009-Table-Notes.txt,data/raw/misc/dataset_archive/B07009Geographical Mobility in the Past Year by Educational Attainment for Current Residence in the United States/ACSDT5Y2017.B07009-Table-Notes.txt,txt,5.95,data/raw/misc/dataset_archive/B07009Geographical Mobility in the Past Year by Educational Attainment for Current Residence in the United States,demographics,raw_source,,,,,,,documentation or metadata text file
ACSDT5Y2018.B07009-Column-Metadata.csv,data/raw/misc/dataset_archive/B07009Geographical Mobility in the Past Year by Educational Attainment for Current Residence in the United States/ACSDT5Y2018.B07009-Column-Metadata.csv,csv,6.18,data/raw/misc/dataset_archive/B07009Geographical Mobility in the Past Year by Educational Attainment for Current Residence in the United States,demographics,raw_source,73,2,GEO_ID; Geography,,,,csv encoding=utf-8-sig
ACSDT5Y2018.B07009-Data.csv,data/raw/misc/dataset_archive/B07009Geographical Mobility in the Past Year by Educational Attainment for Current Residence in the United States/ACSDT5Y2018.B07009-Data.csv,csv,20.05,data/raw/misc/dataset_archive/B07009Geographical Mobility in the Past Year by Educational Attainment for Current Residence in the United States,demographics,raw_source,32,75,Geography; Geographic Area Name; Estimate!!Total; Margin of Error!!Total; Estimate!!Total!!Less than high school graduate; Margin of Error!!Total!!Less than high school graduate; Estimate!!Total!!High school graduate (includes equivalency); Margin of Error!!Total!!High school graduate (includes equivalency); Estimate!!Total!!Some college or associate's degree; Margin of Error!!Total!!Some college or associate's degree; Estimate!!Total!!Bachelor's degree; Margin of Error!!Total!!Bachelor's degree; Estimate!!Total!!Graduate or professional degree; Margin of Error!!Total!!Graduate or professional degree; Estimate!!Total!!Same house 1 year ago; Margin of Error!!Total!!Same house 1 year ago; Estimate!!Total!!Same house 1 year ago!!Less than high school graduate; Margin of Error!!Total!!Same house 1 year ago!!Less than high school graduate; Estimate!!Total!!Same house 1 year ago!!High school graduate (includes equivalency); Margin of Error!!Total!!Same house 1 year ago!!High school graduate (includes equivalency); Estimate!!Total!!Same house 1 year ago!!Some college or associate's degree; Margin of Error!!Total!!Same house 1 year ago!!Some college or associate's degree; Estimate!!Total!!Same house 1 year ago!!Bachelor's degree; Margin of Error!!Total!!Same house 1 year ago!!Bachelor's degree; Estimate!!Total!!Same house 1 year ago!!Graduate or professional degree; ...,,,,csv encoding=utf-8-sig
ACSDT5Y2018.B07009-Table-Notes.txt,data/raw/misc/dataset_archive/B07009Geographical Mobility in the Past Year by Educational Attainment for Current Residence in the United States/ACSDT5Y2018.B07009-Table-Notes.txt,txt,6.13,data/raw/misc/dataset_archive/B07009Geographical Mobility in the Past Year by Educational Attainment for Current Residence in the United States,demographics,raw_source,,,,,,,documentation or metadata text file
ACSDT5Y2019.B07009-Column-Metadata.csv,data/raw/misc/dataset_archive/B07009Geographical Mobility in the Past Year by Educational Attainment for Current Residence in the United States/ACSDT5Y2019.B07009-Column-Metadata.csv,csv,6.31,data/raw/misc/dataset_archive/B07009Geographical Mobility in the Past Year by Educational Attainment for Current Residence in the United States,demographics,raw_source,73,2,GEO_ID; Geography,,,,csv encoding=utf-8-sig
ACSDT5Y2019.B07009-Data.csv,data/raw/misc/dataset_archive/B07009Geographical Mobility in the Past Year by Educational Attainment for Current Residence in the United States/ACSDT5Y2019.B07009-Data.csv,csv,20.19,data/raw/misc/dataset_archive/B07009Geographical Mobility in the Past Year by Educational Attainment for Current Residence in the United States,demographics,raw_source,32,75,Geography; Geographic Area Name; Estimate!!Total:; Margin of Error!!Total:; Estimate!!Total:!!Less than high school graduate; Margin of Error!!Total:!!Less than high school graduate; Estimate!!Total:!!High school graduate (includes equivalency); Margin of Error!!Total:!!High school graduate (includes equivalency); Estimate!!Total:!!Some college or associate's degree; Margin of Error!!Total:!!Some college or associate's degree; Estimate!!Total:!!Bachelor's degree; Margin of Error!!Total:!!Bachelor's degree; Estimate!!Total:!!Graduate or professional degree; Margin of Error!!Total:!!Graduate or professional degree; Estimate!!Total:!!Same house 1 year ago:; Margin of Error!!Total:!!Same house 1 year ago:; Estimate!!Total:!!Same house 1 year ago:!!Less than high school graduate; Margin of Error!!Total:!!Same house 1 year ago:!!Less than high school graduate; Estimate!!Total:!!Same house 1 year ago:!!High school graduate (includes equivalency); Margin of Error!!Total:!!Same house 1 year ago:!!High school graduate (includes equivalency); Estimate!!Total:!!Same house 1 year ago:!!Some college or associate's degree; Margin of Error!!Total:!!Same house 1 year ago:!!Some college or associate's degree; Estimate!!Total:!!Same house 1 year ago:!!Bachelor's degree; Margin of Error!!Total:!!Same house 1 year ago:!!Bachelor's degree; Estimate!!Total:!!Same house 1 year ago:!!Graduate or professional degree; ...,,,,csv encoding=utf-8-sig
ACSDT5Y2019.B07009-Table-Notes.txt,data/raw/misc/dataset_archive/B07009Geographical Mobility in the Past Year by Educational Attainment for Current Residence in the United States/ACSDT5Y2019.B07009-Table-Notes.txt,txt,5.71,data/raw/misc/dataset_archive/B07009Geographical Mobility in the Past Year by Educational Attainment for Current Residence in the United States,demographics,raw_source,,,,,,,documentation or metadata text file
ACSDT5Y2020.B07009-Column-Metadata.csv,data/raw/misc/dataset_archive/B07009Geographical Mobility in the Past Year by Educational Attainment for Current Residence in the United States/ACSDT5Y2020.B07009-Column-Metadata.csv,csv,6.31,data/raw/misc/dataset_archive/B07009Geographical Mobility in the Past Year by Educational Attainment for Current Residence in the United States,demographics,raw_source,73,2,GEO_ID; Geography,,,,csv encoding=utf-8-sig
ACSDT5Y2020.B07009-Data.csv,data/raw/misc/dataset_archive/B07009Geographical Mobility in the Past Year by Educational Attainment for Current Residence in the United States/ACSDT5Y2020.B07009-Data.csv,csv,21.03,data/raw/misc/dataset_archive/B07009Geographical Mobility in the Past Year by Educational Attainment for Current Residence in the United States,demographics,raw_source,34,75,Geography; Geographic Area Name; Estimate!!Total:; Margin of Error!!Total:; Estimate!!Total:!!Less than high school graduate; Margin of Error!!Total:!!Less than high school graduate; Estimate!!Total:!!High school graduate (includes equivalency); Margin of Error!!Total:!!High school graduate (includes equivalency); Estimate!!Total:!!Some college or associate's degree; Margin of Error!!Total:!!Some college or associate's degree; Estimate!!Total:!!Bachelor's degree; Margin of Error!!Total:!!Bachelor's degree; Estimate!!Total:!!Graduate or professional degree; Margin of Error!!Total:!!Graduate or professional degree; Estimate!!Total:!!Same house 1 year ago:; Margin of Error!!Total:!!Same house 1 year ago:; Estimate!!Total:!!Same house 1 year ago:!!Less than high school graduate; Margin of Error!!Total:!!Same house 1 year ago:!!Less than high school graduate; Estimate!!Total:!!Same house 1 year ago:!!High school graduate (includes equivalency); Margin of Error!!Total:!!Same house 1 year ago:!!High school graduate (includes equivalency); Estimate!!Total:!!Same house 1 year ago:!!Some college or associate's degree; Margin of Error!!Total:!!Same house 1 year ago:!!Some college or associate's degree; Estimate!!Total:!!Same house 1 year ago:!!Bachelor's degree; Margin of Error!!Total:!!Same house 1 year ago:!!Bachelor's degree; Estimate!!Total:!!Same house 1 year ago:!!Graduate or professional degree; ...,,,,csv encoding=utf-8-sig
ACSDT5Y2020.B07009-Table-Notes.txt,data/raw/misc/dataset_archive/B07009Geographical Mobility in the Past Year by Educational Attainment for Current Residence in the United States/ACSDT5Y2020.B07009-Table-Notes.txt,txt,5.74,data/raw/misc/dataset_archive/B07009Geographical Mobility in the Past Year by Educational Attainment for Current Residence in the United States,demographics,raw_source,,,,,,,documentation or metadata text file
ACSDT5Y2021.B07009-Column-Metadata.csv,data/raw/misc/dataset_archive/B07009Geographical Mobility in the Past Year by Educational Attainment for Current Residence in the United States/ACSDT5Y2021.B07009-Column-Metadata.csv,csv,6.31,data/raw/misc/dataset_archive/B07009Geographical Mobility in the Past Year by Educational Attainment for Current Residence in the United States,demographics,raw_source,73,2,GEO_ID; Geography,,,,csv encoding=utf-8-sig
ACSDT5Y2021.B07009-Data.csv,data/raw/misc/dataset_archive/B07009Geographical Mobility in the Past Year by Educational Attainment for Current Residence in the United States/ACSDT5Y2021.B07009-Data.csv,csv,20.98,data/raw/misc/dataset_archive/B07009Geographical Mobility in the Past Year by Educational Attainment for Current Residence in the United States,demographics,raw_source,34,75,Geography; Geographic Area Name; Estimate!!Total:; Margin of Error!!Total:; Estimate!!Total:!!Less than high school graduate; Margin of Error!!Total:!!Less than high school graduate; Estimate!!Total:!!High school graduate (includes equivalency); Margin of Error!!Total:!!High school graduate (includes equivalency); Estimate!!Total:!!Some college or associate's degree; Margin of Error!!Total:!!Some college or associate's degree; Estimate!!Total:!!Bachelor's degree; Margin of Error!!Total:!!Bachelor's degree; Estimate!!Total:!!Graduate or professional degree; Margin of Error!!Total:!!Graduate or professional degree; Estimate!!Total:!!Same house 1 year ago:; Margin of Error!!Total:!!Same house 1 year ago:; Estimate!!Total:!!Same house 1 year ago:!!Less than high school graduate; Margin of Error!!Total:!!Same house 1 year ago:!!Less than high school graduate; Estimate!!Total:!!Same house 1 year ago:!!High school graduate (includes equivalency); Margin of Error!!Total:!!Same house 1 year ago:!!High school graduate (includes equivalency); Estimate!!Total:!!Same house 1 year ago:!!Some college or associate's degree; Margin of Error!!Total:!!Same house 1 year ago:!!Some college or associate's degree; Estimate!!Total:!!Same house 1 year ago:!!Bachelor's degree; Margin of Error!!Total:!!Same house 1 year ago:!!Bachelor's degree; Estimate!!Total:!!Same house 1 year ago:!!Graduate or professional degree; ...,,,,csv encoding=utf-8-sig
ACSDT5Y2021.B07009-Table-Notes.txt,data/raw/misc/dataset_archive/B07009Geographical Mobility in the Past Year by Educational Attainment for Current Residence in the United States/ACSDT5Y2021.B07009-Table-Notes.txt,txt,5.35,data/raw/misc/dataset_archive/B07009Geographical Mobility in the Past Year by Educational Attainment for Current Residence in the United States,demographics,raw_source,,,,,,,documentation or metadata text file
ACSDT5Y2022.B07009-Column-Metadata.csv,data/raw/misc/dataset_archive/B07009Geographical Mobility in the Past Year by Educational Attainment for Current Residence in the United States/ACSDT5Y2022.B07009-Column-Metadata.csv,csv,6.31,data/raw/misc/dataset_archive/B07009Geographical Mobility in the Past Year by Educational Attainment for Current Residence in the United States,demographics,raw_source,73,2,GEO_ID; Geography,,,,csv encoding=utf-8-sig
ACSDT5Y2022.B07009-Data.csv,data/raw/misc/dataset_archive/B07009Geographical Mobility in the Past Year by Educational Attainment for Current Residence in the United States/ACSDT5Y2022.B07009-Data.csv,csv,20.92,data/raw/misc/dataset_archive/B07009Geographical Mobility in the Past Year by Educational Attainment for Current Residence in the United States,demographics,raw_source,34,75,Geography; Geographic Area Name; Estimate!!Total:; Margin of Error!!Total:; Estimate!!Total:!!Less than high school graduate; Margin of Error!!Total:!!Less than high school graduate; Estimate!!Total:!!High school graduate (includes equivalency); Margin of Error!!Total:!!High school graduate (includes equivalency); Estimate!!Total:!!Some college or associate's degree; Margin of Error!!Total:!!Some college or associate's degree; Estimate!!Total:!!Bachelor's degree; Margin of Error!!Total:!!Bachelor's degree; Estimate!!Total:!!Graduate or professional degree; Margin of Error!!Total:!!Graduate or professional degree; Estimate!!Total:!!Same house 1 year ago:; Margin of Error!!Total:!!Same house 1 year ago:; Estimate!!Total:!!Same house 1 year ago:!!Less than high school graduate; Margin of Error!!Total:!!Same house 1 year ago:!!Less than high school graduate; Estimate!!Total:!!Same house 1 year ago:!!High school graduate (includes equivalency); Margin of Error!!Total:!!Same house 1 year ago:!!High school graduate (includes equivalency); Estimate!!Total:!!Same house 1 year ago:!!Some college or associate's degree; Margin of Error!!Total:!!Same house 1 year ago:!!Some college or associate's degree; Estimate!!Total:!!Same house 1 year ago:!!Bachelor's degree; Margin of Error!!Total:!!Same house 1 year ago:!!Bachelor's degree; Estimate!!Total:!!Same house 1 year ago:!!Graduate or professional degree; ...,,,,csv encoding=utf-8-sig
ACSDT5Y2022.B07009-Table-Notes.txt,data/raw/misc/dataset_archive/B07009Geographical Mobility in the Past Year by Educational Attainment for Current Residence in the United States/ACSDT5Y2022.B07009-Table-Notes.txt,txt,5.66,data/raw/misc/dataset_archive/B07009Geographical Mobility in the Past Year by Educational Attainment for Current Residence in the United States,demographics,raw_source,,,,,,,documentation or metadata text file
ACSDT5Y2023.B07009-Column-Metadata.csv,data/raw/misc/dataset_archive/B07009Geographical Mobility in the Past Year by Educational Attainment for Current Residence in the United States/ACSDT5Y2023.B07009-Column-Metadata.csv,csv,6.31,data/raw/misc/dataset_archive/B07009Geographical Mobility in the Past Year by Educational Attainment for Current Residence in the United States,demographics,raw_source,73,2,GEO_ID; Geography,,,,csv encoding=utf-8-sig
ACSDT5Y2023.B07009-Data.csv,data/raw/misc/dataset_archive/B07009Geographical Mobility in the Past Year by Educational Attainment for Current Residence in the United States/ACSDT5Y2023.B07009-Data.csv,csv,20.92,data/raw/misc/dataset_archive/B07009Geographical Mobility in the Past Year by Educational Attainment for Current Residence in the United States,demographics,raw_source,34,75,Geography; Geographic Area Name; Estimate!!Total:; Margin of Error!!Total:; Estimate!!Total:!!Less than high school graduate; Margin of Error!!Total:!!Less than high school graduate; Estimate!!Total:!!High school graduate (includes equivalency); Margin of Error!!Total:!!High school graduate (includes equivalency); Estimate!!Total:!!Some college or associate's degree; Margin of Error!!Total:!!Some college or associate's degree; Estimate!!Total:!!Bachelor's degree; Margin of Error!!Total:!!Bachelor's degree; Estimate!!Total:!!Graduate or professional degree; Margin of Error!!Total:!!Graduate or professional degree; Estimate!!Total:!!Same house 1 year ago:; Margin of Error!!Total:!!Same house 1 year ago:; Estimate!!Total:!!Same house 1 year ago:!!Less than high school graduate; Margin of Error!!Total:!!Same house 1 year ago:!!Less than high school graduate; Estimate!!Total:!!Same house 1 year ago:!!High school graduate (includes equivalency); Margin of Error!!Total:!!Same house 1 year ago:!!High school graduate (includes equivalency); Estimate!!Total:!!Same house 1 year ago:!!Some college or associate's degree; Margin of Error!!Total:!!Same house 1 year ago:!!Some college or associate's degree; Estimate!!Total:!!Same house 1 year ago:!!Bachelor's degree; Margin of Error!!Total:!!Same house 1 year ago:!!Bachelor's degree; Estimate!!Total:!!Same house 1 year ago:!!Graduate or professional degree; ...,,,,csv encoding=utf-8-sig
ACSDT5Y2023.B07009-Table-Notes.txt,data/raw/misc/dataset_archive/B07009Geographical Mobility in the Past Year by Educational Attainment for Current Residence in the United States/ACSDT5Y2023.B07009-Table-Notes.txt,txt,6.28,data/raw/misc/dataset_archive/B07009Geographical Mobility in the Past Year by Educational Attainment for Current Residence in the United States,demographics,raw_source,,,,,,,documentation or metadata text file
ACSDT5Y2010.B14001-Column-Metadata.csv,data/raw/misc/dataset_archive/B14001School Enrollment by Level of School for the Population 3 Years and Over/ACSDT5Y2010.B14001-Column-Metadata.csv,csv,1.59,data/raw/misc/dataset_archive/B14001School Enrollment by Level of School for the Population 3 Years and Over,demographics,raw_source,21,2,GEO_ID; Geography,,,,csv encoding=utf-8-sig
ACSDT5Y2010.B14001-Data.csv,data/raw/misc/dataset_archive/B14001School Enrollment by Level of School for the Population 3 Years and Over/ACSDT5Y2010.B14001-Data.csv,csv,1.74,data/raw/misc/dataset_archive/B14001School Enrollment by Level of School for the Population 3 Years and Over,demographics,raw_source,1,23,"Geography; Geographic Area Name; Estimate!!Total; Margin of Error!!Total; Estimate!!Total!!Enrolled in school; Margin of Error!!Total!!Enrolled in school; Estimate!!Total!!Enrolled in school!!Enrolled in nursery school, preschool; Margin of Error!!Total!!Enrolled in school!!Enrolled in nursery school, preschool; Estimate!!Total!!Enrolled in school!!Enrolled in kindergarten; Margin of Error!!Total!!Enrolled in school!!Enrolled in kindergarten; Estimate!!Total!!Enrolled in school!!Enrolled in grade 1 to grade 4; Margin of Error!!Total!!Enrolled in school!!Enrolled in grade 1 to grade 4; Estimate!!Total!!Enrolled in school!!Enrolled in grade 5 to grade 8; Margin of Error!!Total!!Enrolled in school!!Enrolled in grade 5 to grade 8; Estimate!!Total!!Enrolled in school!!Enrolled in grade 9 to grade 12; Margin of Error!!Total!!Enrolled in school!!Enrolled in grade 9 to grade 12; Estimate!!Total!!Enrolled in school!!Enrolled in college, undergraduate years; Margin of Error!!Total!!Enrolled in school!!Enrolled in college, undergraduate years; Estimate!!Total!!Enrolled in school!!Graduate or professional school; Margin of Error!!Total!!Enrolled in school!!Graduate or professional school; Estimate!!Total!!Not enrolled in school; Margin of Error!!Total!!Not enrolled in school; ",,,,csv encoding=utf-8-sig
ACSDT5Y2010.B14001-Table-Notes.txt,data/raw/misc/dataset_archive/B14001School Enrollment by Level of School for the Population 3 Years and Over/ACSDT5Y2010.B14001-Table-Notes.txt,txt,5.24,data/raw/misc/dataset_archive/B14001School Enrollment by Level of School for the Population 3 Years and Over,demographics,raw_source,,,,,,,documentation or metadata text file
ACSDT5Y2011.B14001-Column-Metadata.csv,data/raw/misc/dataset_archive/B14001School Enrollment by Level of School for the Population 3 Years and Over/ACSDT5Y2011.B14001-Column-Metadata.csv,csv,1.59,data/raw/misc/dataset_archive/B14001School Enrollment by Level of School for the Population 3 Years and Over,demographics,raw_source,21,2,GEO_ID; Geography,,,,csv encoding=utf-8-sig
ACSDT5Y2011.B14001-Data.csv,data/raw/misc/dataset_archive/B14001School Enrollment by Level of School for the Population 3 Years and Over/ACSDT5Y2011.B14001-Data.csv,csv,1.74,data/raw/misc/dataset_archive/B14001School Enrollment by Level of School for the Population 3 Years and Over,demographics,raw_source,1,23,"Geography; Geographic Area Name; Estimate!!Total; Margin of Error!!Total; Estimate!!Total!!Enrolled in school; Margin of Error!!Total!!Enrolled in school; Estimate!!Total!!Enrolled in school!!Enrolled in nursery school, preschool; Margin of Error!!Total!!Enrolled in school!!Enrolled in nursery school, preschool; Estimate!!Total!!Enrolled in school!!Enrolled in kindergarten; Margin of Error!!Total!!Enrolled in school!!Enrolled in kindergarten; Estimate!!Total!!Enrolled in school!!Enrolled in grade 1 to grade 4; Margin of Error!!Total!!Enrolled in school!!Enrolled in grade 1 to grade 4; Estimate!!Total!!Enrolled in school!!Enrolled in grade 5 to grade 8; Margin of Error!!Total!!Enrolled in school!!Enrolled in grade 5 to grade 8; Estimate!!Total!!Enrolled in school!!Enrolled in grade 9 to grade 12; Margin of Error!!Total!!Enrolled in school!!Enrolled in grade 9 to grade 12; Estimate!!Total!!Enrolled in school!!Enrolled in college, undergraduate years; Margin of Error!!Total!!Enrolled in school!!Enrolled in college, undergraduate years; Estimate!!Total!!Enrolled in school!!Graduate or professional school; Margin of Error!!Total!!Enrolled in school!!Graduate or professional school; Estimate!!Total!!Not enrolled in school; Margin of Error!!Total!!Not enrolled in school; ",,,,csv encoding=utf-8-sig
ACSDT5Y2011.B14001-Table-Notes.txt,data/raw/misc/dataset_archive/B14001School Enrollment by Level of School for the Population 3 Years and Over/ACSDT5Y2011.B14001-Table-Notes.txt,txt,5.01,data/raw/misc/dataset_archive/B14001School Enrollment by Level of School for the Population 3 Years and Over,demographics,raw_source,,,,,,,documentation or metadata text file
ACSDT5Y2012.B14001-Column-Metadata.csv,data/raw/misc/dataset_archive/B14001School Enrollment by Level of School for the Population 3 Years and Over/ACSDT5Y2012.B14001-Column-Metadata.csv,csv,1.59,data/raw/misc/dataset_archive/B14001School Enrollment by Level of School for the Population 3 Years and Over,demographics,raw_source,21,2,GEO_ID; Geography,,,,csv encoding=utf-8-sig
ACSDT5Y2012.B14001-Data.csv,data/raw/misc/dataset_archive/B14001School Enrollment by Level of School for the Population 3 Years and Over/ACSDT5Y2012.B14001-Data.csv,csv,1.74,data/raw/misc/dataset_archive/B14001School Enrollment by Level of School for the Population 3 Years and Over,demographics,raw_source,1,23,"Geography; Geographic Area Name; Estimate!!Total; Margin of Error!!Total; Estimate!!Total!!Enrolled in school; Margin of Error!!Total!!Enrolled in school; Estimate!!Total!!Enrolled in school!!Enrolled in nursery school, preschool; Margin of Error!!Total!!Enrolled in school!!Enrolled in nursery school, preschool; Estimate!!Total!!Enrolled in school!!Enrolled in kindergarten; Margin of Error!!Total!!Enrolled in school!!Enrolled in kindergarten; Estimate!!Total!!Enrolled in school!!Enrolled in grade 1 to grade 4; Margin of Error!!Total!!Enrolled in school!!Enrolled in grade 1 to grade 4; Estimate!!Total!!Enrolled in school!!Enrolled in grade 5 to grade 8; Margin of Error!!Total!!Enrolled in school!!Enrolled in grade 5 to grade 8; Estimate!!Total!!Enrolled in school!!Enrolled in grade 9 to grade 12; Margin of Error!!Total!!Enrolled in school!!Enrolled in grade 9 to grade 12; Estimate!!Total!!Enrolled in school!!Enrolled in college, undergraduate years; Margin of Error!!Total!!Enrolled in school!!Enrolled in college, undergraduate years; Estimate!!Total!!Enrolled in school!!Graduate or professional school; Margin of Error!!Total!!Enrolled in school!!Graduate or professional school; Estimate!!Total!!Not enrolled in school; Margin of Error!!Total!!Not enrolled in school; ",,,,csv encoding=utf-8-sig
ACSDT5Y2012.B14001-Table-Notes.txt,data/raw/misc/dataset_archive/B14001School Enrollment by Level of School for the Population 3 Years and Over/ACSDT5Y2012.B14001-Table-Notes.txt,txt,5.01,data/raw/misc/dataset_archive/B14001School Enrollment by Level of School for the Population 3 Years and Over,demographics,raw_source,,,,,,,documentation or metadata text file
ACSDT5Y2013.B14001-Column-Metadata.csv,data/raw/misc/dataset_archive/B14001School Enrollment by Level of School for the Population 3 Years and Over/ACSDT5Y2013.B14001-Column-Metadata.csv,csv,1.59,data/raw/misc/dataset_archive/B14001School Enrollment by Level of School for the Population 3 Years and Over,demographics,raw_source,21,2,GEO_ID; Geography,,,,csv encoding=utf-8-sig
ACSDT5Y2013.B14001-Data.csv,data/raw/misc/dataset_archive/B14001School Enrollment by Level of School for the Population 3 Years and Over/ACSDT5Y2013.B14001-Data.csv,csv,1.74,data/raw/misc/dataset_archive/B14001School Enrollment by Level of School for the Population 3 Years and Over,demographics,raw_source,1,23,"Geography; Geographic Area Name; Estimate!!Total; Margin of Error!!Total; Estimate!!Total!!Enrolled in school; Margin of Error!!Total!!Enrolled in school; Estimate!!Total!!Enrolled in school!!Enrolled in nursery school, preschool; Margin of Error!!Total!!Enrolled in school!!Enrolled in nursery school, preschool; Estimate!!Total!!Enrolled in school!!Enrolled in kindergarten; Margin of Error!!Total!!Enrolled in school!!Enrolled in kindergarten; Estimate!!Total!!Enrolled in school!!Enrolled in grade 1 to grade 4; Margin of Error!!Total!!Enrolled in school!!Enrolled in grade 1 to grade 4; Estimate!!Total!!Enrolled in school!!Enrolled in grade 5 to grade 8; Margin of Error!!Total!!Enrolled in school!!Enrolled in grade 5 to grade 8; Estimate!!Total!!Enrolled in school!!Enrolled in grade 9 to grade 12; Margin of Error!!Total!!Enrolled in school!!Enrolled in grade 9 to grade 12; Estimate!!Total!!Enrolled in school!!Enrolled in college, undergraduate years; Margin of Error!!Total!!Enrolled in school!!Enrolled in college, undergraduate years; Estimate!!Total!!Enrolled in school!!Graduate or professional school; Margin of Error!!Total!!Enrolled in school!!Graduate or professional school; Estimate!!Total!!Not enrolled in school; Margin of Error!!Total!!Not enrolled in school; ",,,,csv encoding=utf-8-sig
ACSDT5Y2013.B14001-Table-Notes.txt,data/raw/misc/dataset_archive/B14001School Enrollment by Level of School for the Population 3 Years and Over/ACSDT5Y2013.B14001-Table-Notes.txt,txt,4.95,data/raw/misc/dataset_archive/B14001School Enrollment by Level of School for the Population 3 Years and Over,demographics,raw_source,,,,,,,documentation or metadata text file
ACSDT5Y2014.B14001-Column-Metadata.csv,data/raw/misc/dataset_archive/B14001School Enrollment by Level of School for the Population 3 Years and Over/ACSDT5Y2014.B14001-Column-Metadata.csv,csv,1.59,data/raw/misc/dataset_archive/B14001School Enrollment by Level of School for the Population 3 Years and Over,demographics,raw_source,21,2,GEO_ID; Geography,,,,csv encoding=utf-8-sig
ACSDT5Y2014.B14001-Data.csv,data/raw/misc/dataset_archive/B14001School Enrollment by Level of School for the Population 3 Years and Over/ACSDT5Y2014.B14001-Data.csv,csv,1.74,data/raw/misc/dataset_archive/B14001School Enrollment by Level of School for the Population 3 Years and Over,demographics,raw_source,1,23,"Geography; Geographic Area Name; Estimate!!Total; Margin of Error!!Total; Estimate!!Total!!Enrolled in school; Margin of Error!!Total!!Enrolled in school; Estimate!!Total!!Enrolled in school!!Enrolled in nursery school, preschool; Margin of Error!!Total!!Enrolled in school!!Enrolled in nursery school, preschool; Estimate!!Total!!Enrolled in school!!Enrolled in kindergarten; Margin of Error!!Total!!Enrolled in school!!Enrolled in kindergarten; Estimate!!Total!!Enrolled in school!!Enrolled in grade 1 to grade 4; Margin of Error!!Total!!Enrolled in school!!Enrolled in grade 1 to grade 4; Estimate!!Total!!Enrolled in school!!Enrolled in grade 5 to grade 8; Margin of Error!!Total!!Enrolled in school!!Enrolled in grade 5 to grade 8; Estimate!!Total!!Enrolled in school!!Enrolled in grade 9 to grade 12; Margin of Error!!Total!!Enrolled in school!!Enrolled in grade 9 to grade 12; Estimate!!Total!!Enrolled in school!!Enrolled in college, undergraduate years; Margin of Error!!Total!!Enrolled in school!!Enrolled in college, undergraduate years; Estimate!!Total!!Enrolled in school!!Graduate or professional school; Margin of Error!!Total!!Enrolled in school!!Graduate or professional school; Estimate!!Total!!Not enrolled in school; Margin of Error!!Total!!Not enrolled in school; ",,,,csv encoding=utf-8-sig
ACSDT5Y2014.B14001-Table-Notes.txt,data/raw/misc/dataset_archive/B14001School Enrollment by Level of School for the Population 3 Years and Over/ACSDT5Y2014.B14001-Table-Notes.txt,txt,4.97,data/raw/misc/dataset_archive/B14001School Enrollment by Level of School for the Population 3 Years and Over,demographics,raw_source,,,,,,,documentation or metadata text file
ACSDT5Y2015.B14001-Column-Metadata.csv,data/raw/misc/dataset_archive/B14001School Enrollment by Level of School for the Population 3 Years and Over/ACSDT5Y2015.B14001-Column-Metadata.csv,csv,1.59,data/raw/misc/dataset_archive/B14001School Enrollment by Level of School for the Population 3 Years and Over,demographics,raw_source,21,2,GEO_ID; Geography,,,,csv encoding=utf-8-sig
ACSDT5Y2015.B14001-Data.csv,data/raw/misc/dataset_archive/B14001School Enrollment by Level of School for the Population 3 Years and Over/ACSDT5Y2015.B14001-Data.csv,csv,1.74,data/raw/misc/dataset_archive/B14001School Enrollment by Level of School for the Population 3 Years and Over,demographics,raw_source,1,23,"Geography; Geographic Area Name; Estimate!!Total; Margin of Error!!Total; Estimate!!Total!!Enrolled in school; Margin of Error!!Total!!Enrolled in school; Estimate!!Total!!Enrolled in school!!Enrolled in nursery school, preschool; Margin of Error!!Total!!Enrolled in school!!Enrolled in nursery school, preschool; Estimate!!Total!!Enrolled in school!!Enrolled in kindergarten; Margin of Error!!Total!!Enrolled in school!!Enrolled in kindergarten; Estimate!!Total!!Enrolled in school!!Enrolled in grade 1 to grade 4; Margin of Error!!Total!!Enrolled in school!!Enrolled in grade 1 to grade 4; Estimate!!Total!!Enrolled in school!!Enrolled in grade 5 to grade 8; Margin of Error!!Total!!Enrolled in school!!Enrolled in grade 5 to grade 8; Estimate!!Total!!Enrolled in school!!Enrolled in grade 9 to grade 12; Margin of Error!!Total!!Enrolled in school!!Enrolled in grade 9 to grade 12; Estimate!!Total!!Enrolled in school!!Enrolled in college, undergraduate years; Margin of Error!!Total!!Enrolled in school!!Enrolled in college, undergraduate years; Estimate!!Total!!Enrolled in school!!Graduate or professional school; Margin of Error!!Total!!Enrolled in school!!Graduate or professional school; Estimate!!Total!!Not enrolled in school; Margin of Error!!Total!!Not enrolled in school; ",,,,csv encoding=utf-8-sig
ACSDT5Y2015.B14001-Table-Notes.txt,data/raw/misc/dataset_archive/B14001School Enrollment by Level of School for the Population 3 Years and Over/ACSDT5Y2015.B14001-Table-Notes.txt,txt,5.18,data/raw/misc/dataset_archive/B14001School Enrollment by Level of School for the Population 3 Years and Over,demographics,raw_source,,,,,,,documentation or metadata text file
ACSDT5Y2016.B14001-Column-Metadata.csv,data/raw/misc/dataset_archive/B14001School Enrollment by Level of School for the Population 3 Years and Over/ACSDT5Y2016.B14001-Column-Metadata.csv,csv,1.59,data/raw/misc/dataset_archive/B14001School Enrollment by Level of School for the Population 3 Years and Over,demographics,raw_source,21,2,GEO_ID; Geography,,,,csv encoding=utf-8-sig
ACSDT5Y2016.B14001-Data.csv,data/raw/misc/dataset_archive/B14001School Enrollment by Level of School for the Population 3 Years and Over/ACSDT5Y2016.B14001-Data.csv,csv,1.74,data/raw/misc/dataset_archive/B14001School Enrollment by Level of School for the Population 3 Years and Over,demographics,raw_source,1,23,"Geography; Geographic Area Name; Estimate!!Total; Margin of Error!!Total; Estimate!!Total!!Enrolled in school; Margin of Error!!Total!!Enrolled in school; Estimate!!Total!!Enrolled in school!!Enrolled in nursery school, preschool; Margin of Error!!Total!!Enrolled in school!!Enrolled in nursery school, preschool; Estimate!!Total!!Enrolled in school!!Enrolled in kindergarten; Margin of Error!!Total!!Enrolled in school!!Enrolled in kindergarten; Estimate!!Total!!Enrolled in school!!Enrolled in grade 1 to grade 4; Margin of Error!!Total!!Enrolled in school!!Enrolled in grade 1 to grade 4; Estimate!!Total!!Enrolled in school!!Enrolled in grade 5 to grade 8; Margin of Error!!Total!!Enrolled in school!!Enrolled in grade 5 to grade 8; Estimate!!Total!!Enrolled in school!!Enrolled in grade 9 to grade 12; Margin of Error!!Total!!Enrolled in school!!Enrolled in grade 9 to grade 12; Estimate!!Total!!Enrolled in school!!Enrolled in college, undergraduate years; Margin of Error!!Total!!Enrolled in school!!Enrolled in college, undergraduate years; Estimate!!Total!!Enrolled in school!!Graduate or professional school; Margin of Error!!Total!!Enrolled in school!!Graduate or professional school; Estimate!!Total!!Not enrolled in school; Margin of Error!!Total!!Not enrolled in school; ",,,,csv encoding=utf-8-sig
ACSDT5Y2016.B14001-Table-Notes.txt,data/raw/misc/dataset_archive/B14001School Enrollment by Level of School for the Population 3 Years and Over/ACSDT5Y2016.B14001-Table-Notes.txt,txt,5.17,data/raw/misc/dataset_archive/B14001School Enrollment by Level of School for the Population 3 Years and Over,demographics,raw_source,,,,,,,documentation or metadata text file
ACSDT5Y2017.B14001-Column-Metadata.csv,data/raw/misc/dataset_archive/B14001School Enrollment by Level of School for the Population 3 Years and Over/ACSDT5Y2017.B14001-Column-Metadata.csv,csv,1.59,data/raw/misc/dataset_archive/B14001School Enrollment by Level of School for the Population 3 Years and Over,demographics,raw_source,21,2,GEO_ID; Geography,,,,csv encoding=utf-8-sig
ACSDT5Y2017.B14001-Data.csv,data/raw/misc/dataset_archive/B14001School Enrollment by Level of School for the Population 3 Years and Over/ACSDT5Y2017.B14001-Data.csv,csv,1.74,data/raw/misc/dataset_archive/B14001School Enrollment by Level of School for the Population 3 Years and Over,demographics,raw_source,1,23,"Geography; Geographic Area Name; Estimate!!Total; Margin of Error!!Total; Estimate!!Total!!Enrolled in school; Margin of Error!!Total!!Enrolled in school; Estimate!!Total!!Enrolled in school!!Enrolled in nursery school, preschool; Margin of Error!!Total!!Enrolled in school!!Enrolled in nursery school, preschool; Estimate!!Total!!Enrolled in school!!Enrolled in kindergarten; Margin of Error!!Total!!Enrolled in school!!Enrolled in kindergarten; Estimate!!Total!!Enrolled in school!!Enrolled in grade 1 to grade 4; Margin of Error!!Total!!Enrolled in school!!Enrolled in grade 1 to grade 4; Estimate!!Total!!Enrolled in school!!Enrolled in grade 5 to grade 8; Margin of Error!!Total!!Enrolled in school!!Enrolled in grade 5 to grade 8; Estimate!!Total!!Enrolled in school!!Enrolled in grade 9 to grade 12; Margin of Error!!Total!!Enrolled in school!!Enrolled in grade 9 to grade 12; Estimate!!Total!!Enrolled in school!!Enrolled in college, undergraduate years; Margin of Error!!Total!!Enrolled in school!!Enrolled in college, undergraduate years; Estimate!!Total!!Enrolled in school!!Graduate or professional school; Margin of Error!!Total!!Enrolled in school!!Graduate or professional school; Estimate!!Total!!Not enrolled in school; Margin of Error!!Total!!Not enrolled in school; ",,,,csv encoding=utf-8-sig
ACSDT5Y2017.B14001-Table-Notes.txt,data/raw/misc/dataset_archive/B14001School Enrollment by Level of School for the Population 3 Years and Over/ACSDT5Y2017.B14001-Table-Notes.txt,txt,5.23,data/raw/misc/dataset_archive/B14001School Enrollment by Level of School for the Population 3 Years and Over,demographics,raw_source,,,,,,,documentation or metadata text file
ACSDT5Y2018.B14001-Column-Metadata.csv,data/raw/misc/dataset_archive/B14001School Enrollment by Level of School for the Population 3 Years and Over/ACSDT5Y2018.B14001-Column-Metadata.csv,csv,1.59,data/raw/misc/dataset_archive/B14001School Enrollment by Level of School for the Population 3 Years and Over,demographics,raw_source,21,2,GEO_ID; Geography,,,,csv encoding=utf-8-sig
ACSDT5Y2018.B14001-Data.csv,data/raw/misc/dataset_archive/B14001School Enrollment by Level of School for the Population 3 Years and Over/ACSDT5Y2018.B14001-Data.csv,csv,1.74,data/raw/misc/dataset_archive/B14001School Enrollment by Level of School for the Population 3 Years and Over,demographics,raw_source,1,23,"Geography; Geographic Area Name; Estimate!!Total; Margin of Error!!Total; Estimate!!Total!!Enrolled in school; Margin of Error!!Total!!Enrolled in school; Estimate!!Total!!Enrolled in school!!Enrolled in nursery school, preschool; Margin of Error!!Total!!Enrolled in school!!Enrolled in nursery school, preschool; Estimate!!Total!!Enrolled in school!!Enrolled in kindergarten; Margin of Error!!Total!!Enrolled in school!!Enrolled in kindergarten; Estimate!!Total!!Enrolled in school!!Enrolled in grade 1 to grade 4; Margin of Error!!Total!!Enrolled in school!!Enrolled in grade 1 to grade 4; Estimate!!Total!!Enrolled in school!!Enrolled in grade 5 to grade 8; Margin of Error!!Total!!Enrolled in school!!Enrolled in grade 5 to grade 8; Estimate!!Total!!Enrolled in school!!Enrolled in grade 9 to grade 12; Margin of Error!!Total!!Enrolled in school!!Enrolled in grade 9 to grade 12; Estimate!!Total!!Enrolled in school!!Enrolled in college, undergraduate years; Margin of Error!!Total!!Enrolled in school!!Enrolled in college, undergraduate years; Estimate!!Total!!Enrolled in school!!Graduate or professional school; Margin of Error!!Total!!Enrolled in school!!Graduate or professional school; Estimate!!Total!!Not enrolled in school; Margin of Error!!Total!!Not enrolled in school; ",,,,csv encoding=utf-8-sig
ACSDT5Y2018.B14001-Table-Notes.txt,data/raw/misc/dataset_archive/B14001School Enrollment by Level of School for the Population 3 Years and Over/ACSDT5Y2018.B14001-Table-Notes.txt,txt,5.39,data/raw/misc/dataset_archive/B14001School Enrollment by Level of School for the Population 3 Years and Over,demographics,raw_source,,,,,,,documentation or metadata text file
ACSDT5Y2019.B14001-Column-Metadata.csv,data/raw/misc/dataset_archive/B14001School Enrollment by Level of School for the Population 3 Years and Over/ACSDT5Y2019.B14001-Column-Metadata.csv,csv,1.62,data/raw/misc/dataset_archive/B14001School Enrollment by Level of School for the Population 3 Years and Over,demographics,raw_source,21,2,GEO_ID; Geography,,,,csv encoding=utf-8-sig
ACSDT5Y2019.B14001-Data.csv,data/raw/misc/dataset_archive/B14001School Enrollment by Level of School for the Population 3 Years and Over/ACSDT5Y2019.B14001-Data.csv,csv,1.78,data/raw/misc/dataset_archive/B14001School Enrollment by Level of School for the Population 3 Years and Over,demographics,raw_source,1,23,"Geography; Geographic Area Name; Estimate!!Total:; Margin of Error!!Total:; Estimate!!Total:!!Enrolled in school:; Margin of Error!!Total:!!Enrolled in school:; Estimate!!Total:!!Enrolled in school:!!Enrolled in nursery school, preschool; Margin of Error!!Total:!!Enrolled in school:!!Enrolled in nursery school, preschool; Estimate!!Total:!!Enrolled in school:!!Enrolled in kindergarten; Margin of Error!!Total:!!Enrolled in school:!!Enrolled in kindergarten; Estimate!!Total:!!Enrolled in school:!!Enrolled in grade 1 to grade 4; Margin of Error!!Total:!!Enrolled in school:!!Enrolled in grade 1 to grade 4; Estimate!!Total:!!Enrolled in school:!!Enrolled in grade 5 to grade 8; Margin of Error!!Total:!!Enrolled in school:!!Enrolled in grade 5 to grade 8; Estimate!!Total:!!Enrolled in school:!!Enrolled in grade 9 to grade 12; Margin of Error!!Total:!!Enrolled in school:!!Enrolled in grade 9 to grade 12; Estimate!!Total:!!Enrolled in school:!!Enrolled in college, undergraduate years; Margin of Error!!Total:!!Enrolled in school:!!Enrolled in college, undergraduate years; Estimate!!Total:!!Enrolled in school:!!Graduate or professional school; Margin of Error!!Total:!!Enrolled in school:!!Graduate or professional school; Estimate!!Total:!!Not enrolled in school; Margin of Error!!Total:!!Not enrolled in school; ",,,,csv encoding=utf-8-sig
ACSDT5Y2019.B14001-Table-Notes.txt,data/raw/misc/dataset_archive/B14001School Enrollment by Level of School for the Population 3 Years and Over/ACSDT5Y2019.B14001-Table-Notes.txt,txt,5.03,data/raw/misc/dataset_archive/B14001School Enrollment by Level of School for the Population 3 Years and Over,demographics,raw_source,,,,,,,documentation or metadata text file
ACSDT5Y2020.B14001-Column-Metadata.csv,data/raw/misc/dataset_archive/B14001School Enrollment by Level of School for the Population 3 Years and Over/ACSDT5Y2020.B14001-Column-Metadata.csv,csv,1.62,data/raw/misc/dataset_archive/B14001School Enrollment by Level of School for the Population 3 Years and Over,demographics,raw_source,21,2,GEO_ID; Geography,,,,csv encoding=utf-8-sig
ACSDT5Y2020.B14001-Data.csv,data/raw/misc/dataset_archive/B14001School Enrollment by Level of School for the Population 3 Years and Over/ACSDT5Y2020.B14001-Data.csv,csv,1.78,data/raw/misc/dataset_archive/B14001School Enrollment by Level of School for the Population 3 Years and Over,demographics,raw_source,1,23,"Geography; Geographic Area Name; Estimate!!Total:; Margin of Error!!Total:; Estimate!!Total:!!Enrolled in school:; Margin of Error!!Total:!!Enrolled in school:; Estimate!!Total:!!Enrolled in school:!!Enrolled in nursery school, preschool; Margin of Error!!Total:!!Enrolled in school:!!Enrolled in nursery school, preschool; Estimate!!Total:!!Enrolled in school:!!Enrolled in kindergarten; Margin of Error!!Total:!!Enrolled in school:!!Enrolled in kindergarten; Estimate!!Total:!!Enrolled in school:!!Enrolled in grade 1 to grade 4; Margin of Error!!Total:!!Enrolled in school:!!Enrolled in grade 1 to grade 4; Estimate!!Total:!!Enrolled in school:!!Enrolled in grade 5 to grade 8; Margin of Error!!Total:!!Enrolled in school:!!Enrolled in grade 5 to grade 8; Estimate!!Total:!!Enrolled in school:!!Enrolled in grade 9 to grade 12; Margin of Error!!Total:!!Enrolled in school:!!Enrolled in grade 9 to grade 12; Estimate!!Total:!!Enrolled in school:!!Enrolled in college, undergraduate years; Margin of Error!!Total:!!Enrolled in school:!!Enrolled in college, undergraduate years; Estimate!!Total:!!Enrolled in school:!!Graduate or professional school; Margin of Error!!Total:!!Enrolled in school:!!Graduate or professional school; Estimate!!Total:!!Not enrolled in school; Margin of Error!!Total:!!Not enrolled in school; ",,,,csv encoding=utf-8-sig
ACSDT5Y2020.B14001-Table-Notes.txt,data/raw/misc/dataset_archive/B14001School Enrollment by Level of School for the Population 3 Years and Over/ACSDT5Y2020.B14001-Table-Notes.txt,txt,5.06,data/raw/misc/dataset_archive/B14001School Enrollment by Level of School for the Population 3 Years and Over,demographics,raw_source,,,,,,,documentation or metadata text file
ACSDT5Y2021.B14001-Column-Metadata.csv,data/raw/misc/dataset_archive/B14001School Enrollment by Level of School for the Population 3 Years and Over/ACSDT5Y2021.B14001-Column-Metadata.csv,csv,1.62,data/raw/misc/dataset_archive/B14001School Enrollment by Level of School for the Population 3 Years and Over,demographics,raw_source,21,2,GEO_ID; Geography,,,,csv encoding=utf-8-sig
ACSDT5Y2021.B14001-Data.csv,data/raw/misc/dataset_archive/B14001School Enrollment by Level of School for the Population 3 Years and Over/ACSDT5Y2021.B14001-Data.csv,csv,1.78,data/raw/misc/dataset_archive/B14001School Enrollment by Level of School for the Population 3 Years and Over,demographics,raw_source,1,23,"Geography; Geographic Area Name; Estimate!!Total:; Margin of Error!!Total:; Estimate!!Total:!!Enrolled in school:; Margin of Error!!Total:!!Enrolled in school:; Estimate!!Total:!!Enrolled in school:!!Enrolled in nursery school, preschool; Margin of Error!!Total:!!Enrolled in school:!!Enrolled in nursery school, preschool; Estimate!!Total:!!Enrolled in school:!!Enrolled in kindergarten; Margin of Error!!Total:!!Enrolled in school:!!Enrolled in kindergarten; Estimate!!Total:!!Enrolled in school:!!Enrolled in grade 1 to grade 4; Margin of Error!!Total:!!Enrolled in school:!!Enrolled in grade 1 to grade 4; Estimate!!Total:!!Enrolled in school:!!Enrolled in grade 5 to grade 8; Margin of Error!!Total:!!Enrolled in school:!!Enrolled in grade 5 to grade 8; Estimate!!Total:!!Enrolled in school:!!Enrolled in grade 9 to grade 12; Margin of Error!!Total:!!Enrolled in school:!!Enrolled in grade 9 to grade 12; Estimate!!Total:!!Enrolled in school:!!Enrolled in college, undergraduate years; Margin of Error!!Total:!!Enrolled in school:!!Enrolled in college, undergraduate years; Estimate!!Total:!!Enrolled in school:!!Graduate or professional school; Margin of Error!!Total:!!Enrolled in school:!!Graduate or professional school; Estimate!!Total:!!Not enrolled in school; Margin of Error!!Total:!!Not enrolled in school; ",,,,csv encoding=utf-8-sig
ACSDT5Y2021.B14001-Table-Notes.txt,data/raw/misc/dataset_archive/B14001School Enrollment by Level of School for the Population 3 Years and Over/ACSDT5Y2021.B14001-Table-Notes.txt,txt,5.04,data/raw/misc/dataset_archive/B14001School Enrollment by Level of School for the Population 3 Years and Over,demographics,raw_source,,,,,,,documentation or metadata text file
ACSDT5Y2022.B14001-Column-Metadata.csv,data/raw/misc/dataset_archive/B14001School Enrollment by Level of School for the Population 3 Years and Over/ACSDT5Y2022.B14001-Column-Metadata.csv,csv,1.62,data/raw/misc/dataset_archive/B14001School Enrollment by Level of School for the Population 3 Years and Over,demographics,raw_source,21,2,GEO_ID; Geography,,,,csv encoding=utf-8-sig
ACSDT5Y2022.B14001-Data.csv,data/raw/misc/dataset_archive/B14001School Enrollment by Level of School for the Population 3 Years and Over/ACSDT5Y2022.B14001-Data.csv,csv,1.78,data/raw/misc/dataset_archive/B14001School Enrollment by Level of School for the Population 3 Years and Over,demographics,raw_source,1,23,"Geography; Geographic Area Name; Estimate!!Total:; Margin of Error!!Total:; Estimate!!Total:!!Enrolled in school:; Margin of Error!!Total:!!Enrolled in school:; Estimate!!Total:!!Enrolled in school:!!Enrolled in nursery school, preschool; Margin of Error!!Total:!!Enrolled in school:!!Enrolled in nursery school, preschool; Estimate!!Total:!!Enrolled in school:!!Enrolled in kindergarten; Margin of Error!!Total:!!Enrolled in school:!!Enrolled in kindergarten; Estimate!!Total:!!Enrolled in school:!!Enrolled in grade 1 to grade 4; Margin of Error!!Total:!!Enrolled in school:!!Enrolled in grade 1 to grade 4; Estimate!!Total:!!Enrolled in school:!!Enrolled in grade 5 to grade 8; Margin of Error!!Total:!!Enrolled in school:!!Enrolled in grade 5 to grade 8; Estimate!!Total:!!Enrolled in school:!!Enrolled in grade 9 to grade 12; Margin of Error!!Total:!!Enrolled in school:!!Enrolled in grade 9 to grade 12; Estimate!!Total:!!Enrolled in school:!!Enrolled in college, undergraduate years; Margin of Error!!Total:!!Enrolled in school:!!Enrolled in college, undergraduate years; Estimate!!Total:!!Enrolled in school:!!Graduate or professional school; Margin of Error!!Total:!!Enrolled in school:!!Graduate or professional school; Estimate!!Total:!!Not enrolled in school; Margin of Error!!Total:!!Not enrolled in school; ",,,,csv encoding=utf-8-sig
ACSDT5Y2022.B14001-Table-Notes.txt,data/raw/misc/dataset_archive/B14001School Enrollment by Level of School for the Population 3 Years and Over/ACSDT5Y2022.B14001-Table-Notes.txt,txt,5.35,data/raw/misc/dataset_archive/B14001School Enrollment by Level of School for the Population 3 Years and Over,demographics,raw_source,,,,,,,documentation or metadata text file
ACSDT5Y2023.B14001-Column-Metadata.csv,data/raw/misc/dataset_archive/B14001School Enrollment by Level of School for the Population 3 Years and Over/ACSDT5Y2023.B14001-Column-Metadata.csv,csv,1.62,data/raw/misc/dataset_archive/B14001School Enrollment by Level of School for the Population 3 Years and Over,demographics,raw_source,21,2,GEO_ID; Geography,,,,csv encoding=utf-8-sig
ACSDT5Y2023.B14001-Data.csv,data/raw/misc/dataset_archive/B14001School Enrollment by Level of School for the Population 3 Years and Over/ACSDT5Y2023.B14001-Data.csv,csv,1.78,data/raw/misc/dataset_archive/B14001School Enrollment by Level of School for the Population 3 Years and Over,demographics,raw_source,1,23,"Geography; Geographic Area Name; Estimate!!Total:; Margin of Error!!Total:; Estimate!!Total:!!Enrolled in school:; Margin of Error!!Total:!!Enrolled in school:; Estimate!!Total:!!Enrolled in school:!!Enrolled in nursery school, preschool; Margin of Error!!Total:!!Enrolled in school:!!Enrolled in nursery school, preschool; Estimate!!Total:!!Enrolled in school:!!Enrolled in kindergarten; Margin of Error!!Total:!!Enrolled in school:!!Enrolled in kindergarten; Estimate!!Total:!!Enrolled in school:!!Enrolled in grade 1 to grade 4; Margin of Error!!Total:!!Enrolled in school:!!Enrolled in grade 1 to grade 4; Estimate!!Total:!!Enrolled in school:!!Enrolled in grade 5 to grade 8; Margin of Error!!Total:!!Enrolled in school:!!Enrolled in grade 5 to grade 8; Estimate!!Total:!!Enrolled in school:!!Enrolled in grade 9 to grade 12; Margin of Error!!Total:!!Enrolled in school:!!Enrolled in grade 9 to grade 12; Estimate!!Total:!!Enrolled in school:!!Enrolled in college, undergraduate years; Margin of Error!!Total:!!Enrolled in school:!!Enrolled in college, undergraduate years; Estimate!!Total:!!Enrolled in school:!!Graduate or professional school; Margin of Error!!Total:!!Enrolled in school:!!Graduate or professional school; Estimate!!Total:!!Not enrolled in school; Margin of Error!!Total:!!Not enrolled in school; ",,,,csv encoding=utf-8-sig
ACSDT5Y2023.B14001-Table-Notes.txt,data/raw/misc/dataset_archive/B14001School Enrollment by Level of School for the Population 3 Years and Over/ACSDT5Y2023.B14001-Table-Notes.txt,txt,5.97,data/raw/misc/dataset_archive/B14001School Enrollment by Level of School for the Population 3 Years and Over,demographics,raw_source,,,,,,,documentation or metadata text file
ACSDT1Y2010.B27007-Column-Metadata.csv,data/raw/misc/dataset_archive/B27007MedicaidMeans-Tested Public Coverage by Sex by Age/ACSDT1Y2010.B27007-Column-Metadata.csv,csv,9.51,data/raw/misc/dataset_archive/B27007MedicaidMeans-Tested Public Coverage by Sex by Age,demographics,raw_source,115,2,GEO_ID; Geography,,,,csv encoding=utf-8-sig
ACSDT1Y2010.B27007-Data.csv,data/raw/misc/dataset_archive/B27007MedicaidMeans-Tested Public Coverage by Sex by Age/ACSDT1Y2010.B27007-Data.csv,csv,10.25,data/raw/misc/dataset_archive/B27007MedicaidMeans-Tested Public Coverage by Sex by Age,demographics,raw_source,1,117,Geography; Geographic Area Name; Estimate!!Total; Margin of Error!!Total; Estimate!!Total!!Male; Margin of Error!!Total!!Male; Estimate!!Total!!Male!!Under 6 years; Margin of Error!!Total!!Male!!Under 6 years; Estimate!!Total!!Male!!Under 6 years!!With Medicaid/means-tested public coverage; Margin of Error!!Total!!Male!!Under 6 years!!With Medicaid/means-tested public coverage; Estimate!!Total!!Male!!Under 6 years!!No Medicaid/means-tested public coverage; Margin of Error!!Total!!Male!!Under 6 years!!No Medicaid/means-tested public coverage; Estimate!!Total!!Male!!6 to 17 years; Margin of Error!!Total!!Male!!6 to 17 years; Estimate!!Total!!Male!!6 to 17 years!!With Medicaid/means-tested public coverage; Margin of Error!!Total!!Male!!6 to 17 years!!With Medicaid/means-tested public coverage; Estimate!!Total!!Male!!6 to 17 years!!No Medicaid/means-tested public coverage; Margin of Error!!Total!!Male!!6 to 17 years!!No Medicaid/means-tested public coverage; Estimate!!Total!!Male!!18 to 24 years; Margin of Error!!Total!!Male!!18 to 24 years; Estimate!!Total!!Male!!18 to 24 years!!With Medicaid/means-tested public coverage; Margin of Error!!Total!!Male!!18 to 24 years!!With Medicaid/means-tested public coverage; Estimate!!Total!!Male!!18 to 24 years!!No Medicaid/means-tested public coverage; Margin of Error!!Total!!Male!!18 to 24 years!!No Medicaid/means-tested public coverage; Estimate!!Total!!Male!!25 to 34 years; ...,,,,csv encoding=utf-8-sig
ACSDT1Y2010.B27007-Table-Notes.txt,data/raw/misc/dataset_archive/B27007MedicaidMeans-Tested Public Coverage by Sex by Age/ACSDT1Y2010.B27007-Table-Notes.txt,txt,5.39,data/raw/misc/dataset_archive/B27007MedicaidMeans-Tested Public Coverage by Sex by Age,demographics,raw_source,,,,,,,documentation or metadata text file
ACSDT1Y2011.B27007-Column-Metadata.csv,data/raw/misc/dataset_archive/B27007MedicaidMeans-Tested Public Coverage by Sex by Age/ACSDT1Y2011.B27007-Column-Metadata.csv,csv,9.51,data/raw/misc/dataset_archive/B27007MedicaidMeans-Tested Public Coverage by Sex by Age,demographics,raw_source,115,2,GEO_ID; Geography,,,,csv encoding=utf-8-sig
ACSDT1Y2011.B27007-Data.csv,data/raw/misc/dataset_archive/B27007MedicaidMeans-Tested Public Coverage by Sex by Age/ACSDT1Y2011.B27007-Data.csv,csv,10.26,data/raw/misc/dataset_archive/B27007MedicaidMeans-Tested Public Coverage by Sex by Age,demographics,raw_source,1,117,Geography; Geographic Area Name; Estimate!!Total; Margin of Error!!Total; Estimate!!Total!!Male; Margin of Error!!Total!!Male; Estimate!!Total!!Male!!Under 6 years; Margin of Error!!Total!!Male!!Under 6 years; Estimate!!Total!!Male!!Under 6 years!!With Medicaid/means-tested public coverage; Margin of Error!!Total!!Male!!Under 6 years!!With Medicaid/means-tested public coverage; Estimate!!Total!!Male!!Under 6 years!!No Medicaid/means-tested public coverage; Margin of Error!!Total!!Male!!Under 6 years!!No Medicaid/means-tested public coverage; Estimate!!Total!!Male!!6 to 17 years; Margin of Error!!Total!!Male!!6 to 17 years; Estimate!!Total!!Male!!6 to 17 years!!With Medicaid/means-tested public coverage; Margin of Error!!Total!!Male!!6 to 17 years!!With Medicaid/means-tested public coverage; Estimate!!Total!!Male!!6 to 17 years!!No Medicaid/means-tested public coverage; Margin of Error!!Total!!Male!!6 to 17 years!!No Medicaid/means-tested public coverage; Estimate!!Total!!Male!!18 to 24 years; Margin of Error!!Total!!Male!!18 to 24 years; Estimate!!Total!!Male!!18 to 24 years!!With Medicaid/means-tested public coverage; Margin of Error!!Total!!Male!!18 to 24 years!!With Medicaid/means-tested public coverage; Estimate!!Total!!Male!!18 to 24 years!!No Medicaid/means-tested public coverage; Margin of Error!!Total!!Male!!18 to 24 years!!No Medicaid/means-tested public coverage; Estimate!!Total!!Male!!25 to 34 years; ...,,,,csv encoding=utf-8-sig
ACSDT1Y2011.B27007-Table-Notes.txt,data/raw/misc/dataset_archive/B27007MedicaidMeans-Tested Public Coverage by Sex by Age/ACSDT1Y2011.B27007-Table-Notes.txt,txt,5.36,data/raw/misc/dataset_archive/B27007MedicaidMeans-Tested Public Coverage by Sex by Age,demographics,raw_source,,,,,,,documentation or metadata text file
ACSDT1Y2012.B27007-Column-Metadata.csv,data/raw/misc/dataset_archive/B27007MedicaidMeans-Tested Public Coverage by Sex by Age/ACSDT1Y2012.B27007-Column-Metadata.csv,csv,9.51,data/raw/misc/dataset_archive/B27007MedicaidMeans-Tested Public Coverage by Sex by Age,demographics,raw_source,115,2,GEO_ID; Geography,,,,csv encoding=utf-8-sig
ACSDT1Y2012.B27007-Data.csv,data/raw/misc/dataset_archive/B27007MedicaidMeans-Tested Public Coverage by Sex by Age/ACSDT1Y2012.B27007-Data.csv,csv,10.26,data/raw/misc/dataset_archive/B27007MedicaidMeans-Tested Public Coverage by Sex by Age,demographics,raw_source,1,117,Geography; Geographic Area Name; Estimate!!Total; Margin of Error!!Total; Estimate!!Total!!Male; Margin of Error!!Total!!Male; Estimate!!Total!!Male!!Under 6 years; Margin of Error!!Total!!Male!!Under 6 years; Estimate!!Total!!Male!!Under 6 years!!With Medicaid/means-tested public coverage; Margin of Error!!Total!!Male!!Under 6 years!!With Medicaid/means-tested public coverage; Estimate!!Total!!Male!!Under 6 years!!No Medicaid/means-tested public coverage; Margin of Error!!Total!!Male!!Under 6 years!!No Medicaid/means-tested public coverage; Estimate!!Total!!Male!!6 to 17 years; Margin of Error!!Total!!Male!!6 to 17 years; Estimate!!Total!!Male!!6 to 17 years!!With Medicaid/means-tested public coverage; Margin of Error!!Total!!Male!!6 to 17 years!!With Medicaid/means-tested public coverage; Estimate!!Total!!Male!!6 to 17 years!!No Medicaid/means-tested public coverage; Margin of Error!!Total!!Male!!6 to 17 years!!No Medicaid/means-tested public coverage; Estimate!!Total!!Male!!18 to 24 years; Margin of Error!!Total!!Male!!18 to 24 years; Estimate!!Total!!Male!!18 to 24 years!!With Medicaid/means-tested public coverage; Margin of Error!!Total!!Male!!18 to 24 years!!With Medicaid/means-tested public coverage; Estimate!!Total!!Male!!18 to 24 years!!No Medicaid/means-tested public coverage; Margin of Error!!Total!!Male!!18 to 24 years!!No Medicaid/means-tested public coverage; Estimate!!Total!!Male!!25 to 34 years; ...,,,,csv encoding=utf-8-sig
ACSDT1Y2012.B27007-Table-Notes.txt,data/raw/misc/dataset_archive/B27007MedicaidMeans-Tested Public Coverage by Sex by Age/ACSDT1Y2012.B27007-Table-Notes.txt,txt,5.36,data/raw/misc/dataset_archive/B27007MedicaidMeans-Tested Public Coverage by Sex by Age,demographics,raw_source,,,,,,,documentation or metadata text file
ACSDT1Y2013.B27007-Column-Metadata.csv,data/raw/misc/dataset_archive/B27007MedicaidMeans-Tested Public Coverage by Sex by Age/ACSDT1Y2013.B27007-Column-Metadata.csv,csv,9.51,data/raw/misc/dataset_archive/B27007MedicaidMeans-Tested Public Coverage by Sex by Age,demographics,raw_source,115,2,GEO_ID; Geography,,,,csv encoding=utf-8-sig
ACSDT1Y2013.B27007-Data.csv,data/raw/misc/dataset_archive/B27007MedicaidMeans-Tested Public Coverage by Sex by Age/ACSDT1Y2013.B27007-Data.csv,csv,10.25,data/raw/misc/dataset_archive/B27007MedicaidMeans-Tested Public Coverage by Sex by Age,demographics,raw_source,1,117,Geography; Geographic Area Name; Estimate!!Total; Margin of Error!!Total; Estimate!!Total!!Male; Margin of Error!!Total!!Male; Estimate!!Total!!Male!!Under 6 years; Margin of Error!!Total!!Male!!Under 6 years; Estimate!!Total!!Male!!Under 6 years!!With Medicaid/means-tested public coverage; Margin of Error!!Total!!Male!!Under 6 years!!With Medicaid/means-tested public coverage; Estimate!!Total!!Male!!Under 6 years!!No Medicaid/means-tested public coverage; Margin of Error!!Total!!Male!!Under 6 years!!No Medicaid/means-tested public coverage; Estimate!!Total!!Male!!6 to 17 years; Margin of Error!!Total!!Male!!6 to 17 years; Estimate!!Total!!Male!!6 to 17 years!!With Medicaid/means-tested public coverage; Margin of Error!!Total!!Male!!6 to 17 years!!With Medicaid/means-tested public coverage; Estimate!!Total!!Male!!6 to 17 years!!No Medicaid/means-tested public coverage; Margin of Error!!Total!!Male!!6 to 17 years!!No Medicaid/means-tested public coverage; Estimate!!Total!!Male!!18 to 24 years; Margin of Error!!Total!!Male!!18 to 24 years; Estimate!!Total!!Male!!18 to 24 years!!With Medicaid/means-tested public coverage; Margin of Error!!Total!!Male!!18 to 24 years!!With Medicaid/means-tested public coverage; Estimate!!Total!!Male!!18 to 24 years!!No Medicaid/means-tested public coverage; Margin of Error!!Total!!Male!!18 to 24 years!!No Medicaid/means-tested public coverage; Estimate!!Total!!Male!!25 to 34 years; ...,,,,csv encoding=utf-8-sig
ACSDT1Y2013.B27007-Table-Notes.txt,data/raw/misc/dataset_archive/B27007MedicaidMeans-Tested Public Coverage by Sex by Age/ACSDT1Y2013.B27007-Table-Notes.txt,txt,5.88,data/raw/misc/dataset_archive/B27007MedicaidMeans-Tested Public Coverage by Sex by Age,demographics,raw_source,,,,,,,documentation or metadata text file
ACSDT1Y2014.B27007-Column-Metadata.csv,data/raw/misc/dataset_archive/B27007MedicaidMeans-Tested Public Coverage by Sex by Age/ACSDT1Y2014.B27007-Column-Metadata.csv,csv,9.51,data/raw/misc/dataset_archive/B27007MedicaidMeans-Tested Public Coverage by Sex by Age,demographics,raw_source,115,2,GEO_ID; Geography,,,,csv encoding=utf-8-sig
ACSDT1Y2014.B27007-Data.csv,data/raw/misc/dataset_archive/B27007MedicaidMeans-Tested Public Coverage by Sex by Age/ACSDT1Y2014.B27007-Data.csv,csv,10.25,data/raw/misc/dataset_archive/B27007MedicaidMeans-Tested Public Coverage by Sex by Age,demographics,raw_source,1,117,Geography; Geographic Area Name; Estimate!!Total; Margin of Error!!Total; Estimate!!Total!!Male; Margin of Error!!Total!!Male; Estimate!!Total!!Male!!Under 6 years; Margin of Error!!Total!!Male!!Under 6 years; Estimate!!Total!!Male!!Under 6 years!!With Medicaid/means-tested public coverage; Margin of Error!!Total!!Male!!Under 6 years!!With Medicaid/means-tested public coverage; Estimate!!Total!!Male!!Under 6 years!!No Medicaid/means-tested public coverage; Margin of Error!!Total!!Male!!Under 6 years!!No Medicaid/means-tested public coverage; Estimate!!Total!!Male!!6 to 17 years; Margin of Error!!Total!!Male!!6 to 17 years; Estimate!!Total!!Male!!6 to 17 years!!With Medicaid/means-tested public coverage; Margin of Error!!Total!!Male!!6 to 17 years!!With Medicaid/means-tested public coverage; Estimate!!Total!!Male!!6 to 17 years!!No Medicaid/means-tested public coverage; Margin of Error!!Total!!Male!!6 to 17 years!!No Medicaid/means-tested public coverage; Estimate!!Total!!Male!!18 to 24 years; Margin of Error!!Total!!Male!!18 to 24 years; Estimate!!Total!!Male!!18 to 24 years!!With Medicaid/means-tested public coverage; Margin of Error!!Total!!Male!!18 to 24 years!!With Medicaid/means-tested public coverage; Estimate!!Total!!Male!!18 to 24 years!!No Medicaid/means-tested public coverage; Margin of Error!!Total!!Male!!18 to 24 years!!No Medicaid/means-tested public coverage; Estimate!!Total!!Male!!25 to 34 years; ...,,,,csv encoding=utf-8-sig
ACSDT1Y2014.B27007-Table-Notes.txt,data/raw/misc/dataset_archive/B27007MedicaidMeans-Tested Public Coverage by Sex by Age/ACSDT1Y2014.B27007-Table-Notes.txt,txt,5.31,data/raw/misc/dataset_archive/B27007MedicaidMeans-Tested Public Coverage by Sex by Age,demographics,raw_source,,,,,,,documentation or metadata text file
ACSDT1Y2015.B27007-Column-Metadata.csv,data/raw/misc/dataset_archive/B27007MedicaidMeans-Tested Public Coverage by Sex by Age/ACSDT1Y2015.B27007-Column-Metadata.csv,csv,9.51,data/raw/misc/dataset_archive/B27007MedicaidMeans-Tested Public Coverage by Sex by Age,demographics,raw_source,115,2,GEO_ID; Geography,,,,csv encoding=utf-8-sig
ACSDT1Y2015.B27007-Data.csv,data/raw/misc/dataset_archive/B27007MedicaidMeans-Tested Public Coverage by Sex by Age/ACSDT1Y2015.B27007-Data.csv,csv,10.25,data/raw/misc/dataset_archive/B27007MedicaidMeans-Tested Public Coverage by Sex by Age,demographics,raw_source,1,117,Geography; Geographic Area Name; Estimate!!Total; Margin of Error!!Total; Estimate!!Total!!Male; Margin of Error!!Total!!Male; Estimate!!Total!!Male!!Under 6 years; Margin of Error!!Total!!Male!!Under 6 years; Estimate!!Total!!Male!!Under 6 years!!With Medicaid/means-tested public coverage; Margin of Error!!Total!!Male!!Under 6 years!!With Medicaid/means-tested public coverage; Estimate!!Total!!Male!!Under 6 years!!No Medicaid/means-tested public coverage; Margin of Error!!Total!!Male!!Under 6 years!!No Medicaid/means-tested public coverage; Estimate!!Total!!Male!!6 to 17 years; Margin of Error!!Total!!Male!!6 to 17 years; Estimate!!Total!!Male!!6 to 17 years!!With Medicaid/means-tested public coverage; Margin of Error!!Total!!Male!!6 to 17 years!!With Medicaid/means-tested public coverage; Estimate!!Total!!Male!!6 to 17 years!!No Medicaid/means-tested public coverage; Margin of Error!!Total!!Male!!6 to 17 years!!No Medicaid/means-tested public coverage; Estimate!!Total!!Male!!18 to 24 years; Margin of Error!!Total!!Male!!18 to 24 years; Estimate!!Total!!Male!!18 to 24 years!!With Medicaid/means-tested public coverage; Margin of Error!!Total!!Male!!18 to 24 years!!With Medicaid/means-tested public coverage; Estimate!!Total!!Male!!18 to 24 years!!No Medicaid/means-tested public coverage; Margin of Error!!Total!!Male!!18 to 24 years!!No Medicaid/means-tested public coverage; Estimate!!Total!!Male!!25 to 34 years; ...,,,,csv encoding=utf-8-sig
ACSDT1Y2015.B27007-Table-Notes.txt,data/raw/misc/dataset_archive/B27007MedicaidMeans-Tested Public Coverage by Sex by Age/ACSDT1Y2015.B27007-Table-Notes.txt,txt,6.19,data/raw/misc/dataset_archive/B27007MedicaidMeans-Tested Public Coverage by Sex by Age,demographics,raw_source,,,,,,,documentation or metadata text file
ACSDT1Y2016.B27007-Column-Metadata.csv,data/raw/misc/dataset_archive/B27007MedicaidMeans-Tested Public Coverage by Sex by Age/ACSDT1Y2016.B27007-Column-Metadata.csv,csv,9.51,data/raw/misc/dataset_archive/B27007MedicaidMeans-Tested Public Coverage by Sex by Age,demographics,raw_source,115,2,GEO_ID; Geography,,,,csv encoding=utf-8-sig
ACSDT1Y2016.B27007-Data.csv,data/raw/misc/dataset_archive/B27007MedicaidMeans-Tested Public Coverage by Sex by Age/ACSDT1Y2016.B27007-Data.csv,csv,10.26,data/raw/misc/dataset_archive/B27007MedicaidMeans-Tested Public Coverage by Sex by Age,demographics,raw_source,1,117,Geography; Geographic Area Name; Estimate!!Total; Margin of Error!!Total; Estimate!!Total!!Male; Margin of Error!!Total!!Male; Estimate!!Total!!Male!!Under 6 years; Margin of Error!!Total!!Male!!Under 6 years; Estimate!!Total!!Male!!Under 6 years!!With Medicaid/means-tested public coverage; Margin of Error!!Total!!Male!!Under 6 years!!With Medicaid/means-tested public coverage; Estimate!!Total!!Male!!Under 6 years!!No Medicaid/means-tested public coverage; Margin of Error!!Total!!Male!!Under 6 years!!No Medicaid/means-tested public coverage; Estimate!!Total!!Male!!6 to 17 years; Margin of Error!!Total!!Male!!6 to 17 years; Estimate!!Total!!Male!!6 to 17 years!!With Medicaid/means-tested public coverage; Margin of Error!!Total!!Male!!6 to 17 years!!With Medicaid/means-tested public coverage; Estimate!!Total!!Male!!6 to 17 years!!No Medicaid/means-tested public coverage; Margin of Error!!Total!!Male!!6 to 17 years!!No Medicaid/means-tested public coverage; Estimate!!Total!!Male!!18 to 24 years; Margin of Error!!Total!!Male!!18 to 24 years; Estimate!!Total!!Male!!18 to 24 years!!With Medicaid/means-tested public coverage; Margin of Error!!Total!!Male!!18 to 24 years!!With Medicaid/means-tested public coverage; Estimate!!Total!!Male!!18 to 24 years!!No Medicaid/means-tested public coverage; Margin of Error!!Total!!Male!!18 to 24 years!!No Medicaid/means-tested public coverage; Estimate!!Total!!Male!!25 to 34 years; ...,,,,csv encoding=utf-8-sig
ACSDT1Y2016.B27007-Table-Notes.txt,data/raw/misc/dataset_archive/B27007MedicaidMeans-Tested Public Coverage by Sex by Age/ACSDT1Y2016.B27007-Table-Notes.txt,txt,6.4,data/raw/misc/dataset_archive/B27007MedicaidMeans-Tested Public Coverage by Sex by Age,demographics,raw_source,,,,,,,documentation or metadata text file
ACSDT1Y2017.B27007-Column-Metadata.csv,data/raw/misc/dataset_archive/B27007MedicaidMeans-Tested Public Coverage by Sex by Age/ACSDT1Y2017.B27007-Column-Metadata.csv,csv,9.51,data/raw/misc/dataset_archive/B27007MedicaidMeans-Tested Public Coverage by Sex by Age,demographics,raw_source,115,2,GEO_ID; Geography,,,,csv encoding=utf-8-sig
ACSDT1Y2017.B27007-Data.csv,data/raw/misc/dataset_archive/B27007MedicaidMeans-Tested Public Coverage by Sex by Age/ACSDT1Y2017.B27007-Data.csv,csv,10.27,data/raw/misc/dataset_archive/B27007MedicaidMeans-Tested Public Coverage by Sex by Age,demographics,raw_source,1,117,Geography; Geographic Area Name; Estimate!!Total; Margin of Error!!Total; Estimate!!Total!!Male; Margin of Error!!Total!!Male; Estimate!!Total!!Male!!Under 6 years; Margin of Error!!Total!!Male!!Under 6 years; Estimate!!Total!!Male!!Under 6 years!!With Medicaid/means-tested public coverage; Margin of Error!!Total!!Male!!Under 6 years!!With Medicaid/means-tested public coverage; Estimate!!Total!!Male!!Under 6 years!!No Medicaid/means-tested public coverage; Margin of Error!!Total!!Male!!Under 6 years!!No Medicaid/means-tested public coverage; Estimate!!Total!!Male!!6 to 18 years; Margin of Error!!Total!!Male!!6 to 18 years; Estimate!!Total!!Male!!6 to 18 years!!With Medicaid/means-tested public coverage; Margin of Error!!Total!!Male!!6 to 18 years!!With Medicaid/means-tested public coverage; Estimate!!Total!!Male!!6 to 18 years!!No Medicaid/means-tested public coverage; Margin of Error!!Total!!Male!!6 to 18 years!!No Medicaid/means-tested public coverage; Estimate!!Total!!Male!!19 to 25 years; Margin of Error!!Total!!Male!!19 to 25 years; Estimate!!Total!!Male!!19 to 25 years!!With Medicaid/means-tested public coverage; Margin of Error!!Total!!Male!!19 to 25 years!!With Medicaid/means-tested public coverage; Estimate!!Total!!Male!!19 to 25 years!!No Medicaid/means-tested public coverage; Margin of Error!!Total!!Male!!19 to 25 years!!No Medicaid/means-tested public coverage; Estimate!!Total!!Male!!26 to 34 years; ...,,,,csv encoding=utf-8-sig
ACSDT1Y2017.B27007-Table-Notes.txt,data/raw/misc/dataset_archive/B27007MedicaidMeans-Tested Public Coverage by Sex by Age/ACSDT1Y2017.B27007-Table-Notes.txt,txt,6.69,data/raw/misc/dataset_archive/B27007MedicaidMeans-Tested Public Coverage by Sex by Age,demographics,raw_source,,,,,,,documentation or metadata text file
ACSDT1Y2018.B27007-Column-Metadata.csv,data/raw/misc/dataset_archive/B27007MedicaidMeans-Tested Public Coverage by Sex by Age/ACSDT1Y2018.B27007-Column-Metadata.csv,csv,9.51,data/raw/misc/dataset_archive/B27007MedicaidMeans-Tested Public Coverage by Sex by Age,demographics,raw_source,115,2,GEO_ID; Geography,,,,csv encoding=utf-8-sig
ACSDT1Y2018.B27007-Data.csv,data/raw/misc/dataset_archive/B27007MedicaidMeans-Tested Public Coverage by Sex by Age/ACSDT1Y2018.B27007-Data.csv,csv,10.27,data/raw/misc/dataset_archive/B27007MedicaidMeans-Tested Public Coverage by Sex by Age,demographics,raw_source,1,117,Geography; Geographic Area Name; Estimate!!Total; Margin of Error!!Total; Estimate!!Total!!Male; Margin of Error!!Total!!Male; Estimate!!Total!!Male!!Under 6 years; Margin of Error!!Total!!Male!!Under 6 years; Estimate!!Total!!Male!!Under 6 years!!With Medicaid/means-tested public coverage; Margin of Error!!Total!!Male!!Under 6 years!!With Medicaid/means-tested public coverage; Estimate!!Total!!Male!!Under 6 years!!No Medicaid/means-tested public coverage; Margin of Error!!Total!!Male!!Under 6 years!!No Medicaid/means-tested public coverage; Estimate!!Total!!Male!!6 to 18 years; Margin of Error!!Total!!Male!!6 to 18 years; Estimate!!Total!!Male!!6 to 18 years!!With Medicaid/means-tested public coverage; Margin of Error!!Total!!Male!!6 to 18 years!!With Medicaid/means-tested public coverage; Estimate!!Total!!Male!!6 to 18 years!!No Medicaid/means-tested public coverage; Margin of Error!!Total!!Male!!6 to 18 years!!No Medicaid/means-tested public coverage; Estimate!!Total!!Male!!19 to 25 years; Margin of Error!!Total!!Male!!19 to 25 years; Estimate!!Total!!Male!!19 to 25 years!!With Medicaid/means-tested public coverage; Margin of Error!!Total!!Male!!19 to 25 years!!With Medicaid/means-tested public coverage; Estimate!!Total!!Male!!19 to 25 years!!No Medicaid/means-tested public coverage; Margin of Error!!Total!!Male!!19 to 25 years!!No Medicaid/means-tested public coverage; Estimate!!Total!!Male!!26 to 34 years; ...,,,,csv encoding=utf-8-sig
ACSDT1Y2018.B27007-Table-Notes.txt,data/raw/misc/dataset_archive/B27007MedicaidMeans-Tested Public Coverage by Sex by Age/ACSDT1Y2018.B27007-Table-Notes.txt,txt,7.33,data/raw/misc/dataset_archive/B27007MedicaidMeans-Tested Public Coverage by Sex by Age,demographics,raw_source,,,,,,,documentation or metadata text file
ACSDT1Y2019.B27007-Column-Metadata.csv,data/raw/misc/dataset_archive/B27007MedicaidMeans-Tested Public Coverage by Sex by Age/ACSDT1Y2019.B27007-Column-Metadata.csv,csv,9.84,data/raw/misc/dataset_archive/B27007MedicaidMeans-Tested Public Coverage by Sex by Age,demographics,raw_source,115,2,GEO_ID; Geography,,,,csv encoding=utf-8-sig
ACSDT1Y2019.B27007-Data.csv,data/raw/misc/dataset_archive/B27007MedicaidMeans-Tested Public Coverage by Sex by Age/ACSDT1Y2019.B27007-Data.csv,csv,10.6,data/raw/misc/dataset_archive/B27007MedicaidMeans-Tested Public Coverage by Sex by Age,demographics,raw_source,1,117,Geography; Geographic Area Name; Estimate!!Total:; Margin of Error!!Total:; Estimate!!Total:!!Male:; Margin of Error!!Total:!!Male:; Estimate!!Total:!!Male:!!Under 6 years:; Margin of Error!!Total:!!Male:!!Under 6 years:; Estimate!!Total:!!Male:!!Under 6 years:!!With Medicaid/means-tested public coverage; Margin of Error!!Total:!!Male:!!Under 6 years:!!With Medicaid/means-tested public coverage; Estimate!!Total:!!Male:!!Under 6 years:!!No Medicaid/means-tested public coverage; Margin of Error!!Total:!!Male:!!Under 6 years:!!No Medicaid/means-tested public coverage; Estimate!!Total:!!Male:!!6 to 18 years:; Margin of Error!!Total:!!Male:!!6 to 18 years:; Estimate!!Total:!!Male:!!6 to 18 years:!!With Medicaid/means-tested public coverage; Margin of Error!!Total:!!Male:!!6 to 18 years:!!With Medicaid/means-tested public coverage; Estimate!!Total:!!Male:!!6 to 18 years:!!No Medicaid/means-tested public coverage; Margin of Error!!Total:!!Male:!!6 to 18 years:!!No Medicaid/means-tested public coverage; Estimate!!Total:!!Male:!!19 to 25 years:; Margin of Error!!Total:!!Male:!!19 to 25 years:; Estimate!!Total:!!Male:!!19 to 25 years:!!With Medicaid/means-tested public coverage; Margin of Error!!Total:!!Male:!!19 to 25 years:!!With Medicaid/means-tested public coverage; Estimate!!Total:!!Male:!!19 to 25 years:!!No Medicaid/means-tested public coverage; Margin of Error!!Total:!!Male:!!19 to 25 years:!!No Medicaid/means-tested public coverage; Estimate!!Total:!!Male:!!26 to 34 years:; ...,,,,csv encoding=utf-8-sig
ACSDT1Y2019.B27007-Table-Notes.txt,data/raw/misc/dataset_archive/B27007MedicaidMeans-Tested Public Coverage by Sex by Age/ACSDT1Y2019.B27007-Table-Notes.txt,txt,6.54,data/raw/misc/dataset_archive/B27007MedicaidMeans-Tested Public Coverage by Sex by Age,demographics,raw_source,,,,,,,documentation or metadata text file
ACSDT1Y2021.B27007-Column-Metadata.csv,data/raw/misc/dataset_archive/B27007MedicaidMeans-Tested Public Coverage by Sex by Age/ACSDT1Y2021.B27007-Column-Metadata.csv,csv,9.84,data/raw/misc/dataset_archive/B27007MedicaidMeans-Tested Public Coverage by Sex by Age,demographics,raw_source,115,2,GEO_ID; Geography,,,,csv encoding=utf-8-sig
ACSDT1Y2021.B27007-Data.csv,data/raw/misc/dataset_archive/B27007MedicaidMeans-Tested Public Coverage by Sex by Age/ACSDT1Y2021.B27007-Data.csv,csv,10.59,data/raw/misc/dataset_archive/B27007MedicaidMeans-Tested Public Coverage by Sex by Age,demographics,raw_source,1,117,Geography; Geographic Area Name; Estimate!!Total:; Margin of Error!!Total:; Estimate!!Total:!!Male:; Margin of Error!!Total:!!Male:; Estimate!!Total:!!Male:!!Under 6 years:; Margin of Error!!Total:!!Male:!!Under 6 years:; Estimate!!Total:!!Male:!!Under 6 years:!!With Medicaid/means-tested public coverage; Margin of Error!!Total:!!Male:!!Under 6 years:!!With Medicaid/means-tested public coverage; Estimate!!Total:!!Male:!!Under 6 years:!!No Medicaid/means-tested public coverage; Margin of Error!!Total:!!Male:!!Under 6 years:!!No Medicaid/means-tested public coverage; Estimate!!Total:!!Male:!!6 to 18 years:; Margin of Error!!Total:!!Male:!!6 to 18 years:; Estimate!!Total:!!Male:!!6 to 18 years:!!With Medicaid/means-tested public coverage; Margin of Error!!Total:!!Male:!!6 to 18 years:!!With Medicaid/means-tested public coverage; Estimate!!Total:!!Male:!!6 to 18 years:!!No Medicaid/means-tested public coverage; Margin of Error!!Total:!!Male:!!6 to 18 years:!!No Medicaid/means-tested public coverage; Estimate!!Total:!!Male:!!19 to 25 years:; Margin of Error!!Total:!!Male:!!19 to 25 years:; Estimate!!Total:!!Male:!!19 to 25 years:!!With Medicaid/means-tested public coverage; Margin of Error!!Total:!!Male:!!19 to 25 years:!!With Medicaid/means-tested public coverage; Estimate!!Total:!!Male:!!19 to 25 years:!!No Medicaid/means-tested public coverage; Margin of Error!!Total:!!Male:!!19 to 25 years:!!No Medicaid/means-tested public coverage; Estimate!!Total:!!Male:!!26 to 34 years:; ...,,,,csv encoding=utf-8-sig
ACSDT1Y2021.B27007-Table-Notes.txt,data/raw/misc/dataset_archive/B27007MedicaidMeans-Tested Public Coverage by Sex by Age/ACSDT1Y2021.B27007-Table-Notes.txt,txt,6.55,data/raw/misc/dataset_archive/B27007MedicaidMeans-Tested Public Coverage by Sex by Age,demographics,raw_source,,,,,,,documentation or metadata text file
ACSDT1Y2022.B27007-Column-Metadata.csv,data/raw/misc/dataset_archive/B27007MedicaidMeans-Tested Public Coverage by Sex by Age/ACSDT1Y2022.B27007-Column-Metadata.csv,csv,9.84,data/raw/misc/dataset_archive/B27007MedicaidMeans-Tested Public Coverage by Sex by Age,demographics,raw_source,115,2,GEO_ID; Geography,,,,csv encoding=utf-8-sig
ACSDT1Y2022.B27007-Data.csv,data/raw/misc/dataset_archive/B27007MedicaidMeans-Tested Public Coverage by Sex by Age/ACSDT1Y2022.B27007-Data.csv,csv,10.59,data/raw/misc/dataset_archive/B27007MedicaidMeans-Tested Public Coverage by Sex by Age,demographics,raw_source,1,117,Geography; Geographic Area Name; Estimate!!Total:; Margin of Error!!Total:; Estimate!!Total:!!Male:; Margin of Error!!Total:!!Male:; Estimate!!Total:!!Male:!!Under 6 years:; Margin of Error!!Total:!!Male:!!Under 6 years:; Estimate!!Total:!!Male:!!Under 6 years:!!With Medicaid/means-tested public coverage; Margin of Error!!Total:!!Male:!!Under 6 years:!!With Medicaid/means-tested public coverage; Estimate!!Total:!!Male:!!Under 6 years:!!No Medicaid/means-tested public coverage; Margin of Error!!Total:!!Male:!!Under 6 years:!!No Medicaid/means-tested public coverage; Estimate!!Total:!!Male:!!6 to 18 years:; Margin of Error!!Total:!!Male:!!6 to 18 years:; Estimate!!Total:!!Male:!!6 to 18 years:!!With Medicaid/means-tested public coverage; Margin of Error!!Total:!!Male:!!6 to 18 years:!!With Medicaid/means-tested public coverage; Estimate!!Total:!!Male:!!6 to 18 years:!!No Medicaid/means-tested public coverage; Margin of Error!!Total:!!Male:!!6 to 18 years:!!No Medicaid/means-tested public coverage; Estimate!!Total:!!Male:!!19 to 25 years:; Margin of Error!!Total:!!Male:!!19 to 25 years:; Estimate!!Total:!!Male:!!19 to 25 years:!!With Medicaid/means-tested public coverage; Margin of Error!!Total:!!Male:!!19 to 25 years:!!With Medicaid/means-tested public coverage; Estimate!!Total:!!Male:!!19 to 25 years:!!No Medicaid/means-tested public coverage; Margin of Error!!Total:!!Male:!!19 to 25 years:!!No Medicaid/means-tested public coverage; Estimate!!Total:!!Male:!!26 to 34 years:; ...,,,,csv encoding=utf-8-sig
ACSDT1Y2022.B27007-Table-Notes.txt,data/raw/misc/dataset_archive/B27007MedicaidMeans-Tested Public Coverage by Sex by Age/ACSDT1Y2022.B27007-Table-Notes.txt,txt,6.86,data/raw/misc/dataset_archive/B27007MedicaidMeans-Tested Public Coverage by Sex by Age,demographics,raw_source,,,,,,,documentation or metadata text file
ACSDT1Y2023.B27007-Column-Metadata.csv,data/raw/misc/dataset_archive/B27007MedicaidMeans-Tested Public Coverage by Sex by Age/ACSDT1Y2023.B27007-Column-Metadata.csv,csv,9.84,data/raw/misc/dataset_archive/B27007MedicaidMeans-Tested Public Coverage by Sex by Age,demographics,raw_source,115,2,GEO_ID; Geography,,,,csv encoding=utf-8-sig
ACSDT1Y2023.B27007-Data.csv,data/raw/misc/dataset_archive/B27007MedicaidMeans-Tested Public Coverage by Sex by Age/ACSDT1Y2023.B27007-Data.csv,csv,10.59,data/raw/misc/dataset_archive/B27007MedicaidMeans-Tested Public Coverage by Sex by Age,demographics,raw_source,1,117,Geography; Geographic Area Name; Estimate!!Total:; Margin of Error!!Total:; Estimate!!Total:!!Male:; Margin of Error!!Total:!!Male:; Estimate!!Total:!!Male:!!Under 6 years:; Margin of Error!!Total:!!Male:!!Under 6 years:; Estimate!!Total:!!Male:!!Under 6 years:!!With Medicaid/means-tested public coverage; Margin of Error!!Total:!!Male:!!Under 6 years:!!With Medicaid/means-tested public coverage; Estimate!!Total:!!Male:!!Under 6 years:!!No Medicaid/means-tested public coverage; Margin of Error!!Total:!!Male:!!Under 6 years:!!No Medicaid/means-tested public coverage; Estimate!!Total:!!Male:!!6 to 18 years:; Margin of Error!!Total:!!Male:!!6 to 18 years:; Estimate!!Total:!!Male:!!6 to 18 years:!!With Medicaid/means-tested public coverage; Margin of Error!!Total:!!Male:!!6 to 18 years:!!With Medicaid/means-tested public coverage; Estimate!!Total:!!Male:!!6 to 18 years:!!No Medicaid/means-tested public coverage; Margin of Error!!Total:!!Male:!!6 to 18 years:!!No Medicaid/means-tested public coverage; Estimate!!Total:!!Male:!!19 to 25 years:; Margin of Error!!Total:!!Male:!!19 to 25 years:; Estimate!!Total:!!Male:!!19 to 25 years:!!With Medicaid/means-tested public coverage; Margin of Error!!Total:!!Male:!!19 to 25 years:!!With Medicaid/means-tested public coverage; Estimate!!Total:!!Male:!!19 to 25 years:!!No Medicaid/means-tested public coverage; Margin of Error!!Total:!!Male:!!19 to 25 years:!!No Medicaid/means-tested public coverage; Estimate!!Total:!!Male:!!26 to 34 years:; ...,,,,csv encoding=utf-8-sig
ACSDT1Y2023.B27007-Table-Notes.txt,data/raw/misc/dataset_archive/B27007MedicaidMeans-Tested Public Coverage by Sex by Age/ACSDT1Y2023.B27007-Table-Notes.txt,txt,6.88,data/raw/misc/dataset_archive/B27007MedicaidMeans-Tested Public Coverage by Sex by Age,demographics,raw_source,,,,,,,documentation or metadata text file
Child care cost-to-income ratio.xlsx,data/raw/misc/dataset_archive/Child care cost-to-income ratio.xlsx,xlsx,9.21,data/raw/misc/dataset_archive,economy,raw_source,,,,Kidscount Export,,data/raw/social_services/reference_repo/Child care cost-to-income ratio.xlsx,xlsx columns unavailable (openpyxl not installed); sheet names read via zip/xml
Children in Poverty.csv,data/raw/misc/dataset_archive/Children in Poverty.csv,csv,1.16,data/raw/misc/dataset_archive,demographics,raw_source,11,6,County ID; County; Year; Children In Poverty; Children In Poverty CI High; Children In Poverty CI Low,,,,csv encoding=utf-8-sig
Children in foster care at some point.xlsx,data/raw/misc/dataset_archive/Children in foster care at some point.xlsx,xlsx,22.76,data/raw/misc/dataset_archive,social_services,raw_source,,,,Kidscount Export,,data/raw/social_services/reference_repo/Children in foster care at some point.xlsx,xlsx columns unavailable (openpyxl not installed); sheet names read via zip/xml
Children in need of services (CHINS) active cases.xlsx,data/raw/misc/dataset_archive/Children in need of services (CHINS) active cases.xlsx,xlsx,9.52,data/raw/misc/dataset_archive,social_services,raw_source,,,,Kidscount Export,,,xlsx columns unavailable (openpyxl not installed); sheet names read via zip/xml
Clinical Care.csv,data/raw/misc/dataset_archive/Clinical Care.csv,csv,1.17,data/raw/misc/dataset_archive,economy,raw_source,11,6,County ID; County; Year; Uninsured Children; Uninsured Children CI High; Uninsured Children CI Low,,,,csv encoding=utf-8-sig
Homeless or housing unstable students.xlsx,data/raw/misc/dataset_archive/Homeless or housing unstable students.xlsx,xlsx,113.93,data/raw/misc/dataset_archive,housing,raw_source,,,,Kidscount Export,,data/raw/education/reference_repo/Homeless or housing unstable students.xlsx,xlsx columns unavailable (openpyxl not installed); sheet names read via zip/xml
Juvenile case filings by type.xlsx,data/raw/misc/dataset_archive/Juvenile case filings by type.xlsx,xlsx,206.54,data/raw/misc/dataset_archive,social_services,raw_source,,,,Kidscount Export,,data/raw/social_services/reference_repo/Juvenile case filings by type.xlsx,xlsx columns unavailable (openpyxl not installed); sheet names read via zip/xml
Juvenile releases.xlsx,data/raw/misc/dataset_archive/Juvenile releases.xlsx,xlsx,12.18,data/raw/misc/dataset_archive,social_services,raw_source,,,,Kidscount Export,,data/raw/social_services/reference_repo/Juvenile releases.xlsx,xlsx columns unavailable (openpyxl not installed); sheet names read via zip/xml
Mental-Health-Provider-Ratio.xlsx,data/raw/misc/dataset_archive/Mental-Health-Provider-Ratio.xlsx,xlsx,18.85,data/raw/misc/dataset_archive,health,raw_source,,,,Table Overview; 2022,,,xlsx columns unavailable (openpyxl not installed); sheet names read via zip/xml
Monthly average number of families receiving TANF.xlsx,data/raw/misc/dataset_archive/Monthly average number of families receiving TANF.xlsx,xlsx,54.97,data/raw/misc/dataset_archive,social_services,raw_source,,,,Kidscount Export,,data/raw/social_services/reference_repo/Monthly average number of families receiving TANF.xlsx,xlsx columns unavailable (openpyxl not installed); sheet names read via zip/xml
Monthly average number of persons issued food stamps (SNAP).xlsx,data/raw/misc/dataset_archive/Monthly average number of persons issued food stamps (SNAP).xlsx,xlsx,81.95,data/raw/misc/dataset_archive,social_services,raw_source,,,,Kidscount Export,,data/raw/social_services/reference_repo/Monthly average number of persons issued food stamps (SNAP).xlsx,xlsx columns unavailable (openpyxl not installed); sheet names read via zip/xml
Public school students receiving free or reduced price lunches.xlsx,data/raw/misc/dataset_archive/Public school students receiving free or reduced price lunches.xlsx,xlsx,1064.58,data/raw/misc/dataset_archive,education,raw_source,,,,Kidscount Export,,data/raw/education/reference_repo/Public school students receiving free or reduced price lunches.xlsx,xlsx columns unavailable (openpyxl not installed); sheet names read via zip/xml
ACSST5Y2010.S1401-Column-Metadata.csv,data/raw/misc/dataset_archive/S1401School Enrollment/ACSST5Y2010.S1401-Column-Metadata.csv,csv,20.9,data/raw/misc/dataset_archive/S1401School Enrollment,demographics,raw_source,187,2,GEO_ID; Geography,,,data/raw/misc/dataset_archive/S1702Poverty Status in the Past 12 Months of Families/ACSST5Y2010.S1401-Column-Metadata.csv,csv encoding=utf-8-sig
ACSST5Y2010.S1401-Data.csv,data/raw/misc/dataset_archive/S1401School Enrollment/ACSST5Y2010.S1401-Data.csv,csv,63.49,data/raw/misc/dataset_archive/S1401School Enrollment,demographics,raw_source,32,189,"Geography; Geographic Area Name; Total!!Estimate!!Population 3 years and over enrolled in school; Total!!Margin of Error!!Population 3 years and over enrolled in school; Percent of enrolled population!!In public school!!Estimate!!Population 3 years and over enrolled in school; Percent of enrolled population!!In public school!!Margin of Error!!Population 3 years and over enrolled in school; Percent of enrolled population!!In private school!!Estimate!!Population 3 years and over enrolled in school; Percent of enrolled population!!In private school!!Margin of Error!!Population 3 years and over enrolled in school; Total!!Estimate!!Nursery school, preschool; Total!!Margin of Error!!Nursery school, preschool; Percent of enrolled population!!In public school!!Estimate!!Nursery school, preschool; Percent of enrolled population!!In public school!!Margin of Error!!Nursery school, preschool; Percent of enrolled population!!In private school!!Estimate!!Nursery school, preschool; Percent of enrolled population!!In private school!!Margin of Error!!Nursery school, preschool; Total!!Estimate!!Kindergarten to 12th grade; Total!!Margin of Error!!Kindergarten to 12th grade; Percent of enrolled population!!In public school!!Estimate!!Kindergarten to 12th grade; Percent of enrolled population!!In public school!!Margin of Error!!Kindergarten to 12th grade; Percent of enrolled population!!In private school!!Estimate!!Kindergarten to 12th grade; Percent of enrolled population!!In private school!!Margin of Error!!Kindergarten to 12th grade; Total!!Estimate!!Kindergarten to 12th grade!!Kindergarten; Total!!Margin of Error!!Kindergarten to 12th grade!!Kindergarten; Percent of enrolled population!!In public school!!Estimate!!Kindergarten to 12th grade!!Kindergarten; Percent of enrolled population!!In public school!!Margin of Error!!Kindergarten to 12th grade!!Kindergarten; Percent of enrolled population!!In private school!!Estimate!!Kindergarten to 12th grade!!Kindergarten; ...",,,data/raw/misc/dataset_archive/S1702Poverty Status in the Past 12 Months of Families/ACSST5Y2010.S1401-Data.csv,csv encoding=utf-8-sig
ACSST5Y2010.S1401-Table-Notes.txt,data/raw/misc/dataset_archive/S1401School Enrollment/ACSST5Y2010.S1401-Table-Notes.txt,txt,5.24,data/raw/misc/dataset_archive/S1401School Enrollment,demographics,raw_source,,,,,,data/raw/misc/dataset_archive/S1702Poverty Status in the Past 12 Months of Families/ACSST5Y2010.S1401-Table-Notes.txt,documentation or metadata text file
ACSST5Y2011.S1401-Column-Metadata.csv,data/raw/misc/dataset_archive/S1401School Enrollment/ACSST5Y2011.S1401-Column-Metadata.csv,csv,20.9,data/raw/misc/dataset_archive/S1401School Enrollment,demographics,raw_source,187,2,GEO_ID; Geography,,,data/raw/misc/dataset_archive/S1702Poverty Status in the Past 12 Months of Families/ACSST5Y2011.S1401-Column-Metadata.csv,csv encoding=utf-8-sig
ACSST5Y2011.S1401-Data.csv,data/raw/misc/dataset_archive/S1401School Enrollment/ACSST5Y2011.S1401-Data.csv,csv,60.36,data/raw/misc/dataset_archive/S1401School Enrollment,demographics,raw_source,32,189,"Geography; Geographic Area Name; Total!!Estimate!!Population 3 years and over enrolled in school; Total!!Margin of Error!!Population 3 years and over enrolled in school; Percent of enrolled population!!In public school!!Estimate!!Population 3 years and over enrolled in school; Percent of enrolled population!!In public school!!Margin of Error!!Population 3 years and over enrolled in school; Percent of enrolled population!!In private school!!Estimate!!Population 3 years and over enrolled in school; Percent of enrolled population!!In private school!!Margin of Error!!Population 3 years and over enrolled in school; Total!!Estimate!!Nursery school, preschool; Total!!Margin of Error!!Nursery school, preschool; Percent of enrolled population!!In public school!!Estimate!!Nursery school, preschool; Percent of enrolled population!!In public school!!Margin of Error!!Nursery school, preschool; Percent of enrolled population!!In private school!!Estimate!!Nursery school, preschool; Percent of enrolled population!!In private school!!Margin of Error!!Nursery school, preschool; Total!!Estimate!!Kindergarten to 12th grade; Total!!Margin of Error!!Kindergarten to 12th grade; Percent of enrolled population!!In public school!!Estimate!!Kindergarten to 12th grade; Percent of enrolled population!!In public school!!Margin of Error!!Kindergarten to 12th grade; Percent of enrolled population!!In private school!!Estimate!!Kindergarten to 12th grade; Percent of enrolled population!!In private school!!Margin of Error!!Kindergarten to 12th grade; Total!!Estimate!!Kindergarten to 12th grade!!Kindergarten; Total!!Margin of Error!!Kindergarten to 12th grade!!Kindergarten; Percent of enrolled population!!In public school!!Estimate!!Kindergarten to 12th grade!!Kindergarten; Percent of enrolled population!!In public school!!Margin of Error!!Kindergarten to 12th grade!!Kindergarten; Percent of enrolled population!!In private school!!Estimate!!Kindergarten to 12th grade!!Kindergarten; ...",,,,csv encoding=utf-8-sig
ACSST5Y2011.S1401-Table-Notes.txt,data/raw/misc/dataset_archive/S1401School Enrollment/ACSST5Y2011.S1401-Table-Notes.txt,txt,5.01,data/raw/misc/dataset_archive/S1401School Enrollment,demographics,raw_source,,,,,,,documentation or metadata text file
ACSST5Y2012.S1401-Column-Metadata.csv,data/raw/misc/dataset_archive/S1401School Enrollment/ACSST5Y2012.S1401-Column-Metadata.csv,csv,20.9,data/raw/misc/dataset_archive/S1401School Enrollment,demographics,raw_source,187,2,GEO_ID; Geography,,,,csv encoding=utf-8-sig
ACSST5Y2012.S1401-Data.csv,data/raw/misc/dataset_archive/S1401School Enrollment/ACSST5Y2012.S1401-Data.csv,csv,60.32,data/raw/misc/dataset_archive/S1401School Enrollment,demographics,raw_source,32,189,"Geography; Geographic Area Name; Total!!Estimate!!Population 3 years and over enrolled in school; Total!!Margin of Error!!Population 3 years and over enrolled in school; Percent of enrolled population!!In public school!!Estimate!!Population 3 years and over enrolled in school; Percent of enrolled population!!In public school!!Margin of Error!!Population 3 years and over enrolled in school; Percent of enrolled population!!In private school!!Estimate!!Population 3 years and over enrolled in school; Percent of enrolled population!!In private school!!Margin of Error!!Population 3 years and over enrolled in school; Total!!Estimate!!Nursery school, preschool; Total!!Margin of Error!!Nursery school, preschool; Percent of enrolled population!!In public school!!Estimate!!Nursery school, preschool; Percent of enrolled population!!In public school!!Margin of Error!!Nursery school, preschool; Percent of enrolled population!!In private school!!Estimate!!Nursery school, preschool; Percent of enrolled population!!In private school!!Margin of Error!!Nursery school, preschool; Total!!Estimate!!Kindergarten to 12th grade; Total!!Margin of Error!!Kindergarten to 12th grade; Percent of enrolled population!!In public school!!Estimate!!Kindergarten to 12th grade; Percent of enrolled population!!In public school!!Margin of Error!!Kindergarten to 12th grade; Percent of enrolled population!!In private school!!Estimate!!Kindergarten to 12th grade; Percent of enrolled population!!In private school!!Margin of Error!!Kindergarten to 12th grade; Total!!Estimate!!Kindergarten to 12th grade!!Kindergarten; Total!!Margin of Error!!Kindergarten to 12th grade!!Kindergarten; Percent of enrolled population!!In public school!!Estimate!!Kindergarten to 12th grade!!Kindergarten; Percent of enrolled population!!In public school!!Margin of Error!!Kindergarten to 12th grade!!Kindergarten; Percent of enrolled population!!In private school!!Estimate!!Kindergarten to 12th grade!!Kindergarten; ...",,,,csv encoding=utf-8-sig
ACSST5Y2012.S1401-Table-Notes.txt,data/raw/misc/dataset_archive/S1401School Enrollment/ACSST5Y2012.S1401-Table-Notes.txt,txt,5.01,data/raw/misc/dataset_archive/S1401School Enrollment,demographics,raw_source,,,,,,,documentation or metadata text file
ACSST5Y2013.S1401-Column-Metadata.csv,data/raw/misc/dataset_archive/S1401School Enrollment/ACSST5Y2013.S1401-Column-Metadata.csv,csv,20.22,data/raw/misc/dataset_archive/S1401School Enrollment,demographics,raw_source,187,2,GEO_ID; Geography,,,,csv encoding=utf-8-sig
ACSST5Y2013.S1401-Data.csv,data/raw/misc/dataset_archive/S1401School Enrollment/ACSST5Y2013.S1401-Data.csv,csv,59.66,data/raw/misc/dataset_archive/S1401School Enrollment,demographics,raw_source,32,189,"Geography; Geographic Area Name; Total!!Estimate!!Population 3 years and over enrolled in school; Total!!Margin of Error!!Population 3 years and over enrolled in school; Percent of enrolled population!!In public school!!Estimate!!Population 3 years and over enrolled in school; Percent of enrolled population!!In public school!!Margin of Error!!Population 3 years and over enrolled in school; Percent of enrolled population!!In private school!!Estimate!!Population 3 years and over enrolled in school; Percent of enrolled population!!In private school!!Margin of Error!!Population 3 years and over enrolled in school; Total!!Estimate!!Nursery school, preschool; Total!!Margin of Error!!Nursery school, preschool; Percent of enrolled population!!In public school!!Estimate!!Nursery school, preschool; Percent of enrolled population!!In public school!!Margin of Error!!Nursery school, preschool; Percent of enrolled population!!In private school!!Estimate!!Nursery school, preschool; Percent of enrolled population!!In private school!!Margin of Error!!Nursery school, preschool; Total!!Estimate!!Kindergarten to 12th grade; Total!!Margin of Error!!Kindergarten to 12th grade; Percent of enrolled population!!In public school!!Estimate!!Kindergarten to 12th grade; Percent of enrolled population!!In public school!!Margin of Error!!Kindergarten to 12th grade; Percent of enrolled population!!In private school!!Estimate!!Kindergarten to 12th grade; Percent of enrolled population!!In private school!!Margin of Error!!Kindergarten to 12th grade; Total!!Estimate!!Kindergarten; Total!!Margin of Error!!Kindergarten; Percent of enrolled population!!In public school!!Estimate!!Kindergarten; Percent of enrolled population!!In public school!!Margin of Error!!Kindergarten; Percent of enrolled population!!In private school!!Estimate!!Kindergarten; ...",,,,csv encoding=utf-8-sig
ACSST5Y2013.S1401-Table-Notes.txt,data/raw/misc/dataset_archive/S1401School Enrollment/ACSST5Y2013.S1401-Table-Notes.txt,txt,4.95,data/raw/misc/dataset_archive/S1401School Enrollment,demographics,raw_source,,,,,,,documentation or metadata text file
ACSST5Y2014.S1401-Column-Metadata.csv,data/raw/misc/dataset_archive/S1401School Enrollment/ACSST5Y2014.S1401-Column-Metadata.csv,csv,20.22,data/raw/misc/dataset_archive/S1401School Enrollment,demographics,raw_source,187,2,GEO_ID; Geography,,,,csv encoding=utf-8-sig
ACSST5Y2014.S1401-Data.csv,data/raw/misc/dataset_archive/S1401School Enrollment/ACSST5Y2014.S1401-Data.csv,csv,59.61,data/raw/misc/dataset_archive/S1401School Enrollment,demographics,raw_source,32,189,"Geography; Geographic Area Name; Total!!Estimate!!Population 3 years and over enrolled in school; Total!!Margin of Error!!Population 3 years and over enrolled in school; Percent of enrolled population!!In public school!!Estimate!!Population 3 years and over enrolled in school; Percent of enrolled population!!In public school!!Margin of Error!!Population 3 years and over enrolled in school; Percent of enrolled population!!In private school!!Estimate!!Population 3 years and over enrolled in school; Percent of enrolled population!!In private school!!Margin of Error!!Population 3 years and over enrolled in school; Total!!Estimate!!Nursery school, preschool; Total!!Margin of Error!!Nursery school, preschool; Percent of enrolled population!!In public school!!Estimate!!Nursery school, preschool; Percent of enrolled population!!In public school!!Margin of Error!!Nursery school, preschool; Percent of enrolled population!!In private school!!Estimate!!Nursery school, preschool; Percent of enrolled population!!In private school!!Margin of Error!!Nursery school, preschool; Total!!Estimate!!Kindergarten to 12th grade; Total!!Margin of Error!!Kindergarten to 12th grade; Percent of enrolled population!!In public school!!Estimate!!Kindergarten to 12th grade; Percent of enrolled population!!In public school!!Margin of Error!!Kindergarten to 12th grade; Percent of enrolled population!!In private school!!Estimate!!Kindergarten to 12th grade; Percent of enrolled population!!In private school!!Margin of Error!!Kindergarten to 12th grade; Total!!Estimate!!Kindergarten; Total!!Margin of Error!!Kindergarten; Percent of enrolled population!!In public school!!Estimate!!Kindergarten; Percent of enrolled population!!In public school!!Margin of Error!!Kindergarten; Percent of enrolled population!!In private school!!Estimate!!Kindergarten; ...",,,data/raw/misc/dataset_archive/S1702Poverty Status in the Past 12 Months of Families/ACSST5Y2014.S1401-Data.csv,csv encoding=utf-8-sig
ACSST5Y2014.S1401-Table-Notes.txt,data/raw/misc/dataset_archive/S1401School Enrollment/ACSST5Y2014.S1401-Table-Notes.txt,txt,4.97,data/raw/misc/dataset_archive/S1401School Enrollment,demographics,raw_source,,,,,,data/raw/misc/dataset_archive/S1702Poverty Status in the Past 12 Months of Families/ACSST5Y2014.S1401-Table-Notes.txt,documentation or metadata text file
ACSST5Y2015.S1401-Column-Metadata.csv,data/raw/misc/dataset_archive/S1401School Enrollment/ACSST5Y2015.S1401-Column-Metadata.csv,csv,37.34,data/raw/misc/dataset_archive/S1401School Enrollment,demographics,raw_source,409,2,GEO_ID; Geography,,,data/raw/misc/dataset_archive/S1702Poverty Status in the Past 12 Months of Families/ACSST5Y2015.S1401-Column-Metadata.csv,csv encoding=utf-8-sig
ACSST5Y2015.S1401-Data.csv,data/raw/misc/dataset_archive/S1401School Enrollment/ACSST5Y2015.S1401-Data.csv,csv,115.85,data/raw/misc/dataset_archive/S1401School Enrollment,demographics,raw_source,32,411,"Geography; Geographic Area Name; Total!!Estimate!!Population 3 years and over enrolled in school; Total!!Margin of Error!!Population 3 years and over enrolled in school; Percent!!Estimate!!Population 3 years and over enrolled in school; Percent!!Margin of Error!!Population 3 years and over enrolled in school; In public school!!Estimate!!Population 3 years and over enrolled in school; In public school!!Margin of Error!!Population 3 years and over enrolled in school; Percent in public school!!Estimate!!Population 3 years and over enrolled in school; Percent in public school!!Margin of Error!!Population 3 years and over enrolled in school; In private school!!Estimate!!Population 3 years and over enrolled in school; In private school!!Margin of Error!!Population 3 years and over enrolled in school; Percent in private school!!Estimate!!Population 3 years and over enrolled in school; Percent in private school!!Margin of Error!!Population 3 years and over enrolled in school; Total!!Estimate!!Nursery school, preschool; Total!!Margin of Error!!Nursery school, preschool; Percent!!Estimate!!Nursery school, preschool; Percent!!Margin of Error!!Nursery school, preschool; In public school!!Estimate!!Nursery school, preschool; In public school!!Margin of Error!!Nursery school, preschool; Percent in public school!!Estimate!!Nursery school, preschool; Percent in public school!!Margin of Error!!Nursery school, preschool; In private school!!Estimate!!Nursery school, preschool; In private school!!Margin of Error!!Nursery school, preschool; Percent in private school!!Estimate!!Nursery school, preschool; ...",,,data/raw/misc/dataset_archive/S1702Poverty Status in the Past 12 Months of Families/ACSST5Y2015.S1401-Data.csv,csv encoding=utf-8-sig
ACSST5Y2015.S1401-Table-Notes.txt,data/raw/misc/dataset_archive/S1401School Enrollment/ACSST5Y2015.S1401-Table-Notes.txt,txt,5.18,data/raw/misc/dataset_archive/S1401School Enrollment,demographics,raw_source,,,,,,data/raw/misc/dataset_archive/S1702Poverty Status in the Past 12 Months of Families/ACSST5Y2015.S1401-Table-Notes.txt,documentation or metadata text file
ACSST5Y2016.S1401-Column-Metadata.csv,data/raw/misc/dataset_archive/S1401School Enrollment/ACSST5Y2016.S1401-Column-Metadata.csv,csv,37.34,data/raw/misc/dataset_archive/S1401School Enrollment,demographics,raw_source,409,2,GEO_ID; Geography,,,data/raw/misc/dataset_archive/S1702Poverty Status in the Past 12 Months of Families/ACSST5Y2016.S1401-Column-Metadata.csv,csv encoding=utf-8-sig
ACSST5Y2016.S1401-Data.csv,data/raw/misc/dataset_archive/S1401School Enrollment/ACSST5Y2016.S1401-Data.csv,csv,115.76,data/raw/misc/dataset_archive/S1401School Enrollment,demographics,raw_source,32,411,"Geography; Geographic Area Name; Total!!Estimate!!Population 3 years and over enrolled in school; Total!!Margin of Error!!Population 3 years and over enrolled in school; Percent!!Estimate!!Population 3 years and over enrolled in school; Percent!!Margin of Error!!Population 3 years and over enrolled in school; In public school!!Estimate!!Population 3 years and over enrolled in school; In public school!!Margin of Error!!Population 3 years and over enrolled in school; Percent in public school!!Estimate!!Population 3 years and over enrolled in school; Percent in public school!!Margin of Error!!Population 3 years and over enrolled in school; In private school!!Estimate!!Population 3 years and over enrolled in school; In private school!!Margin of Error!!Population 3 years and over enrolled in school; Percent in private school!!Estimate!!Population 3 years and over enrolled in school; Percent in private school!!Margin of Error!!Population 3 years and over enrolled in school; Total!!Estimate!!Nursery school, preschool; Total!!Margin of Error!!Nursery school, preschool; Percent!!Estimate!!Nursery school, preschool; Percent!!Margin of Error!!Nursery school, preschool; In public school!!Estimate!!Nursery school, preschool; In public school!!Margin of Error!!Nursery school, preschool; Percent in public school!!Estimate!!Nursery school, preschool; Percent in public school!!Margin of Error!!Nursery school, preschool; In private school!!Estimate!!Nursery school, preschool; In private school!!Margin of Error!!Nursery school, preschool; Percent in private school!!Estimate!!Nursery school, preschool; ...",,,data/raw/misc/dataset_archive/S1702Poverty Status in the Past 12 Months of Families/ACSST5Y2016.S1401-Data.csv,csv encoding=utf-8-sig
ACSST5Y2016.S1401-Table-Notes.txt,data/raw/misc/dataset_archive/S1401School Enrollment/ACSST5Y2016.S1401-Table-Notes.txt,txt,5.17,data/raw/misc/dataset_archive/S1401School Enrollment,demographics,raw_source,,,,,,data/raw/misc/dataset_archive/S1702Poverty Status in the Past 12 Months of Families/ACSST5Y2016.S1401-Table-Notes.txt,documentation or metadata text file
ACSST5Y2017.S1401-Column-Metadata.csv,data/raw/misc/dataset_archive/S1401School Enrollment/ACSST5Y2017.S1401-Column-Metadata.csv,csv,52.17,data/raw/misc/dataset_archive/S1401School Enrollment,demographics,raw_source,409,2,GEO_ID; Geography,,,data/raw/misc/dataset_archive/S1702Poverty Status in the Past 12 Months of Families/ACSST5Y2017.S1401-Column-Metadata.csv,csv encoding=utf-8-sig
ACSST5Y2017.S1401-Data.csv,data/raw/misc/dataset_archive/S1401School Enrollment/ACSST5Y2017.S1401-Data.csv,csv,130.56,data/raw/misc/dataset_archive/S1401School Enrollment,demographics,raw_source,32,411,"Geography; Geographic Area Name; Estimate!!Total!!Population 3 years and over enrolled in school; Margin of Error!!Total MOE!!Population 3 years and over enrolled in school; Estimate!!Total!!Population 3 years and over enrolled in school!!Nursery school, preschool; Margin of Error!!Total MOE!!Population 3 years and over enrolled in school!!Nursery school, preschool; Estimate!!Total!!Population 3 years and over enrolled in school!!Kindergarten to 12th grade; Margin of Error!!Total MOE!!Population 3 years and over enrolled in school!!Kindergarten to 12th grade; Estimate!!Total!!Population 3 years and over enrolled in school!!Kindergarten; Margin of Error!!Total MOE!!Population 3 years and over enrolled in school!!Kindergarten; Estimate!!Total!!Population 3 years and over enrolled in school!!Elementary grade 1 to grade 4; Margin of Error!!Total MOE!!Population 3 years and over enrolled in school!!Elementary grade 1 to grade 4; Estimate!!Total!!Population 3 years and over enrolled in school!!Elementary grade 5 to grade 8; Margin of Error!!Total MOE!!Population 3 years and over enrolled in school!!Elementary grade 5 to grade 8; Estimate!!Total!!Population 3 years and over enrolled in school!!High school grade 9 to grade 12; Margin of Error!!Total MOE!!Population 3 years and over enrolled in school!!High school grade 9 to grade 12; Estimate!!Total!!Population 3 years and over enrolled in school!!College, undergraduate; Margin of Error!!Total MOE!!Population 3 years and over enrolled in school!!College, undergraduate; Estimate!!Total!!Population 3 years and over enrolled in school!!Graduate, professional school; Margin of Error!!Total MOE!!Population 3 years and over enrolled in school!!Graduate, professional school; Estimate!!Total!!Population enrolled in college or graduate school; Margin of Error!!Total MOE!!Population enrolled in college or graduate school; Estimate!!Total!!Population enrolled in college or graduate school!!Males enrolled in college or graduate school; Margin of Error!!Total MOE!!Population enrolled in college or graduate school!!Males enrolled in college or graduate school; Estimate!!Total!!Population enrolled in college or graduate school!!Females enrolled in college or graduate school; ...",,,data/raw/misc/dataset_archive/S1702Poverty Status in the Past 12 Months of Families/ACSST5Y2017.S1401-Data.csv,csv encoding=utf-8-sig
ACSST5Y2017.S1401-Table-Notes.txt,data/raw/misc/dataset_archive/S1401School Enrollment/ACSST5Y2017.S1401-Table-Notes.txt,txt,5.23,data/raw/misc/dataset_archive/S1401School Enrollment,demographics,raw_source,,,,,,data/raw/misc/dataset_archive/S1702Poverty Status in the Past 12 Months of Families/ACSST5Y2017.S1401-Table-Notes.txt,documentation or metadata text file
ACSST5Y2018.S1401-Column-Metadata.csv,data/raw/misc/dataset_archive/S1401School Enrollment/ACSST5Y2018.S1401-Column-Metadata.csv,csv,52.17,data/raw/misc/dataset_archive/S1401School Enrollment,demographics,raw_source,409,2,GEO_ID; Geography,,,data/raw/misc/dataset_archive/S1702Poverty Status in the Past 12 Months of Families/ACSST5Y2018.S1401-Column-Metadata.csv,csv encoding=utf-8-sig
ACSST5Y2018.S1401-Data.csv,data/raw/misc/dataset_archive/S1401School Enrollment/ACSST5Y2018.S1401-Data.csv,csv,130.55,data/raw/misc/dataset_archive/S1401School Enrollment,demographics,raw_source,32,411,"Geography; Geographic Area Name; Estimate!!Total!!Population 3 years and over enrolled in school; Margin of Error!!Total MOE!!Population 3 years and over enrolled in school; Estimate!!Total!!Population 3 years and over enrolled in school!!Nursery school, preschool; Margin of Error!!Total MOE!!Population 3 years and over enrolled in school!!Nursery school, preschool; Estimate!!Total!!Population 3 years and over enrolled in school!!Kindergarten to 12th grade; Margin of Error!!Total MOE!!Population 3 years and over enrolled in school!!Kindergarten to 12th grade; Estimate!!Total!!Population 3 years and over enrolled in school!!Kindergarten; Margin of Error!!Total MOE!!Population 3 years and over enrolled in school!!Kindergarten; Estimate!!Total!!Population 3 years and over enrolled in school!!Elementary grade 1 to grade 4; Margin of Error!!Total MOE!!Population 3 years and over enrolled in school!!Elementary grade 1 to grade 4; Estimate!!Total!!Population 3 years and over enrolled in school!!Elementary grade 5 to grade 8; Margin of Error!!Total MOE!!Population 3 years and over enrolled in school!!Elementary grade 5 to grade 8; Estimate!!Total!!Population 3 years and over enrolled in school!!High school grade 9 to grade 12; Margin of Error!!Total MOE!!Population 3 years and over enrolled in school!!High school grade 9 to grade 12; Estimate!!Total!!Population 3 years and over enrolled in school!!College, undergraduate; Margin of Error!!Total MOE!!Population 3 years and over enrolled in school!!College, undergraduate; Estimate!!Total!!Population 3 years and over enrolled in school!!Graduate, professional school; Margin of Error!!Total MOE!!Population 3 years and over enrolled in school!!Graduate, professional school; Estimate!!Total!!Population enrolled in college or graduate school; Margin of Error!!Total MOE!!Population enrolled in college or graduate school; Estimate!!Total!!Population enrolled in college or graduate school!!Males enrolled in college or graduate school; Margin of Error!!Total MOE!!Population enrolled in college or graduate school!!Males enrolled in college or graduate school; Estimate!!Total!!Population enrolled in college or graduate school!!Females enrolled in college or graduate school; ...",,,data/raw/misc/dataset_archive/S1702Poverty Status in the Past 12 Months of Families/ACSST5Y2018.S1401-Data.csv,csv encoding=utf-8-sig
ACSST5Y2018.S1401-Table-Notes.txt,data/raw/misc/dataset_archive/S1401School Enrollment/ACSST5Y2018.S1401-Table-Notes.txt,txt,5.39,data/raw/misc/dataset_archive/S1401School Enrollment,demographics,raw_source,,,,,,data/raw/misc/dataset_archive/S1702Poverty Status in the Past 12 Months of Families/ACSST5Y2018.S1401-Table-Notes.txt,documentation or metadata text file
ACSST5Y2019.S1401-Column-Metadata.csv,data/raw/misc/dataset_archive/S1401School Enrollment/ACSST5Y2019.S1401-Column-Metadata.csv,csv,44.42,data/raw/misc/dataset_archive/S1401School Enrollment,demographics,raw_source,409,2,GEO_ID; Geography,,,data/raw/misc/dataset_archive/S1702Poverty Status in the Past 12 Months of Families/ACSST5Y2019.S1401-Column-Metadata.csv,csv encoding=utf-8-sig
ACSST5Y2019.S1401-Data.csv,data/raw/misc/dataset_archive/S1401School Enrollment/ACSST5Y2019.S1401-Data.csv,csv,122.73,data/raw/misc/dataset_archive/S1401School Enrollment,demographics,raw_source,32,411,"Geography; Geographic Area Name; Estimate!!Total!!Population 3 years and over enrolled in school; Margin of Error!!Total!!Population 3 years and over enrolled in school; Estimate!!Total!!Population 3 years and over enrolled in school!!Nursery school, preschool; Margin of Error!!Total!!Population 3 years and over enrolled in school!!Nursery school, preschool; Estimate!!Total!!Population 3 years and over enrolled in school!!Kindergarten to 12th grade; Margin of Error!!Total!!Population 3 years and over enrolled in school!!Kindergarten to 12th grade; Estimate!!Total!!Population 3 years and over enrolled in school!!Kindergarten to 12th grade!!Kindergarten; Margin of Error!!Total!!Population 3 years and over enrolled in school!!Kindergarten to 12th grade!!Kindergarten; Estimate!!Total!!Population 3 years and over enrolled in school!!Kindergarten to 12th grade!!Elementary: grade 1 to grade 4; Margin of Error!!Total!!Population 3 years and over enrolled in school!!Kindergarten to 12th grade!!Elementary: grade 1 to grade 4; Estimate!!Total!!Population 3 years and over enrolled in school!!Kindergarten to 12th grade!!Elementary: grade 5 to grade 8; Margin of Error!!Total!!Population 3 years and over enrolled in school!!Kindergarten to 12th grade!!Elementary: grade 5 to grade 8; Estimate!!Total!!Population 3 years and over enrolled in school!!Kindergarten to 12th grade!!High school: grade 9 to grade 12; Margin of Error!!Total!!Population 3 years and over enrolled in school!!Kindergarten to 12th grade!!High school: grade 9 to grade 12; Estimate!!Total!!Population 3 years and over enrolled in school!!College, undergraduate; Margin of Error!!Total!!Population 3 years and over enrolled in school!!College, undergraduate; Estimate!!Total!!Population 3 years and over enrolled in school!!Graduate, professional school; Margin of Error!!Total!!Population 3 years and over enrolled in school!!Graduate, professional school; Estimate!!Total!!Population enrolled in college or graduate school; Margin of Error!!Total!!Population enrolled in college or graduate school; Estimate!!Total!!Population enrolled in college or graduate school!!Males enrolled in college or graduate school; Margin of Error!!Total!!Population enrolled in college or graduate school!!Males enrolled in college or graduate school; Estimate!!Total!!Population enrolled in college or graduate school!!Females enrolled in college or graduate school; ...",,,data/raw/misc/dataset_archive/S1702Poverty Status in the Past 12 Months of Families/ACSST5Y2019.S1401-Data.csv,csv encoding=utf-8-sig
ACSST5Y2019.S1401-Table-Notes.txt,data/raw/misc/dataset_archive/S1401School Enrollment/ACSST5Y2019.S1401-Table-Notes.txt,txt,5.03,data/raw/misc/dataset_archive/S1401School Enrollment,demographics,raw_source,,,,,,data/raw/misc/dataset_archive/S1702Poverty Status in the Past 12 Months of Families/ACSST5Y2019.S1401-Table-Notes.txt,documentation or metadata text file
ACSST5Y2020.S1401-Column-Metadata.csv,data/raw/misc/dataset_archive/S1401School Enrollment/ACSST5Y2020.S1401-Column-Metadata.csv,csv,44.42,data/raw/misc/dataset_archive/S1401School Enrollment,demographics,raw_source,409,2,GEO_ID; Geography,,,data/raw/misc/dataset_archive/S1702Poverty Status in the Past 12 Months of Families/ACSST5Y2020.S1401-Column-Metadata.csv,csv encoding=utf-8-sig
ACSST5Y2020.S1401-Data.csv,data/raw/misc/dataset_archive/S1401School Enrollment/ACSST5Y2020.S1401-Data.csv,csv,127.57,data/raw/misc/dataset_archive/S1401School Enrollment,demographics,raw_source,34,411,"Geography; Geographic Area Name; Estimate!!Total!!Population 3 years and over enrolled in school; Margin of Error!!Total!!Population 3 years and over enrolled in school; Estimate!!Total!!Population 3 years and over enrolled in school!!Nursery school, preschool; Margin of Error!!Total!!Population 3 years and over enrolled in school!!Nursery school, preschool; Estimate!!Total!!Population 3 years and over enrolled in school!!Kindergarten to 12th grade; Margin of Error!!Total!!Population 3 years and over enrolled in school!!Kindergarten to 12th grade; Estimate!!Total!!Population 3 years and over enrolled in school!!Kindergarten to 12th grade!!Kindergarten; Margin of Error!!Total!!Population 3 years and over enrolled in school!!Kindergarten to 12th grade!!Kindergarten; Estimate!!Total!!Population 3 years and over enrolled in school!!Kindergarten to 12th grade!!Elementary: grade 1 to grade 4; Margin of Error!!Total!!Population 3 years and over enrolled in school!!Kindergarten to 12th grade!!Elementary: grade 1 to grade 4; Estimate!!Total!!Population 3 years and over enrolled in school!!Kindergarten to 12th grade!!Elementary: grade 5 to grade 8; Margin of Error!!Total!!Population 3 years and over enrolled in school!!Kindergarten to 12th grade!!Elementary: grade 5 to grade 8; Estimate!!Total!!Population 3 years and over enrolled in school!!Kindergarten to 12th grade!!High school: grade 9 to grade 12; Margin of Error!!Total!!Population 3 years and over enrolled in school!!Kindergarten to 12th grade!!High school: grade 9 to grade 12; Estimate!!Total!!Population 3 years and over enrolled in school!!College, undergraduate; Margin of Error!!Total!!Population 3 years and over enrolled in school!!College, undergraduate; Estimate!!Total!!Population 3 years and over enrolled in school!!Graduate, professional school; Margin of Error!!Total!!Population 3 years and over enrolled in school!!Graduate, professional school; Estimate!!Total!!Population enrolled in college or graduate school; Margin of Error!!Total!!Population enrolled in college or graduate school; Estimate!!Total!!Population enrolled in college or graduate school!!Males enrolled in college or graduate school; Margin of Error!!Total!!Population enrolled in college or graduate school!!Males enrolled in college or graduate school; Estimate!!Total!!Population enrolled in college or graduate school!!Females enrolled in college or graduate school; ...",,,data/raw/misc/dataset_archive/S1702Poverty Status in the Past 12 Months of Families/ACSST5Y2020.S1401-Data.csv,csv encoding=utf-8-sig
ACSST5Y2020.S1401-Table-Notes.txt,data/raw/misc/dataset_archive/S1401School Enrollment/ACSST5Y2020.S1401-Table-Notes.txt,txt,5.06,data/raw/misc/dataset_archive/S1401School Enrollment,demographics,raw_source,,,,,,data/raw/misc/dataset_archive/S1702Poverty Status in the Past 12 Months of Families/ACSST5Y2020.S1401-Table-Notes.txt,documentation or metadata text file
ACSST5Y2021.S1401-Column-Metadata.csv,data/raw/misc/dataset_archive/S1401School Enrollment/ACSST5Y2021.S1401-Column-Metadata.csv,csv,44.42,data/raw/misc/dataset_archive/S1401School Enrollment,demographics,raw_source,409,2,GEO_ID; Geography,,,data/raw/misc/dataset_archive/S1702Poverty Status in the Past 12 Months of Families/ACSST5Y2021.S1401-Column-Metadata.csv,csv encoding=utf-8-sig
ACSST5Y2021.S1401-Data.csv,data/raw/misc/dataset_archive/S1401School Enrollment/ACSST5Y2021.S1401-Data.csv,csv,127.52,data/raw/misc/dataset_archive/S1401School Enrollment,demographics,raw_source,34,411,"Geography; Geographic Area Name; Estimate!!Total!!Population 3 years and over enrolled in school; Margin of Error!!Total!!Population 3 years and over enrolled in school; Estimate!!Total!!Population 3 years and over enrolled in school!!Nursery school, preschool; Margin of Error!!Total!!Population 3 years and over enrolled in school!!Nursery school, preschool; Estimate!!Total!!Population 3 years and over enrolled in school!!Kindergarten to 12th grade; Margin of Error!!Total!!Population 3 years and over enrolled in school!!Kindergarten to 12th grade; Estimate!!Total!!Population 3 years and over enrolled in school!!Kindergarten to 12th grade!!Kindergarten; Margin of Error!!Total!!Population 3 years and over enrolled in school!!Kindergarten to 12th grade!!Kindergarten; Estimate!!Total!!Population 3 years and over enrolled in school!!Kindergarten to 12th grade!!Elementary: grade 1 to grade 4; Margin of Error!!Total!!Population 3 years and over enrolled in school!!Kindergarten to 12th grade!!Elementary: grade 1 to grade 4; Estimate!!Total!!Population 3 years and over enrolled in school!!Kindergarten to 12th grade!!Elementary: grade 5 to grade 8; Margin of Error!!Total!!Population 3 years and over enrolled in school!!Kindergarten to 12th grade!!Elementary: grade 5 to grade 8; Estimate!!Total!!Population 3 years and over enrolled in school!!Kindergarten to 12th grade!!High school: grade 9 to grade 12; Margin of Error!!Total!!Population 3 years and over enrolled in school!!Kindergarten to 12th grade!!High school: grade 9 to grade 12; Estimate!!Total!!Population 3 years and over enrolled in school!!College, undergraduate; Margin of Error!!Total!!Population 3 years and over enrolled in school!!College, undergraduate; Estimate!!Total!!Population 3 years and over enrolled in school!!Graduate, professional school; Margin of Error!!Total!!Population 3 years and over enrolled in school!!Graduate, professional school; Estimate!!Total!!Population enrolled in college or graduate school; Margin of Error!!Total!!Population enrolled in college or graduate school; Estimate!!Total!!Population enrolled in college or graduate school!!Males enrolled in college or graduate school; Margin of Error!!Total!!Population enrolled in college or graduate school!!Males enrolled in college or graduate school; Estimate!!Total!!Population enrolled in college or graduate school!!Females enrolled in college or graduate school; ...",,,data/raw/misc/dataset_archive/S1702Poverty Status in the Past 12 Months of Families/ACSST5Y2021.S1401-Data.csv,csv encoding=utf-8-sig
ACSST5Y2021.S1401-Table-Notes.txt,data/raw/misc/dataset_archive/S1401School Enrollment/ACSST5Y2021.S1401-Table-Notes.txt,txt,5.04,data/raw/misc/dataset_archive/S1401School Enrollment,demographics,raw_source,,,,,,data/raw/misc/dataset_archive/S1702Poverty Status in the Past 12 Months of Families/ACSST5Y2021.S1401-Table-Notes.txt,documentation or metadata text file
ACSST5Y2022.S1401-Column-Metadata.csv,data/raw/misc/dataset_archive/S1401School Enrollment/ACSST5Y2022.S1401-Column-Metadata.csv,csv,44.42,data/raw/misc/dataset_archive/S1401School Enrollment,demographics,raw_source,409,2,GEO_ID; Geography,,,data/raw/misc/dataset_archive/S1702Poverty Status in the Past 12 Months of Families/ACSST5Y2022.S1401-Column-Metadata.csv,csv encoding=utf-8-sig
ACSST5Y2022.S1401-Data.csv,data/raw/misc/dataset_archive/S1401School Enrollment/ACSST5Y2022.S1401-Data.csv,csv,127.42,data/raw/misc/dataset_archive/S1401School Enrollment,demographics,raw_source,34,411,"Geography; Geographic Area Name; Estimate!!Total!!Population 3 years and over enrolled in school; Margin of Error!!Total!!Population 3 years and over enrolled in school; Estimate!!Total!!Population 3 years and over enrolled in school!!Nursery school, preschool; Margin of Error!!Total!!Population 3 years and over enrolled in school!!Nursery school, preschool; Estimate!!Total!!Population 3 years and over enrolled in school!!Kindergarten to 12th grade; Margin of Error!!Total!!Population 3 years and over enrolled in school!!Kindergarten to 12th grade; Estimate!!Total!!Population 3 years and over enrolled in school!!Kindergarten to 12th grade!!Kindergarten; Margin of Error!!Total!!Population 3 years and over enrolled in school!!Kindergarten to 12th grade!!Kindergarten; Estimate!!Total!!Population 3 years and over enrolled in school!!Kindergarten to 12th grade!!Elementary: grade 1 to grade 4; Margin of Error!!Total!!Population 3 years and over enrolled in school!!Kindergarten to 12th grade!!Elementary: grade 1 to grade 4; Estimate!!Total!!Population 3 years and over enrolled in school!!Kindergarten to 12th grade!!Elementary: grade 5 to grade 8; Margin of Error!!Total!!Population 3 years and over enrolled in school!!Kindergarten to 12th grade!!Elementary: grade 5 to grade 8; Estimate!!Total!!Population 3 years and over enrolled in school!!Kindergarten to 12th grade!!High school: grade 9 to grade 12; Margin of Error!!Total!!Population 3 years and over enrolled in school!!Kindergarten to 12th grade!!High school: grade 9 to grade 12; Estimate!!Total!!Population 3 years and over enrolled in school!!College, undergraduate; Margin of Error!!Total!!Population 3 years and over enrolled in school!!College, undergraduate; Estimate!!Total!!Population 3 years and over enrolled in school!!Graduate, professional school; Margin of Error!!Total!!Population 3 years and over enrolled in school!!Graduate, professional school; Estimate!!Total!!Population enrolled in college or graduate school; Margin of Error!!Total!!Population enrolled in college or graduate school; Estimate!!Total!!Population enrolled in college or graduate school!!Males enrolled in college or graduate school; Margin of Error!!Total!!Population enrolled in college or graduate school!!Males enrolled in college or graduate school; Estimate!!Total!!Population enrolled in college or graduate school!!Females enrolled in college or graduate school; ...",,,data/raw/misc/dataset_archive/S1702Poverty Status in the Past 12 Months of Families/ACSST5Y2022.S1401-Data.csv,csv encoding=utf-8-sig
ACSST5Y2022.S1401-Table-Notes.txt,data/raw/misc/dataset_archive/S1401School Enrollment/ACSST5Y2022.S1401-Table-Notes.txt,txt,5.35,data/raw/misc/dataset_archive/S1401School Enrollment,demographics,raw_source,,,,,,data/raw/misc/dataset_archive/S1702Poverty Status in the Past 12 Months of Families/ACSST5Y2022.S1401-Table-Notes.txt,documentation or metadata text file
ACSST5Y2023.S1401-Column-Metadata.csv,data/raw/misc/dataset_archive/S1401School Enrollment/ACSST5Y2023.S1401-Column-Metadata.csv,csv,44.42,data/raw/misc/dataset_archive/S1401School Enrollment,demographics,raw_source,409,2,GEO_ID; Geography,,,data/raw/misc/dataset_archive/S1702Poverty Status in the Past 12 Months of Families/ACSST5Y2023.S1401-Column-Metadata.csv,csv encoding=utf-8-sig
ACSST5Y2023.S1401-Data.csv,data/raw/misc/dataset_archive/S1401School Enrollment/ACSST5Y2023.S1401-Data.csv,csv,127.42,data/raw/misc/dataset_archive/S1401School Enrollment,demographics,raw_source,34,411,"Geography; Geographic Area Name; Estimate!!Total!!Population 3 years and over enrolled in school; Margin of Error!!Total!!Population 3 years and over enrolled in school; Estimate!!Total!!Population 3 years and over enrolled in school!!Nursery school, preschool; Margin of Error!!Total!!Population 3 years and over enrolled in school!!Nursery school, preschool; Estimate!!Total!!Population 3 years and over enrolled in school!!Kindergarten to 12th grade; Margin of Error!!Total!!Population 3 years and over enrolled in school!!Kindergarten to 12th grade; Estimate!!Total!!Population 3 years and over enrolled in school!!Kindergarten to 12th grade!!Kindergarten; Margin of Error!!Total!!Population 3 years and over enrolled in school!!Kindergarten to 12th grade!!Kindergarten; Estimate!!Total!!Population 3 years and over enrolled in school!!Kindergarten to 12th grade!!Elementary: grade 1 to grade 4; Margin of Error!!Total!!Population 3 years and over enrolled in school!!Kindergarten to 12th grade!!Elementary: grade 1 to grade 4; Estimate!!Total!!Population 3 years and over enrolled in school!!Kindergarten to 12th grade!!Elementary: grade 5 to grade 8; Margin of Error!!Total!!Population 3 years and over enrolled in school!!Kindergarten to 12th grade!!Elementary: grade 5 to grade 8; Estimate!!Total!!Population 3 years and over enrolled in school!!Kindergarten to 12th grade!!High school: grade 9 to grade 12; Margin of Error!!Total!!Population 3 years and over enrolled in school!!Kindergarten to 12th grade!!High school: grade 9 to grade 12; Estimate!!Total!!Population 3 years and over enrolled in school!!College, undergraduate; Margin of Error!!Total!!Population 3 years and over enrolled in school!!College, undergraduate; Estimate!!Total!!Population 3 years and over enrolled in school!!Graduate, professional school; Margin of Error!!Total!!Population 3 years and over enrolled in school!!Graduate, professional school; Estimate!!Total!!Population enrolled in college or graduate school; Margin of Error!!Total!!Population enrolled in college or graduate school; Estimate!!Total!!Population enrolled in college or graduate school!!Males enrolled in college or graduate school; Margin of Error!!Total!!Population enrolled in college or graduate school!!Males enrolled in college or graduate school; Estimate!!Total!!Population enrolled in college or graduate school!!Females enrolled in college or graduate school; ...",,,data/raw/misc/dataset_archive/S1702Poverty Status in the Past 12 Months of Families/ACSST5Y2023.S1401-Data.csv,csv encoding=utf-8-sig
ACSST5Y2023.S1401-Table-Notes.txt,data/raw/misc/dataset_archive/S1401School Enrollment/ACSST5Y2023.S1401-Table-Notes.txt,txt,5.97,data/raw/misc/dataset_archive/S1401School Enrollment,demographics,raw_source,,,,,,data/raw/misc/dataset_archive/S1702Poverty Status in the Past 12 Months of Families/ACSST5Y2023.S1401-Table-Notes.txt,documentation or metadata text file
ACSST5Y2010.S1501-Column-Metadata.csv,data/raw/misc/dataset_archive/S1501Educational Attainment/ACSST5Y2010.S1501-Column-Metadata.csv,csv,21.28,data/raw/misc/dataset_archive/S1501Educational Attainment,demographics,raw_source,229,2,GEO_ID; Geography,,,,csv encoding=utf-8-sig
ACSST5Y2010.S1501-Data.csv,data/raw/misc/dataset_archive/S1501Educational Attainment/ACSST5Y2010.S1501-Data.csv,csv,70.88,data/raw/misc/dataset_archive/S1501Educational Attainment,demographics,raw_source,32,231,Geography; Geographic Area Name; Total!!Estimate!!Population 18 to 24 years; Total!!Margin of Error!!Population 18 to 24 years; Male!!Estimate!!Population 18 to 24 years; Male!!Margin of Error!!Population 18 to 24 years; Female!!Estimate!!Population 18 to 24 years; Female!!Margin of Error!!Population 18 to 24 years; Total!!Estimate!!Less than high school graduate; Total!!Margin of Error!!Less than high school graduate; Male!!Estimate!!Less than high school graduate; Male!!Margin of Error!!Less than high school graduate; Female!!Estimate!!Less than high school graduate; Female!!Margin of Error!!Less than high school graduate; Total!!Estimate!!High school graduate (includes equivalency); Total!!Margin of Error!!High school graduate (includes equivalency); Male!!Estimate!!High school graduate (includes equivalency); Male!!Margin of Error!!High school graduate (includes equivalency); Female!!Estimate!!High school graduate (includes equivalency); Female!!Margin of Error!!High school graduate (includes equivalency); Total!!Estimate!!Some college or associate's degree; Total!!Margin of Error!!Some college or associate's degree; Male!!Estimate!!Some college or associate's degree; Male!!Margin of Error!!Some college or associate's degree; Female!!Estimate!!Some college or associate's degree; ...,,,,csv encoding=utf-8-sig
ACSST5Y2010.S1501-Table-Notes.txt,data/raw/misc/dataset_archive/S1501Educational Attainment/ACSST5Y2010.S1501-Table-Notes.txt,txt,5.24,data/raw/misc/dataset_archive/S1501Educational Attainment,demographics,raw_source,,,,,,,documentation or metadata text file
ACSST5Y2011.S1501-Column-Metadata.csv,data/raw/misc/dataset_archive/S1501Educational Attainment/ACSST5Y2011.S1501-Column-Metadata.csv,csv,21.28,data/raw/misc/dataset_archive/S1501Educational Attainment,demographics,raw_source,229,2,GEO_ID; Geography,,,,csv encoding=utf-8-sig
ACSST5Y2011.S1501-Data.csv,data/raw/misc/dataset_archive/S1501Educational Attainment/ACSST5Y2011.S1501-Data.csv,csv,70.46,data/raw/misc/dataset_archive/S1501Educational Attainment,demographics,raw_source,32,231,Geography; Geographic Area Name; Total!!Estimate!!Population 18 to 24 years; Total!!Margin of Error!!Population 18 to 24 years; Male!!Estimate!!Population 18 to 24 years; Male!!Margin of Error!!Population 18 to 24 years; Female!!Estimate!!Population 18 to 24 years; Female!!Margin of Error!!Population 18 to 24 years; Total!!Estimate!!Less than high school graduate; Total!!Margin of Error!!Less than high school graduate; Male!!Estimate!!Less than high school graduate; Male!!Margin of Error!!Less than high school graduate; Female!!Estimate!!Less than high school graduate; Female!!Margin of Error!!Less than high school graduate; Total!!Estimate!!High school graduate (includes equivalency); Total!!Margin of Error!!High school graduate (includes equivalency); Male!!Estimate!!High school graduate (includes equivalency); Male!!Margin of Error!!High school graduate (includes equivalency); Female!!Estimate!!High school graduate (includes equivalency); Female!!Margin of Error!!High school graduate (includes equivalency); Total!!Estimate!!Some college or associate's degree; Total!!Margin of Error!!Some college or associate's degree; Male!!Estimate!!Some college or associate's degree; Male!!Margin of Error!!Some college or associate's degree; Female!!Estimate!!Some college or associate's degree; ...,,,,csv encoding=utf-8-sig
ACSST5Y2011.S1501-Table-Notes.txt,data/raw/misc/dataset_archive/S1501Educational Attainment/ACSST5Y2011.S1501-Table-Notes.txt,txt,5.01,data/raw/misc/dataset_archive/S1501Educational Attainment,demographics,raw_source,,,,,,,documentation or metadata text file
ACSST5Y2012.S1501-Column-Metadata.csv,data/raw/misc/dataset_archive/S1501Educational Attainment/ACSST5Y2012.S1501-Column-Metadata.csv,csv,21.28,data/raw/misc/dataset_archive/S1501Educational Attainment,demographics,raw_source,229,2,GEO_ID; Geography,,,,csv encoding=utf-8-sig
ACSST5Y2012.S1501-Data.csv,data/raw/misc/dataset_archive/S1501Educational Attainment/ACSST5Y2012.S1501-Data.csv,csv,70.51,data/raw/misc/dataset_archive/S1501Educational Attainment,demographics,raw_source,32,231,Geography; Geographic Area Name; Total!!Estimate!!Population 18 to 24 years; Total!!Margin of Error!!Population 18 to 24 years; Male!!Estimate!!Population 18 to 24 years; Male!!Margin of Error!!Population 18 to 24 years; Female!!Estimate!!Population 18 to 24 years; Female!!Margin of Error!!Population 18 to 24 years; Total!!Estimate!!Less than high school graduate; Total!!Margin of Error!!Less than high school graduate; Male!!Estimate!!Less than high school graduate; Male!!Margin of Error!!Less than high school graduate; Female!!Estimate!!Less than high school graduate; Female!!Margin of Error!!Less than high school graduate; Total!!Estimate!!High school graduate (includes equivalency); Total!!Margin of Error!!High school graduate (includes equivalency); Male!!Estimate!!High school graduate (includes equivalency); Male!!Margin of Error!!High school graduate (includes equivalency); Female!!Estimate!!High school graduate (includes equivalency); Female!!Margin of Error!!High school graduate (includes equivalency); Total!!Estimate!!Some college or associate's degree; Total!!Margin of Error!!Some college or associate's degree; Male!!Estimate!!Some college or associate's degree; Male!!Margin of Error!!Some college or associate's degree; Female!!Estimate!!Some college or associate's degree; ...,,,,csv encoding=utf-8-sig
ACSST5Y2012.S1501-Table-Notes.txt,data/raw/misc/dataset_archive/S1501Educational Attainment/ACSST5Y2012.S1501-Table-Notes.txt,txt,5.01,data/raw/misc/dataset_archive/S1501Educational Attainment,demographics,raw_source,,,,,,,documentation or metadata text file
ACSST5Y2013.S1501-Column-Metadata.csv,data/raw/misc/dataset_archive/S1501Educational Attainment/ACSST5Y2013.S1501-Column-Metadata.csv,csv,25.1,data/raw/misc/dataset_archive/S1501Educational Attainment,demographics,raw_source,229,2,GEO_ID; Geography,,,,csv encoding=utf-8-sig
ACSST5Y2013.S1501-Data.csv,data/raw/misc/dataset_archive/S1501Educational Attainment/ACSST5Y2013.S1501-Data.csv,csv,74.13,data/raw/misc/dataset_archive/S1501Educational Attainment,demographics,raw_source,32,231,Geography; Geographic Area Name; Total!!Estimate!!Population 18 to 24 years; Total!!Margin of Error!!Population 18 to 24 years; Male!!Estimate!!Population 18 to 24 years; Male!!Margin of Error!!Population 18 to 24 years; Female!!Estimate!!Population 18 to 24 years; Female!!Margin of Error!!Population 18 to 24 years; Total!!Estimate!!Less than high school graduate; Total!!Margin of Error!!Less than high school graduate; Male!!Estimate!!Less than high school graduate; Male!!Margin of Error!!Less than high school graduate; Female!!Estimate!!Less than high school graduate; Female!!Margin of Error!!Less than high school graduate; Total!!Estimate!!High school graduate (includes equivalency); Total!!Margin of Error!!High school graduate (includes equivalency); Male!!Estimate!!High school graduate (includes equivalency); Male!!Margin of Error!!High school graduate (includes equivalency); Female!!Estimate!!High school graduate (includes equivalency); Female!!Margin of Error!!High school graduate (includes equivalency); Total!!Estimate!!Some college or associate's degree; Total!!Margin of Error!!Some college or associate's degree; Male!!Estimate!!Some college or associate's degree; Male!!Margin of Error!!Some college or associate's degree; Female!!Estimate!!Some college or associate's degree; ...,,,,csv encoding=utf-8-sig
ACSST5Y2013.S1501-Table-Notes.txt,data/raw/misc/dataset_archive/S1501Educational Attainment/ACSST5Y2013.S1501-Table-Notes.txt,txt,4.95,data/raw/misc/dataset_archive/S1501Educational Attainment,demographics,raw_source,,,,,,,documentation or metadata text file
ACSST5Y2014.S1501-Column-Metadata.csv,data/raw/misc/dataset_archive/S1501Educational Attainment/ACSST5Y2014.S1501-Column-Metadata.csv,csv,25.1,data/raw/misc/dataset_archive/S1501Educational Attainment,demographics,raw_source,229,2,GEO_ID; Geography,,,,csv encoding=utf-8-sig
ACSST5Y2014.S1501-Data.csv,data/raw/misc/dataset_archive/S1501Educational Attainment/ACSST5Y2014.S1501-Data.csv,csv,74.14,data/raw/misc/dataset_archive/S1501Educational Attainment,demographics,raw_source,32,231,Geography; Geographic Area Name; Total!!Estimate!!Population 18 to 24 years; Total!!Margin of Error!!Population 18 to 24 years; Male!!Estimate!!Population 18 to 24 years; Male!!Margin of Error!!Population 18 to 24 years; Female!!Estimate!!Population 18 to 24 years; Female!!Margin of Error!!Population 18 to 24 years; Total!!Estimate!!Less than high school graduate; Total!!Margin of Error!!Less than high school graduate; Male!!Estimate!!Less than high school graduate; Male!!Margin of Error!!Less than high school graduate; Female!!Estimate!!Less than high school graduate; Female!!Margin of Error!!Less than high school graduate; Total!!Estimate!!High school graduate (includes equivalency); Total!!Margin of Error!!High school graduate (includes equivalency); Male!!Estimate!!High school graduate (includes equivalency); Male!!Margin of Error!!High school graduate (includes equivalency); Female!!Estimate!!High school graduate (includes equivalency); Female!!Margin of Error!!High school graduate (includes equivalency); Total!!Estimate!!Some college or associate's degree; Total!!Margin of Error!!Some college or associate's degree; Male!!Estimate!!Some college or associate's degree; Male!!Margin of Error!!Some college or associate's degree; Female!!Estimate!!Some college or associate's degree; ...,,,,csv encoding=utf-8-sig
ACSST5Y2014.S1501-Table-Notes.txt,data/raw/misc/dataset_archive/S1501Educational Attainment/ACSST5Y2014.S1501-Table-Notes.txt,txt,4.97,data/raw/misc/dataset_archive/S1501Educational Attainment,demographics,raw_source,,,,,,,documentation or metadata text file
ACSST5Y2015.S1501-Column-Metadata.csv,data/raw/misc/dataset_archive/S1501Educational Attainment/ACSST5Y2015.S1501-Column-Metadata.csv,csv,82.27,data/raw/misc/dataset_archive/S1501Educational Attainment,demographics,raw_source,769,2,GEO_ID; Geography,,,,csv encoding=utf-8-sig
ACSST5Y2015.S1501-Data.csv,data/raw/misc/dataset_archive/S1501Educational Attainment/ACSST5Y2015.S1501-Data.csv,csv,225.38,data/raw/misc/dataset_archive/S1501Educational Attainment,demographics,raw_source,32,771,Geography; Geographic Area Name; Total!!Estimate!!Population 18 to 24 years; Total!!Margin of Error!!Population 18 to 24 years; Percent!!Estimate!!Population 18 to 24 years; Percent!!Margin of Error!!Population 18 to 24 years; Males!!Estimate!!Population 18 to 24 years; Males!!Margin of Error!!Population 18 to 24 years; Percent Males!!Estimate!!Population 18 to 24 years; Percent Males!!Margin of Error!!Population 18 to 24 years; Females!!Estimate!!Population 18 to 24 years; Females!!Margin of Error!!Population 18 to 24 years; Percent Females!!Estimate!!Population 18 to 24 years; Percent Females!!Margin of Error!!Population 18 to 24 years; Total!!Estimate!!Population 18 to 24 years!!Less than high school graduate; Total!!Margin of Error!!Population 18 to 24 years!!Less than high school graduate; Percent!!Estimate!!Population 18 to 24 years!!Less than high school graduate; Percent!!Margin of Error!!Population 18 to 24 years!!Less than high school graduate; Males!!Estimate!!Population 18 to 24 years!!Less than high school graduate; Males!!Margin of Error!!Population 18 to 24 years!!Less than high school graduate; Percent Males!!Estimate!!Population 18 to 24 years!!Less than high school graduate; Percent Males!!Margin of Error!!Population 18 to 24 years!!Less than high school graduate; Females!!Estimate!!Population 18 to 24 years!!Less than high school graduate; Females!!Margin of Error!!Population 18 to 24 years!!Less than high school graduate; Percent Females!!Estimate!!Population 18 to 24 years!!Less than high school graduate; ...,,,,csv encoding=utf-8-sig
ACSST5Y2015.S1501-Table-Notes.txt,data/raw/misc/dataset_archive/S1501Educational Attainment/ACSST5Y2015.S1501-Table-Notes.txt,txt,5.64,data/raw/misc/dataset_archive/S1501Educational Attainment,demographics,raw_source,,,,,,,documentation or metadata text file
ACSST5Y2016.S1501-Column-Metadata.csv,data/raw/misc/dataset_archive/S1501Educational Attainment/ACSST5Y2016.S1501-Column-Metadata.csv,csv,82.27,data/raw/misc/dataset_archive/S1501Educational Attainment,demographics,raw_source,769,2,GEO_ID; Geography,,,,csv encoding=utf-8-sig
ACSST5Y2016.S1501-Data.csv,data/raw/misc/dataset_archive/S1501Educational Attainment/ACSST5Y2016.S1501-Data.csv,csv,226.31,data/raw/misc/dataset_archive/S1501Educational Attainment,demographics,raw_source,32,771,Geography; Geographic Area Name; Total!!Estimate!!Population 18 to 24 years; Total!!Margin of Error!!Population 18 to 24 years; Percent!!Estimate!!Population 18 to 24 years; Percent!!Margin of Error!!Population 18 to 24 years; Males!!Estimate!!Population 18 to 24 years; Males!!Margin of Error!!Population 18 to 24 years; Percent Males!!Estimate!!Population 18 to 24 years; Percent Males!!Margin of Error!!Population 18 to 24 years; Females!!Estimate!!Population 18 to 24 years; Females!!Margin of Error!!Population 18 to 24 years; Percent Females!!Estimate!!Population 18 to 24 years; Percent Females!!Margin of Error!!Population 18 to 24 years; Total!!Estimate!!Population 18 to 24 years!!Less than high school graduate; Total!!Margin of Error!!Population 18 to 24 years!!Less than high school graduate; Percent!!Estimate!!Population 18 to 24 years!!Less than high school graduate; Percent!!Margin of Error!!Population 18 to 24 years!!Less than high school graduate; Males!!Estimate!!Population 18 to 24 years!!Less than high school graduate; Males!!Margin of Error!!Population 18 to 24 years!!Less than high school graduate; Percent Males!!Estimate!!Population 18 to 24 years!!Less than high school graduate; Percent Males!!Margin of Error!!Population 18 to 24 years!!Less than high school graduate; Females!!Estimate!!Population 18 to 24 years!!Less than high school graduate; Females!!Margin of Error!!Population 18 to 24 years!!Less than high school graduate; Percent Females!!Estimate!!Population 18 to 24 years!!Less than high school graduate; ...,,,,csv encoding=utf-8-sig
ACSST5Y2016.S1501-Table-Notes.txt,data/raw/misc/dataset_archive/S1501Educational Attainment/ACSST5Y2016.S1501-Table-Notes.txt,txt,5.64,data/raw/misc/dataset_archive/S1501Educational Attainment,demographics,raw_source,,,,,,,documentation or metadata text file
ACSST5Y2017.S1501-Column-Metadata.csv,data/raw/misc/dataset_archive/S1501Educational Attainment/ACSST5Y2017.S1501-Column-Metadata.csv,csv,105.63,data/raw/misc/dataset_archive/S1501Educational Attainment,demographics,raw_source,769,2,GEO_ID; Geography,,,,csv encoding=utf-8-sig
ACSST5Y2017.S1501-Data.csv,data/raw/misc/dataset_archive/S1501Educational Attainment/ACSST5Y2017.S1501-Data.csv,csv,249.69,data/raw/misc/dataset_archive/S1501Educational Attainment,demographics,raw_source,32,771,"Geography; Geographic Area Name; Estimate!!Total!!Population 18 to 24 years; Margin of Error!!Total MOE!!Population 18 to 24 years; Estimate!!Total!!Population 18 to 24 years!!Less than high school graduate; Margin of Error!!Total MOE!!Population 18 to 24 years!!Less than high school graduate; Estimate!!Total!!Population 18 to 24 years!!High school graduate (includes equivalency); Margin of Error!!Total MOE!!Population 18 to 24 years!!High school graduate (includes equivalency); Estimate!!Total!!Population 18 to 24 years!!Some college or associate's degree; Margin of Error!!Total MOE!!Population 18 to 24 years!!Some college or associate's degree; Estimate!!Total!!Population 18 to 24 years!!Bachelor's degree or higher; Margin of Error!!Total MOE!!Population 18 to 24 years!!Bachelor's degree or higher; Estimate!!Total!!Population 25 years and over; Margin of Error!!Total MOE!!Population 25 years and over; Estimate!!Total!!Population 25 years and over!!Less than 9th grade; Margin of Error!!Total MOE!!Population 25 years and over!!Less than 9th grade; Estimate!!Total!!Population 25 years and over!!9th to 12th grade, no diploma; Margin of Error!!Total MOE!!Population 25 years and over!!9th to 12th grade, no diploma; Estimate!!Total!!Population 25 years and over!!High school graduate (includes equivalency); Margin of Error!!Total MOE!!Population 25 years and over!!High school graduate (includes equivalency); Estimate!!Total!!Population 25 years and over!!Some college, no degree; Margin of Error!!Total MOE!!Population 25 years and over!!Some college, no degree; Estimate!!Total!!Population 25 years and over!!Associate's degree; Margin of Error!!Total MOE!!Population 25 years and over!!Associate's degree; Estimate!!Total!!Population 25 years and over!!Bachelor's degree; ...",,,,csv encoding=utf-8-sig
ACSST5Y2017.S1501-Table-Notes.txt,data/raw/misc/dataset_archive/S1501Educational Attainment/ACSST5Y2017.S1501-Table-Notes.txt,txt,5.23,data/raw/misc/dataset_archive/S1501Educational Attainment,demographics,raw_source,,,,,,,documentation or metadata text file
ACSST5Y2018.S1501-Column-Metadata.csv,data/raw/misc/dataset_archive/S1501Educational Attainment/ACSST5Y2018.S1501-Column-Metadata.csv,csv,105.45,data/raw/misc/dataset_archive/S1501Educational Attainment,demographics,raw_source,769,2,GEO_ID; Geography,,,,csv encoding=utf-8-sig
ACSST5Y2018.S1501-Data.csv,data/raw/misc/dataset_archive/S1501Educational Attainment/ACSST5Y2018.S1501-Data.csv,csv,249.75,data/raw/misc/dataset_archive/S1501Educational Attainment,demographics,raw_source,32,771,"Geography; Geographic Area Name; Estimate!!Total!!Population 18 to 24 years; Margin of Error!!Total MOE!!Population 18 to 24 years; Estimate!!Total!!Population 18 to 24 years!!Less than high school graduate; Margin of Error!!Total MOE!!Population 18 to 24 years!!Less than high school graduate; Estimate!!Total!!Population 18 to 24 years!!High school graduate (includes equivalency); Margin of Error!!Total MOE!!Population 18 to 24 years!!High school graduate (includes equivalency); Estimate!!Total!!Population 18 to 24 years!!Some college or associate's degree; Margin of Error!!Total MOE!!Population 18 to 24 years!!Some college or associate's degree; Estimate!!Total!!Population 18 to 24 years!!Bachelor's degree or higher; Margin of Error!!Total MOE!!Population 18 to 24 years!!Bachelor's degree or higher; Estimate!!Total!!Population 25 years and over; Margin of Error!!Total MOE!!Population 25 years and over; Estimate!!Total!!Population 25 years and over!!Less than 9th grade; Margin of Error!!Total MOE!!Population 25 years and over!!Less than 9th grade; Estimate!!Total!!Population 25 years and over!!9th to 12th grade, no diploma; Margin of Error!!Total MOE!!Population 25 years and over!!9th to 12th grade, no diploma; Estimate!!Total!!Population 25 years and over!!High school graduate (includes equivalency); Margin of Error!!Total MOE!!Population 25 years and over!!High school graduate (includes equivalency); Estimate!!Total!!Population 25 years and over!!Some college, no degree; Margin of Error!!Total MOE!!Population 25 years and over!!Some college, no degree; Estimate!!Total!!Population 25 years and over!!Associate's degree; Margin of Error!!Total MOE!!Population 25 years and over!!Associate's degree; Estimate!!Total!!Population 25 years and over!!Bachelor's degree; ...",,,,csv encoding=utf-8-sig
ACSST5Y2018.S1501-Table-Notes.txt,data/raw/misc/dataset_archive/S1501Educational Attainment/ACSST5Y2018.S1501-Table-Notes.txt,txt,5.39,data/raw/misc/dataset_archive/S1501Educational Attainment,demographics,raw_source,,,,,,,documentation or metadata text file
ACSST5Y2019.S1501-Column-Metadata.csv,data/raw/misc/dataset_archive/S1501Educational Attainment/ACSST5Y2019.S1501-Column-Metadata.csv,csv,109.54,data/raw/misc/dataset_archive/S1501Educational Attainment,demographics,raw_source,769,2,GEO_ID; Geography,,,,csv encoding=utf-8-sig
ACSST5Y2019.S1501-Data.csv,data/raw/misc/dataset_archive/S1501Educational Attainment/ACSST5Y2019.S1501-Data.csv,csv,253.98,data/raw/misc/dataset_archive/S1501Educational Attainment,demographics,raw_source,32,771,"Geography; Geographic Area Name; Estimate!!Total!!AGE BY EDUCATIONAL ATTAINMENT!!Population 18 to 24 years; Margin of Error!!Total!!AGE BY EDUCATIONAL ATTAINMENT!!Population 18 to 24 years; Estimate!!Total!!AGE BY EDUCATIONAL ATTAINMENT!!Population 18 to 24 years!!Less than high school graduate; Margin of Error!!Total!!AGE BY EDUCATIONAL ATTAINMENT!!Population 18 to 24 years!!Less than high school graduate; Estimate!!Total!!AGE BY EDUCATIONAL ATTAINMENT!!Population 18 to 24 years!!High school graduate (includes equivalency); Margin of Error!!Total!!AGE BY EDUCATIONAL ATTAINMENT!!Population 18 to 24 years!!High school graduate (includes equivalency); Estimate!!Total!!AGE BY EDUCATIONAL ATTAINMENT!!Population 18 to 24 years!!Some college or associate's degree; Margin of Error!!Total!!AGE BY EDUCATIONAL ATTAINMENT!!Population 18 to 24 years!!Some college or associate's degree; Estimate!!Total!!AGE BY EDUCATIONAL ATTAINMENT!!Population 18 to 24 years!!Bachelor's degree or higher; Margin of Error!!Total!!AGE BY EDUCATIONAL ATTAINMENT!!Population 18 to 24 years!!Bachelor's degree or higher; Estimate!!Total!!AGE BY EDUCATIONAL ATTAINMENT!!Population 25 years and over; Margin of Error!!Total!!AGE BY EDUCATIONAL ATTAINMENT!!Population 25 years and over; Estimate!!Total!!AGE BY EDUCATIONAL ATTAINMENT!!Population 25 years and over!!Less than 9th grade; Margin of Error!!Total!!AGE BY EDUCATIONAL ATTAINMENT!!Population 25 years and over!!Less than 9th grade; Estimate!!Total!!AGE BY EDUCATIONAL ATTAINMENT!!Population 25 years and over!!9th to 12th grade, no diploma; Margin of Error!!Total!!AGE BY EDUCATIONAL ATTAINMENT!!Population 25 years and over!!9th to 12th grade, no diploma; Estimate!!Total!!AGE BY EDUCATIONAL ATTAINMENT!!Population 25 years and over!!High school graduate (includes equivalency); Margin of Error!!Total!!AGE BY EDUCATIONAL ATTAINMENT!!Population 25 years and over!!High school graduate (includes equivalency); Estimate!!Total!!AGE BY EDUCATIONAL ATTAINMENT!!Population 25 years and over!!Some college, no degree; Margin of Error!!Total!!AGE BY EDUCATIONAL ATTAINMENT!!Population 25 years and over!!Some college, no degree; Estimate!!Total!!AGE BY EDUCATIONAL ATTAINMENT!!Population 25 years and over!!Associate's degree; Margin of Error!!Total!!AGE BY EDUCATIONAL ATTAINMENT!!Population 25 years and over!!Associate's degree; Estimate!!Total!!AGE BY EDUCATIONAL ATTAINMENT!!Population 25 years and over!!Bachelor's degree; ...",,,,csv encoding=utf-8-sig
ACSST5Y2019.S1501-Table-Notes.txt,data/raw/misc/dataset_archive/S1501Educational Attainment/ACSST5Y2019.S1501-Table-Notes.txt,txt,5.03,data/raw/misc/dataset_archive/S1501Educational Attainment,demographics,raw_source,,,,,,,documentation or metadata text file
ACSST5Y2020.S1501-Column-Metadata.csv,data/raw/misc/dataset_archive/S1501Educational Attainment/ACSST5Y2020.S1501-Column-Metadata.csv,csv,109.54,data/raw/misc/dataset_archive/S1501Educational Attainment,demographics,raw_source,769,2,GEO_ID; Geography,,,,csv encoding=utf-8-sig
ACSST5Y2020.S1501-Data.csv,data/raw/misc/dataset_archive/S1501Educational Attainment/ACSST5Y2020.S1501-Data.csv,csv,262.92,data/raw/misc/dataset_archive/S1501Educational Attainment,demographics,raw_source,34,771,"Geography; Geographic Area Name; Estimate!!Total!!AGE BY EDUCATIONAL ATTAINMENT!!Population 18 to 24 years; Margin of Error!!Total!!AGE BY EDUCATIONAL ATTAINMENT!!Population 18 to 24 years; Estimate!!Total!!AGE BY EDUCATIONAL ATTAINMENT!!Population 18 to 24 years!!Less than high school graduate; Margin of Error!!Total!!AGE BY EDUCATIONAL ATTAINMENT!!Population 18 to 24 years!!Less than high school graduate; Estimate!!Total!!AGE BY EDUCATIONAL ATTAINMENT!!Population 18 to 24 years!!High school graduate (includes equivalency); Margin of Error!!Total!!AGE BY EDUCATIONAL ATTAINMENT!!Population 18 to 24 years!!High school graduate (includes equivalency); Estimate!!Total!!AGE BY EDUCATIONAL ATTAINMENT!!Population 18 to 24 years!!Some college or associate's degree; Margin of Error!!Total!!AGE BY EDUCATIONAL ATTAINMENT!!Population 18 to 24 years!!Some college or associate's degree; Estimate!!Total!!AGE BY EDUCATIONAL ATTAINMENT!!Population 18 to 24 years!!Bachelor's degree or higher; Margin of Error!!Total!!AGE BY EDUCATIONAL ATTAINMENT!!Population 18 to 24 years!!Bachelor's degree or higher; Estimate!!Total!!AGE BY EDUCATIONAL ATTAINMENT!!Population 25 years and over; Margin of Error!!Total!!AGE BY EDUCATIONAL ATTAINMENT!!Population 25 years and over; Estimate!!Total!!AGE BY EDUCATIONAL ATTAINMENT!!Population 25 years and over!!Less than 9th grade; Margin of Error!!Total!!AGE BY EDUCATIONAL ATTAINMENT!!Population 25 years and over!!Less than 9th grade; Estimate!!Total!!AGE BY EDUCATIONAL ATTAINMENT!!Population 25 years and over!!9th to 12th grade, no diploma; Margin of Error!!Total!!AGE BY EDUCATIONAL ATTAINMENT!!Population 25 years and over!!9th to 12th grade, no diploma; Estimate!!Total!!AGE BY EDUCATIONAL ATTAINMENT!!Population 25 years and over!!High school graduate (includes equivalency); Margin of Error!!Total!!AGE BY EDUCATIONAL ATTAINMENT!!Population 25 years and over!!High school graduate (includes equivalency); Estimate!!Total!!AGE BY EDUCATIONAL ATTAINMENT!!Population 25 years and over!!Some college, no degree; Margin of Error!!Total!!AGE BY EDUCATIONAL ATTAINMENT!!Population 25 years and over!!Some college, no degree; Estimate!!Total!!AGE BY EDUCATIONAL ATTAINMENT!!Population 25 years and over!!Associate's degree; Margin of Error!!Total!!AGE BY EDUCATIONAL ATTAINMENT!!Population 25 years and over!!Associate's degree; Estimate!!Total!!AGE BY EDUCATIONAL ATTAINMENT!!Population 25 years and over!!Bachelor's degree; ...",,,,csv encoding=utf-8-sig
ACSST5Y2020.S1501-Table-Notes.txt,data/raw/misc/dataset_archive/S1501Educational Attainment/ACSST5Y2020.S1501-Table-Notes.txt,txt,5.06,data/raw/misc/dataset_archive/S1501Educational Attainment,demographics,raw_source,,,,,,,documentation or metadata text file
ACSST5Y2021.S1501-Column-Metadata.csv,data/raw/misc/dataset_archive/S1501Educational Attainment/ACSST5Y2021.S1501-Column-Metadata.csv,csv,109.54,data/raw/misc/dataset_archive/S1501Educational Attainment,demographics,raw_source,769,2,GEO_ID; Geography,,,,csv encoding=utf-8-sig
ACSST5Y2021.S1501-Data.csv,data/raw/misc/dataset_archive/S1501Educational Attainment/ACSST5Y2021.S1501-Data.csv,csv,262.75,data/raw/misc/dataset_archive/S1501Educational Attainment,demographics,raw_source,34,771,"Geography; Geographic Area Name; Estimate!!Total!!AGE BY EDUCATIONAL ATTAINMENT!!Population 18 to 24 years; Margin of Error!!Total!!AGE BY EDUCATIONAL ATTAINMENT!!Population 18 to 24 years; Estimate!!Total!!AGE BY EDUCATIONAL ATTAINMENT!!Population 18 to 24 years!!Less than high school graduate; Margin of Error!!Total!!AGE BY EDUCATIONAL ATTAINMENT!!Population 18 to 24 years!!Less than high school graduate; Estimate!!Total!!AGE BY EDUCATIONAL ATTAINMENT!!Population 18 to 24 years!!High school graduate (includes equivalency); Margin of Error!!Total!!AGE BY EDUCATIONAL ATTAINMENT!!Population 18 to 24 years!!High school graduate (includes equivalency); Estimate!!Total!!AGE BY EDUCATIONAL ATTAINMENT!!Population 18 to 24 years!!Some college or associate's degree; Margin of Error!!Total!!AGE BY EDUCATIONAL ATTAINMENT!!Population 18 to 24 years!!Some college or associate's degree; Estimate!!Total!!AGE BY EDUCATIONAL ATTAINMENT!!Population 18 to 24 years!!Bachelor's degree or higher; Margin of Error!!Total!!AGE BY EDUCATIONAL ATTAINMENT!!Population 18 to 24 years!!Bachelor's degree or higher; Estimate!!Total!!AGE BY EDUCATIONAL ATTAINMENT!!Population 25 years and over; Margin of Error!!Total!!AGE BY EDUCATIONAL ATTAINMENT!!Population 25 years and over; Estimate!!Total!!AGE BY EDUCATIONAL ATTAINMENT!!Population 25 years and over!!Less than 9th grade; Margin of Error!!Total!!AGE BY EDUCATIONAL ATTAINMENT!!Population 25 years and over!!Less than 9th grade; Estimate!!Total!!AGE BY EDUCATIONAL ATTAINMENT!!Population 25 years and over!!9th to 12th grade, no diploma; Margin of Error!!Total!!AGE BY EDUCATIONAL ATTAINMENT!!Population 25 years and over!!9th to 12th grade, no diploma; Estimate!!Total!!AGE BY EDUCATIONAL ATTAINMENT!!Population 25 years and over!!High school graduate (includes equivalency); Margin of Error!!Total!!AGE BY EDUCATIONAL ATTAINMENT!!Population 25 years and over!!High school graduate (includes equivalency); Estimate!!Total!!AGE BY EDUCATIONAL ATTAINMENT!!Population 25 years and over!!Some college, no degree; Margin of Error!!Total!!AGE BY EDUCATIONAL ATTAINMENT!!Population 25 years and over!!Some college, no degree; Estimate!!Total!!AGE BY EDUCATIONAL ATTAINMENT!!Population 25 years and over!!Associate's degree; Margin of Error!!Total!!AGE BY EDUCATIONAL ATTAINMENT!!Population 25 years and over!!Associate's degree; Estimate!!Total!!AGE BY EDUCATIONAL ATTAINMENT!!Population 25 years and over!!Bachelor's degree; ...",,,,csv encoding=utf-8-sig
ACSST5Y2021.S1501-Table-Notes.txt,data/raw/misc/dataset_archive/S1501Educational Attainment/ACSST5Y2021.S1501-Table-Notes.txt,txt,5.04,data/raw/misc/dataset_archive/S1501Educational Attainment,demographics,raw_source,,,,,,,documentation or metadata text file
ACSST5Y2022.S1501-Column-Metadata.csv,data/raw/misc/dataset_archive/S1501Educational Attainment/ACSST5Y2022.S1501-Column-Metadata.csv,csv,109.54,data/raw/misc/dataset_archive/S1501Educational Attainment,demographics,raw_source,769,2,GEO_ID; Geography,,,,csv encoding=utf-8-sig
ACSST5Y2022.S1501-Data.csv,data/raw/misc/dataset_archive/S1501Educational Attainment/ACSST5Y2022.S1501-Data.csv,csv,263.15,data/raw/misc/dataset_archive/S1501Educational Attainment,demographics,raw_source,34,771,"Geography; Geographic Area Name; Estimate!!Total!!AGE BY EDUCATIONAL ATTAINMENT!!Population 18 to 24 years; Margin of Error!!Total!!AGE BY EDUCATIONAL ATTAINMENT!!Population 18 to 24 years; Estimate!!Total!!AGE BY EDUCATIONAL ATTAINMENT!!Population 18 to 24 years!!Less than high school graduate; Margin of Error!!Total!!AGE BY EDUCATIONAL ATTAINMENT!!Population 18 to 24 years!!Less than high school graduate; Estimate!!Total!!AGE BY EDUCATIONAL ATTAINMENT!!Population 18 to 24 years!!High school graduate (includes equivalency); Margin of Error!!Total!!AGE BY EDUCATIONAL ATTAINMENT!!Population 18 to 24 years!!High school graduate (includes equivalency); Estimate!!Total!!AGE BY EDUCATIONAL ATTAINMENT!!Population 18 to 24 years!!Some college or associate's degree; Margin of Error!!Total!!AGE BY EDUCATIONAL ATTAINMENT!!Population 18 to 24 years!!Some college or associate's degree; Estimate!!Total!!AGE BY EDUCATIONAL ATTAINMENT!!Population 18 to 24 years!!Bachelor's degree or higher; Margin of Error!!Total!!AGE BY EDUCATIONAL ATTAINMENT!!Population 18 to 24 years!!Bachelor's degree or higher; Estimate!!Total!!AGE BY EDUCATIONAL ATTAINMENT!!Population 25 years and over; Margin of Error!!Total!!AGE BY EDUCATIONAL ATTAINMENT!!Population 25 years and over; Estimate!!Total!!AGE BY EDUCATIONAL ATTAINMENT!!Population 25 years and over!!Less than 9th grade; Margin of Error!!Total!!AGE BY EDUCATIONAL ATTAINMENT!!Population 25 years and over!!Less than 9th grade; Estimate!!Total!!AGE BY EDUCATIONAL ATTAINMENT!!Population 25 years and over!!9th to 12th grade, no diploma; Margin of Error!!Total!!AGE BY EDUCATIONAL ATTAINMENT!!Population 25 years and over!!9th to 12th grade, no diploma; Estimate!!Total!!AGE BY EDUCATIONAL ATTAINMENT!!Population 25 years and over!!High school graduate (includes equivalency); Margin of Error!!Total!!AGE BY EDUCATIONAL ATTAINMENT!!Population 25 years and over!!High school graduate (includes equivalency); Estimate!!Total!!AGE BY EDUCATIONAL ATTAINMENT!!Population 25 years and over!!Some college, no degree; Margin of Error!!Total!!AGE BY EDUCATIONAL ATTAINMENT!!Population 25 years and over!!Some college, no degree; Estimate!!Total!!AGE BY EDUCATIONAL ATTAINMENT!!Population 25 years and over!!Associate's degree; Margin of Error!!Total!!AGE BY EDUCATIONAL ATTAINMENT!!Population 25 years and over!!Associate's degree; Estimate!!Total!!AGE BY EDUCATIONAL ATTAINMENT!!Population 25 years and over!!Bachelor's degree; ...",,,,csv encoding=utf-8-sig
ACSST5Y2022.S1501-Table-Notes.txt,data/raw/misc/dataset_archive/S1501Educational Attainment/ACSST5Y2022.S1501-Table-Notes.txt,txt,5.35,data/raw/misc/dataset_archive/S1501Educational Attainment,demographics,raw_source,,,,,,,documentation or metadata text file
ACSST5Y2023.S1501-Column-Metadata.csv,data/raw/misc/dataset_archive/S1501Educational Attainment/ACSST5Y2023.S1501-Column-Metadata.csv,csv,109.54,data/raw/misc/dataset_archive/S1501Educational Attainment,demographics,raw_source,769,2,GEO_ID; Geography,,,,csv encoding=utf-8-sig
ACSST5Y2023.S1501-Data.csv,data/raw/misc/dataset_archive/S1501Educational Attainment/ACSST5Y2023.S1501-Data.csv,csv,263.5,data/raw/misc/dataset_archive/S1501Educational Attainment,demographics,raw_source,34,771,"Geography; Geographic Area Name; Estimate!!Total!!AGE BY EDUCATIONAL ATTAINMENT!!Population 18 to 24 years; Margin of Error!!Total!!AGE BY EDUCATIONAL ATTAINMENT!!Population 18 to 24 years; Estimate!!Total!!AGE BY EDUCATIONAL ATTAINMENT!!Population 18 to 24 years!!Less than high school graduate; Margin of Error!!Total!!AGE BY EDUCATIONAL ATTAINMENT!!Population 18 to 24 years!!Less than high school graduate; Estimate!!Total!!AGE BY EDUCATIONAL ATTAINMENT!!Population 18 to 24 years!!High school graduate (includes equivalency); Margin of Error!!Total!!AGE BY EDUCATIONAL ATTAINMENT!!Population 18 to 24 years!!High school graduate (includes equivalency); Estimate!!Total!!AGE BY EDUCATIONAL ATTAINMENT!!Population 18 to 24 years!!Some college or associate's degree; Margin of Error!!Total!!AGE BY EDUCATIONAL ATTAINMENT!!Population 18 to 24 years!!Some college or associate's degree; Estimate!!Total!!AGE BY EDUCATIONAL ATTAINMENT!!Population 18 to 24 years!!Bachelor's degree or higher; Margin of Error!!Total!!AGE BY EDUCATIONAL ATTAINMENT!!Population 18 to 24 years!!Bachelor's degree or higher; Estimate!!Total!!AGE BY EDUCATIONAL ATTAINMENT!!Population 25 years and over; Margin of Error!!Total!!AGE BY EDUCATIONAL ATTAINMENT!!Population 25 years and over; Estimate!!Total!!AGE BY EDUCATIONAL ATTAINMENT!!Population 25 years and over!!Less than 9th grade; Margin of Error!!Total!!AGE BY EDUCATIONAL ATTAINMENT!!Population 25 years and over!!Less than 9th grade; Estimate!!Total!!AGE BY EDUCATIONAL ATTAINMENT!!Population 25 years and over!!9th to 12th grade, no diploma; Margin of Error!!Total!!AGE BY EDUCATIONAL ATTAINMENT!!Population 25 years and over!!9th to 12th grade, no diploma; Estimate!!Total!!AGE BY EDUCATIONAL ATTAINMENT!!Population 25 years and over!!High school graduate (includes equivalency); Margin of Error!!Total!!AGE BY EDUCATIONAL ATTAINMENT!!Population 25 years and over!!High school graduate (includes equivalency); Estimate!!Total!!AGE BY EDUCATIONAL ATTAINMENT!!Population 25 years and over!!Some college, no degree; Margin of Error!!Total!!AGE BY EDUCATIONAL ATTAINMENT!!Population 25 years and over!!Some college, no degree; Estimate!!Total!!AGE BY EDUCATIONAL ATTAINMENT!!Population 25 years and over!!Associate's degree; Margin of Error!!Total!!AGE BY EDUCATIONAL ATTAINMENT!!Population 25 years and over!!Associate's degree; Estimate!!Total!!AGE BY EDUCATIONAL ATTAINMENT!!Population 25 years and over!!Bachelor's degree; ...",,,,csv encoding=utf-8-sig
ACSST5Y2023.S1501-Table-Notes.txt,data/raw/misc/dataset_archive/S1501Educational Attainment/ACSST5Y2023.S1501-Table-Notes.txt,txt,5.97,data/raw/misc/dataset_archive/S1501Educational Attainment,demographics,raw_source,,,,,,,documentation or metadata text file
ACSST5Y2012.S1701-Column-Metadata.csv,data/raw/misc/dataset_archive/S1701Poverty Status in the Past 12 Months/ACSST5Y2012.S1701-Column-Metadata.csv,csv,26.18,data/raw/misc/dataset_archive/S1701Poverty Status in the Past 12 Months,demographics,raw_source,277,2,GEO_ID; Geography,,,,csv encoding=utf-8-sig
ACSST5Y2012.S1701-Data.csv,data/raw/misc/dataset_archive/S1701Poverty Status in the Past 12 Months/ACSST5Y2012.S1701-Data.csv,csv,79.68,data/raw/misc/dataset_archive/S1701Poverty Status in the Past 12 Months,demographics,raw_source,32,279,Geography; Geographic Area Name; Total!!Estimate!!Population for whom poverty status is determined; Total!!Margin of Error!!Population for whom poverty status is determined; Below poverty level!!Estimate!!Population for whom poverty status is determined; Below poverty level!!Margin of Error!!Population for whom poverty status is determined; Percent below poverty level!!Estimate!!Population for whom poverty status is determined; Percent below poverty level!!Margin of Error!!Population for whom poverty status is determined; Total!!Estimate!!AGE!!Under 18 years; Total!!Margin of Error!!AGE!!Under 18 years; Below poverty level!!Estimate!!AGE!!Under 18 years; Below poverty level!!Margin of Error!!AGE!!Under 18 years; Percent below poverty level!!Estimate!!AGE!!Under 18 years; Percent below poverty level!!Margin of Error!!AGE!!Under 18 years; Total!!Estimate!!AGE!!Under 18 years!!Related children under 18 years; Total!!Margin of Error!!AGE!!Under 18 years!!Related children under 18 years; Below poverty level!!Estimate!!AGE!!Under 18 years!!Related children under 18 years; Below poverty level!!Margin of Error!!AGE!!Under 18 years!!Related children under 18 years; Percent below poverty level!!Estimate!!AGE!!Under 18 years!!Related children under 18 years; Percent below poverty level!!Margin of Error!!AGE!!Under 18 years!!Related children under 18 years; Total!!Estimate!!AGE!!18 to 64 years; Total!!Margin of Error!!AGE!!18 to 64 years; Below poverty level!!Estimate!!AGE!!18 to 64 years; Below poverty level!!Margin of Error!!AGE!!18 to 64 years; Percent below poverty level!!Estimate!!AGE!!18 to 64 years; ...,,,,csv encoding=utf-8-sig
ACSST5Y2012.S1701-Table-Notes.txt,data/raw/misc/dataset_archive/S1701Poverty Status in the Past 12 Months/ACSST5Y2012.S1701-Table-Notes.txt,txt,5.01,data/raw/misc/dataset_archive/S1701Poverty Status in the Past 12 Months,demographics,raw_source,,,,,,,documentation or metadata text file
ACSST5Y2013.S1701-Column-Metadata.csv,data/raw/misc/dataset_archive/S1701Poverty Status in the Past 12 Months/ACSST5Y2013.S1701-Column-Metadata.csv,csv,29.53,data/raw/misc/dataset_archive/S1701Poverty Status in the Past 12 Months,demographics,raw_source,277,2,GEO_ID; Geography,,,,csv encoding=utf-8-sig
ACSST5Y2013.S1701-Data.csv,data/raw/misc/dataset_archive/S1701Poverty Status in the Past 12 Months/ACSST5Y2013.S1701-Data.csv,csv,82.95,data/raw/misc/dataset_archive/S1701Poverty Status in the Past 12 Months,demographics,raw_source,32,279,Geography; Geographic Area Name; Total!!Estimate!!Population for whom poverty status is determined; Total!!Margin of Error!!Population for whom poverty status is determined; Below poverty level!!Estimate!!Population for whom poverty status is determined; Below poverty level!!Margin of Error!!Population for whom poverty status is determined; Percent below poverty level!!Estimate!!Population for whom poverty status is determined; Percent below poverty level!!Margin of Error!!Population for whom poverty status is determined; Total!!Estimate!!AGE!!Under 18 years; Total!!Margin of Error!!AGE!!Under 18 years; Below poverty level!!Estimate!!AGE!!Under 18 years; Below poverty level!!Margin of Error!!AGE!!Under 18 years; Percent below poverty level!!Estimate!!AGE!!Under 18 years; Percent below poverty level!!Margin of Error!!AGE!!Under 18 years; Total!!Estimate!!AGE!!Under 18 years!!Related children under 18 years; Total!!Margin of Error!!AGE!!Under 18 years!!Related children under 18 years; Below poverty level!!Estimate!!AGE!!Under 18 years!!Related children under 18 years; Below poverty level!!Margin of Error!!AGE!!Under 18 years!!Related children under 18 years; Percent below poverty level!!Estimate!!AGE!!Under 18 years!!Related children under 18 years; Percent below poverty level!!Margin of Error!!AGE!!Under 18 years!!Related children under 18 years; Total!!Estimate!!AGE!!18 to 64 years; Total!!Margin of Error!!AGE!!18 to 64 years; Below poverty level!!Estimate!!AGE!!18 to 64 years; Below poverty level!!Margin of Error!!AGE!!18 to 64 years; Percent below poverty level!!Estimate!!AGE!!18 to 64 years; ...,,,,csv encoding=utf-8-sig
ACSST5Y2013.S1701-Table-Notes.txt,data/raw/misc/dataset_archive/S1701Poverty Status in the Past 12 Months/ACSST5Y2013.S1701-Table-Notes.txt,txt,4.95,data/raw/misc/dataset_archive/S1701Poverty Status in the Past 12 Months,demographics,raw_source,,,,,,,documentation or metadata text file
ACSST5Y2014.S1701-Column-Metadata.csv,data/raw/misc/dataset_archive/S1701Poverty Status in the Past 12 Months/ACSST5Y2014.S1701-Column-Metadata.csv,csv,29.53,data/raw/misc/dataset_archive/S1701Poverty Status in the Past 12 Months,demographics,raw_source,277,2,GEO_ID; Geography,,,,csv encoding=utf-8-sig
ACSST5Y2014.S1701-Data.csv,data/raw/misc/dataset_archive/S1701Poverty Status in the Past 12 Months/ACSST5Y2014.S1701-Data.csv,csv,82.87,data/raw/misc/dataset_archive/S1701Poverty Status in the Past 12 Months,demographics,raw_source,32,279,Geography; Geographic Area Name; Total!!Estimate!!Population for whom poverty status is determined; Total!!Margin of Error!!Population for whom poverty status is determined; Below poverty level!!Estimate!!Population for whom poverty status is determined; Below poverty level!!Margin of Error!!Population for whom poverty status is determined; Percent below poverty level!!Estimate!!Population for whom poverty status is determined; Percent below poverty level!!Margin of Error!!Population for whom poverty status is determined; Total!!Estimate!!AGE!!Under 18 years; Total!!Margin of Error!!AGE!!Under 18 years; Below poverty level!!Estimate!!AGE!!Under 18 years; Below poverty level!!Margin of Error!!AGE!!Under 18 years; Percent below poverty level!!Estimate!!AGE!!Under 18 years; Percent below poverty level!!Margin of Error!!AGE!!Under 18 years; Total!!Estimate!!AGE!!Under 18 years!!Related children under 18 years; Total!!Margin of Error!!AGE!!Under 18 years!!Related children under 18 years; Below poverty level!!Estimate!!AGE!!Under 18 years!!Related children under 18 years; Below poverty level!!Margin of Error!!AGE!!Under 18 years!!Related children under 18 years; Percent below poverty level!!Estimate!!AGE!!Under 18 years!!Related children under 18 years; Percent below poverty level!!Margin of Error!!AGE!!Under 18 years!!Related children under 18 years; Total!!Estimate!!AGE!!18 to 64 years; Total!!Margin of Error!!AGE!!18 to 64 years; Below poverty level!!Estimate!!AGE!!18 to 64 years; Below poverty level!!Margin of Error!!AGE!!18 to 64 years; Percent below poverty level!!Estimate!!AGE!!18 to 64 years; ...,,,,csv encoding=utf-8-sig
ACSST5Y2014.S1701-Table-Notes.txt,data/raw/misc/dataset_archive/S1701Poverty Status in the Past 12 Months/ACSST5Y2014.S1701-Table-Notes.txt,txt,4.97,data/raw/misc/dataset_archive/S1701Poverty Status in the Past 12 Months,demographics,raw_source,,,,,,,documentation or metadata text file
ACSST5Y2015.S1701-Column-Metadata.csv,data/raw/misc/dataset_archive/S1701Poverty Status in the Past 12 Months/ACSST5Y2015.S1701-Column-Metadata.csv,csv,38.04,data/raw/misc/dataset_archive/S1701Poverty Status in the Past 12 Months,demographics,raw_source,367,2,GEO_ID; Geography,,,,csv encoding=utf-8-sig
ACSST5Y2015.S1701-Data.csv,data/raw/misc/dataset_archive/S1701Poverty Status in the Past 12 Months/ACSST5Y2015.S1701-Data.csv,csv,107.32,data/raw/misc/dataset_archive/S1701Poverty Status in the Past 12 Months,demographics,raw_source,32,369,Geography; Geographic Area Name; Total!!Estimate!!Population for whom poverty status is determined; Total!!Margin of Error!!Population for whom poverty status is determined; Below poverty level!!Estimate!!Population for whom poverty status is determined; Below poverty level!!Margin of Error!!Population for whom poverty status is determined; Percent below poverty level!!Estimate!!Population for whom poverty status is determined; Percent below poverty level!!Margin of Error!!Population for whom poverty status is determined; Total!!Estimate!!AGE!!Under 18 years; Total!!Margin of Error!!AGE!!Under 18 years; Below poverty level!!Estimate!!AGE!!Under 18 years; Below poverty level!!Margin of Error!!AGE!!Under 18 years; Percent below poverty level!!Estimate!!AGE!!Under 18 years; Percent below poverty level!!Margin of Error!!AGE!!Under 18 years; Total!!Estimate!!AGE!!Under 18 years!!Under 5 years; Total!!Margin of Error!!AGE!!Under 18 years!!Under 5 years; Below poverty level!!Estimate!!AGE!!Under 18 years!!Under 5 years; Below poverty level!!Margin of Error!!AGE!!Under 18 years!!Under 5 years; Percent below poverty level!!Estimate!!AGE!!Under 18 years!!Under 5 years; Percent below poverty level!!Margin of Error!!AGE!!Under 18 years!!Under 5 years; Total!!Estimate!!AGE!!Under 18 years!!5 to 17 years; Total!!Margin of Error!!AGE!!Under 18 years!!5 to 17 years; Below poverty level!!Estimate!!AGE!!Under 18 years!!5 to 17 years; Below poverty level!!Margin of Error!!AGE!!Under 18 years!!5 to 17 years; Percent below poverty level!!Estimate!!AGE!!Under 18 years!!5 to 17 years; ...,,,,csv encoding=utf-8-sig
ACSST5Y2015.S1701-Table-Notes.txt,data/raw/misc/dataset_archive/S1701Poverty Status in the Past 12 Months/ACSST5Y2015.S1701-Table-Notes.txt,txt,5.18,data/raw/misc/dataset_archive/S1701Poverty Status in the Past 12 Months,demographics,raw_source,,,,,,,documentation or metadata text file
ACSST5Y2016.S1701-Column-Metadata.csv,data/raw/misc/dataset_archive/S1701Poverty Status in the Past 12 Months/ACSST5Y2016.S1701-Column-Metadata.csv,csv,38.04,data/raw/misc/dataset_archive/S1701Poverty Status in the Past 12 Months,demographics,raw_source,367,2,GEO_ID; Geography,,,,csv encoding=utf-8-sig
ACSST5Y2016.S1701-Data.csv,data/raw/misc/dataset_archive/S1701Poverty Status in the Past 12 Months/ACSST5Y2016.S1701-Data.csv,csv,107.39,data/raw/misc/dataset_archive/S1701Poverty Status in the Past 12 Months,demographics,raw_source,32,369,Geography; Geographic Area Name; Total!!Estimate!!Population for whom poverty status is determined; Total!!Margin of Error!!Population for whom poverty status is determined; Below poverty level!!Estimate!!Population for whom poverty status is determined; Below poverty level!!Margin of Error!!Population for whom poverty status is determined; Percent below poverty level!!Estimate!!Population for whom poverty status is determined; Percent below poverty level!!Margin of Error!!Population for whom poverty status is determined; Total!!Estimate!!AGE!!Under 18 years; Total!!Margin of Error!!AGE!!Under 18 years; Below poverty level!!Estimate!!AGE!!Under 18 years; Below poverty level!!Margin of Error!!AGE!!Under 18 years; Percent below poverty level!!Estimate!!AGE!!Under 18 years; Percent below poverty level!!Margin of Error!!AGE!!Under 18 years; Total!!Estimate!!AGE!!Under 18 years!!Under 5 years; Total!!Margin of Error!!AGE!!Under 18 years!!Under 5 years; Below poverty level!!Estimate!!AGE!!Under 18 years!!Under 5 years; Below poverty level!!Margin of Error!!AGE!!Under 18 years!!Under 5 years; Percent below poverty level!!Estimate!!AGE!!Under 18 years!!Under 5 years; Percent below poverty level!!Margin of Error!!AGE!!Under 18 years!!Under 5 years; Total!!Estimate!!AGE!!Under 18 years!!5 to 17 years; Total!!Margin of Error!!AGE!!Under 18 years!!5 to 17 years; Below poverty level!!Estimate!!AGE!!Under 18 years!!5 to 17 years; Below poverty level!!Margin of Error!!AGE!!Under 18 years!!5 to 17 years; Percent below poverty level!!Estimate!!AGE!!Under 18 years!!5 to 17 years; ...,,,,csv encoding=utf-8-sig
ACSST5Y2016.S1701-Table-Notes.txt,data/raw/misc/dataset_archive/S1701Poverty Status in the Past 12 Months/ACSST5Y2016.S1701-Table-Notes.txt,txt,5.17,data/raw/misc/dataset_archive/S1701Poverty Status in the Past 12 Months,demographics,raw_source,,,,,,,documentation or metadata text file
ACSST5Y2017.S1701-Column-Metadata.csv,data/raw/misc/dataset_archive/S1701Poverty Status in the Past 12 Months/ACSST5Y2017.S1701-Column-Metadata.csv,csv,56.71,data/raw/misc/dataset_archive/S1701Poverty Status in the Past 12 Months,demographics,raw_source,367,2,GEO_ID; Geography,,,,csv encoding=utf-8-sig
ACSST5Y2017.S1701-Data.csv,data/raw/misc/dataset_archive/S1701Poverty Status in the Past 12 Months/ACSST5Y2017.S1701-Data.csv,csv,126.15,data/raw/misc/dataset_archive/S1701Poverty Status in the Past 12 Months,demographics,raw_source,32,369,Geography; Geographic Area Name; Estimate!!Total!!Population for whom poverty status is determined; Margin of Error!!Total MOE!!Population for whom poverty status is determined; Estimate!!Total!!Population for whom poverty status is determined!!AGE!!Under 18 years; Margin of Error!!Total MOE!!Population for whom poverty status is determined!!AGE!!Under 18 years; Estimate!!Total!!Population for whom poverty status is determined!!AGE!!Under 18 years!!Under 5 years; Margin of Error!!Total MOE!!Population for whom poverty status is determined!!AGE!!Under 18 years!!Under 5 years; Estimate!!Total!!Population for whom poverty status is determined!!AGE!!Under 18 years!!5 to 17 years; Margin of Error!!Total MOE!!Population for whom poverty status is determined!!AGE!!Under 18 years!!5 to 17 years; Estimate!!Total!!Population for whom poverty status is determined!!AGE!!Under 18 years!!Related children of householder under 18 years; Margin of Error!!Total MOE!!Population for whom poverty status is determined!!AGE!!Under 18 years!!Related children of householder under 18 years; Estimate!!Total!!Population for whom poverty status is determined!!AGE!!18 to 64 years; Margin of Error!!Total MOE!!Population for whom poverty status is determined!!AGE!!18 to 64 years; Estimate!!Total!!Population for whom poverty status is determined!!AGE!!18 to 64 years!!18 to 34 years; Margin of Error!!Total MOE!!Population for whom poverty status is determined!!AGE!!18 to 64 years!!18 to 34 years; Estimate!!Total!!Population for whom poverty status is determined!!AGE!!18 to 64 years!!35 to 64 years; Margin of Error!!Total MOE!!Population for whom poverty status is determined!!AGE!!18 to 64 years!!35 to 64 years; Estimate!!Total!!Population for whom poverty status is determined!!AGE!!60 years and over; Margin of Error!!Total MOE!!Population for whom poverty status is determined!!AGE!!60 years and over; Estimate!!Total!!Population for whom poverty status is determined!!AGE!!65 years and over; Margin of Error!!Total MOE!!Population for whom poverty status is determined!!AGE!!65 years and over; Estimate!!Total!!Population for whom poverty status is determined!!SEX!!Male; Margin of Error!!Total MOE!!Population for whom poverty status is determined!!SEX!!Male; Estimate!!Total!!Population for whom poverty status is determined!!SEX!!Female; ...,,,,csv encoding=utf-8-sig
ACSST5Y2017.S1701-Table-Notes.txt,data/raw/misc/dataset_archive/S1701Poverty Status in the Past 12 Months/ACSST5Y2017.S1701-Table-Notes.txt,txt,5.23,data/raw/misc/dataset_archive/S1701Poverty Status in the Past 12 Months,demographics,raw_source,,,,,,,documentation or metadata text file
ACSST5Y2018.S1701-Column-Metadata.csv,data/raw/misc/dataset_archive/S1701Poverty Status in the Past 12 Months/ACSST5Y2018.S1701-Column-Metadata.csv,csv,56.71,data/raw/misc/dataset_archive/S1701Poverty Status in the Past 12 Months,demographics,raw_source,367,2,GEO_ID; Geography,,,,csv encoding=utf-8-sig
ACSST5Y2018.S1701-Data.csv,data/raw/misc/dataset_archive/S1701Poverty Status in the Past 12 Months/ACSST5Y2018.S1701-Data.csv,csv,126.27,data/raw/misc/dataset_archive/S1701Poverty Status in the Past 12 Months,demographics,raw_source,32,369,Geography; Geographic Area Name; Estimate!!Total!!Population for whom poverty status is determined; Margin of Error!!Total MOE!!Population for whom poverty status is determined; Estimate!!Total!!Population for whom poverty status is determined!!AGE!!Under 18 years; Margin of Error!!Total MOE!!Population for whom poverty status is determined!!AGE!!Under 18 years; Estimate!!Total!!Population for whom poverty status is determined!!AGE!!Under 18 years!!Under 5 years; Margin of Error!!Total MOE!!Population for whom poverty status is determined!!AGE!!Under 18 years!!Under 5 years; Estimate!!Total!!Population for whom poverty status is determined!!AGE!!Under 18 years!!5 to 17 years; Margin of Error!!Total MOE!!Population for whom poverty status is determined!!AGE!!Under 18 years!!5 to 17 years; Estimate!!Total!!Population for whom poverty status is determined!!AGE!!Under 18 years!!Related children of householder under 18 years; Margin of Error!!Total MOE!!Population for whom poverty status is determined!!AGE!!Under 18 years!!Related children of householder under 18 years; Estimate!!Total!!Population for whom poverty status is determined!!AGE!!18 to 64 years; Margin of Error!!Total MOE!!Population for whom poverty status is determined!!AGE!!18 to 64 years; Estimate!!Total!!Population for whom poverty status is determined!!AGE!!18 to 64 years!!18 to 34 years; Margin of Error!!Total MOE!!Population for whom poverty status is determined!!AGE!!18 to 64 years!!18 to 34 years; Estimate!!Total!!Population for whom poverty status is determined!!AGE!!18 to 64 years!!35 to 64 years; Margin of Error!!Total MOE!!Population for whom poverty status is determined!!AGE!!18 to 64 years!!35 to 64 years; Estimate!!Total!!Population for whom poverty status is determined!!AGE!!60 years and over; Margin of Error!!Total MOE!!Population for whom poverty status is determined!!AGE!!60 years and over; Estimate!!Total!!Population for whom poverty status is determined!!AGE!!65 years and over; Margin of Error!!Total MOE!!Population for whom poverty status is determined!!AGE!!65 years and over; Estimate!!Total!!Population for whom poverty status is determined!!SEX!!Male; Margin of Error!!Total MOE!!Population for whom poverty status is determined!!SEX!!Male; Estimate!!Total!!Population for whom poverty status is determined!!SEX!!Female; ...,,,,csv encoding=utf-8-sig
ACSST5Y2018.S1701-Table-Notes.txt,data/raw/misc/dataset_archive/S1701Poverty Status in the Past 12 Months/ACSST5Y2018.S1701-Table-Notes.txt,txt,5.78,data/raw/misc/dataset_archive/S1701Poverty Status in the Past 12 Months,demographics,raw_source,,,,,,,documentation or metadata text file
ACSST5Y2019.S1701-Column-Metadata.csv,data/raw/misc/dataset_archive/S1701Poverty Status in the Past 12 Months/ACSST5Y2019.S1701-Column-Metadata.csv,csv,56.0,data/raw/misc/dataset_archive/S1701Poverty Status in the Past 12 Months,demographics,raw_source,367,2,GEO_ID; Geography,,,,csv encoding=utf-8-sig
ACSST5Y2019.S1701-Data.csv,data/raw/misc/dataset_archive/S1701Poverty Status in the Past 12 Months/ACSST5Y2019.S1701-Data.csv,csv,125.47,data/raw/misc/dataset_archive/S1701Poverty Status in the Past 12 Months,demographics,raw_source,32,369,Geography; Geographic Area Name; Estimate!!Total!!Population for whom poverty status is determined; Margin of Error!!Total!!Population for whom poverty status is determined; Estimate!!Total!!Population for whom poverty status is determined!!AGE!!Under 18 years; Margin of Error!!Total!!Population for whom poverty status is determined!!AGE!!Under 18 years; Estimate!!Total!!Population for whom poverty status is determined!!AGE!!Under 18 years!!Under 5 years; Margin of Error!!Total!!Population for whom poverty status is determined!!AGE!!Under 18 years!!Under 5 years; Estimate!!Total!!Population for whom poverty status is determined!!AGE!!Under 18 years!!5 to 17 years; Margin of Error!!Total!!Population for whom poverty status is determined!!AGE!!Under 18 years!!5 to 17 years; Estimate!!Total!!Population for whom poverty status is determined!!AGE!!Under 18 years!!Related children of householder under 18 years; Margin of Error!!Total!!Population for whom poverty status is determined!!AGE!!Under 18 years!!Related children of householder under 18 years; Estimate!!Total!!Population for whom poverty status is determined!!AGE!!18 to 64 years; Margin of Error!!Total!!Population for whom poverty status is determined!!AGE!!18 to 64 years; Estimate!!Total!!Population for whom poverty status is determined!!AGE!!18 to 64 years!!18 to 34 years; Margin of Error!!Total!!Population for whom poverty status is determined!!AGE!!18 to 64 years!!18 to 34 years; Estimate!!Total!!Population for whom poverty status is determined!!AGE!!18 to 64 years!!35 to 64 years; Margin of Error!!Total!!Population for whom poverty status is determined!!AGE!!18 to 64 years!!35 to 64 years; Estimate!!Total!!Population for whom poverty status is determined!!AGE!!60 years and over; Margin of Error!!Total!!Population for whom poverty status is determined!!AGE!!60 years and over; Estimate!!Total!!Population for whom poverty status is determined!!AGE!!65 years and over; Margin of Error!!Total!!Population for whom poverty status is determined!!AGE!!65 years and over; Estimate!!Total!!Population for whom poverty status is determined!!SEX!!Male; Margin of Error!!Total!!Population for whom poverty status is determined!!SEX!!Male; Estimate!!Total!!Population for whom poverty status is determined!!SEX!!Female; ...,,,,csv encoding=utf-8-sig
ACSST5Y2019.S1701-Table-Notes.txt,data/raw/misc/dataset_archive/S1701Poverty Status in the Past 12 Months/ACSST5Y2019.S1701-Table-Notes.txt,txt,5.36,data/raw/misc/dataset_archive/S1701Poverty Status in the Past 12 Months,demographics,raw_source,,,,,,,documentation or metadata text file
ACSST5Y2020.S1701-Column-Metadata.csv,data/raw/misc/dataset_archive/S1701Poverty Status in the Past 12 Months/ACSST5Y2020.S1701-Column-Metadata.csv,csv,56.0,data/raw/misc/dataset_archive/S1701Poverty Status in the Past 12 Months,demographics,raw_source,367,2,GEO_ID; Geography,,,,csv encoding=utf-8-sig
ACSST5Y2020.S1701-Data.csv,data/raw/misc/dataset_archive/S1701Poverty Status in the Past 12 Months/ACSST5Y2020.S1701-Data.csv,csv,129.56,data/raw/misc/dataset_archive/S1701Poverty Status in the Past 12 Months,demographics,raw_source,34,369,Geography; Geographic Area Name; Estimate!!Total!!Population for whom poverty status is determined; Margin of Error!!Total!!Population for whom poverty status is determined; Estimate!!Total!!Population for whom poverty status is determined!!AGE!!Under 18 years; Margin of Error!!Total!!Population for whom poverty status is determined!!AGE!!Under 18 years; Estimate!!Total!!Population for whom poverty status is determined!!AGE!!Under 18 years!!Under 5 years; Margin of Error!!Total!!Population for whom poverty status is determined!!AGE!!Under 18 years!!Under 5 years; Estimate!!Total!!Population for whom poverty status is determined!!AGE!!Under 18 years!!5 to 17 years; Margin of Error!!Total!!Population for whom poverty status is determined!!AGE!!Under 18 years!!5 to 17 years; Estimate!!Total!!Population for whom poverty status is determined!!AGE!!Under 18 years!!Related children of householder under 18 years; Margin of Error!!Total!!Population for whom poverty status is determined!!AGE!!Under 18 years!!Related children of householder under 18 years; Estimate!!Total!!Population for whom poverty status is determined!!AGE!!18 to 64 years; Margin of Error!!Total!!Population for whom poverty status is determined!!AGE!!18 to 64 years; Estimate!!Total!!Population for whom poverty status is determined!!AGE!!18 to 64 years!!18 to 34 years; Margin of Error!!Total!!Population for whom poverty status is determined!!AGE!!18 to 64 years!!18 to 34 years; Estimate!!Total!!Population for whom poverty status is determined!!AGE!!18 to 64 years!!35 to 64 years; Margin of Error!!Total!!Population for whom poverty status is determined!!AGE!!18 to 64 years!!35 to 64 years; Estimate!!Total!!Population for whom poverty status is determined!!AGE!!60 years and over; Margin of Error!!Total!!Population for whom poverty status is determined!!AGE!!60 years and over; Estimate!!Total!!Population for whom poverty status is determined!!AGE!!65 years and over; Margin of Error!!Total!!Population for whom poverty status is determined!!AGE!!65 years and over; Estimate!!Total!!Population for whom poverty status is determined!!SEX!!Male; Margin of Error!!Total!!Population for whom poverty status is determined!!SEX!!Male; Estimate!!Total!!Population for whom poverty status is determined!!SEX!!Female; ...,,,,csv encoding=utf-8-sig
ACSST5Y2020.S1701-Table-Notes.txt,data/raw/misc/dataset_archive/S1701Poverty Status in the Past 12 Months/ACSST5Y2020.S1701-Table-Notes.txt,txt,5.39,data/raw/misc/dataset_archive/S1701Poverty Status in the Past 12 Months,demographics,raw_source,,,,,,,documentation or metadata text file
ACSST5Y2021.S1701-Column-Metadata.csv,data/raw/misc/dataset_archive/S1701Poverty Status in the Past 12 Months/ACSST5Y2021.S1701-Column-Metadata.csv,csv,57.04,data/raw/misc/dataset_archive/S1701Poverty Status in the Past 12 Months,demographics,raw_source,373,2,GEO_ID; Geography,,,,csv encoding=utf-8-sig
ACSST5Y2021.S1701-Data.csv,data/raw/misc/dataset_archive/S1701Poverty Status in the Past 12 Months/ACSST5Y2021.S1701-Data.csv,csv,131.58,data/raw/misc/dataset_archive/S1701Poverty Status in the Past 12 Months,demographics,raw_source,34,375,Geography; Geographic Area Name; Estimate!!Total!!Population for whom poverty status is determined; Margin of Error!!Total!!Population for whom poverty status is determined; Estimate!!Total!!Population for whom poverty status is determined!!AGE!!Under 18 years; Margin of Error!!Total!!Population for whom poverty status is determined!!AGE!!Under 18 years; Estimate!!Total!!Population for whom poverty status is determined!!AGE!!Under 18 years!!Under 5 years; Margin of Error!!Total!!Population for whom poverty status is determined!!AGE!!Under 18 years!!Under 5 years; Estimate!!Total!!Population for whom poverty status is determined!!AGE!!Under 18 years!!5 to 17 years; Margin of Error!!Total!!Population for whom poverty status is determined!!AGE!!Under 18 years!!5 to 17 years; Estimate!!Total!!Population for whom poverty status is determined!!AGE!!Under 18 years!!Related children of householder under 18 years; Margin of Error!!Total!!Population for whom poverty status is determined!!AGE!!Under 18 years!!Related children of householder under 18 years; Estimate!!Total!!Population for whom poverty status is determined!!AGE!!18 to 64 years; Margin of Error!!Total!!Population for whom poverty status is determined!!AGE!!18 to 64 years; Estimate!!Total!!Population for whom poverty status is determined!!AGE!!18 to 64 years!!18 to 34 years; Margin of Error!!Total!!Population for whom poverty status is determined!!AGE!!18 to 64 years!!18 to 34 years; Estimate!!Total!!Population for whom poverty status is determined!!AGE!!18 to 64 years!!35 to 64 years; Margin of Error!!Total!!Population for whom poverty status is determined!!AGE!!18 to 64 years!!35 to 64 years; Estimate!!Total!!Population for whom poverty status is determined!!AGE!!60 years and over; Margin of Error!!Total!!Population for whom poverty status is determined!!AGE!!60 years and over; Estimate!!Total!!Population for whom poverty status is determined!!AGE!!65 years and over; Margin of Error!!Total!!Population for whom poverty status is determined!!AGE!!65 years and over; Estimate!!Total!!Population for whom poverty status is determined!!SEX!!Male; Margin of Error!!Total!!Population for whom poverty status is determined!!SEX!!Male; Estimate!!Total!!Population for whom poverty status is determined!!SEX!!Female; ...,,,,csv encoding=utf-8-sig
ACSST5Y2021.S1701-Table-Notes.txt,data/raw/misc/dataset_archive/S1701Poverty Status in the Past 12 Months/ACSST5Y2021.S1701-Table-Notes.txt,txt,5.37,data/raw/misc/dataset_archive/S1701Poverty Status in the Past 12 Months,demographics,raw_source,,,,,,,documentation or metadata text file
ACSST5Y2022.S1701-Column-Metadata.csv,data/raw/misc/dataset_archive/S1701Poverty Status in the Past 12 Months/ACSST5Y2022.S1701-Column-Metadata.csv,csv,57.04,data/raw/misc/dataset_archive/S1701Poverty Status in the Past 12 Months,demographics,raw_source,373,2,GEO_ID; Geography,,,,csv encoding=utf-8-sig
ACSST5Y2022.S1701-Data.csv,data/raw/misc/dataset_archive/S1701Poverty Status in the Past 12 Months/ACSST5Y2022.S1701-Data.csv,csv,131.58,data/raw/misc/dataset_archive/S1701Poverty Status in the Past 12 Months,demographics,raw_source,34,375,Geography; Geographic Area Name; Estimate!!Total!!Population for whom poverty status is determined; Margin of Error!!Total!!Population for whom poverty status is determined; Estimate!!Total!!Population for whom poverty status is determined!!AGE!!Under 18 years; Margin of Error!!Total!!Population for whom poverty status is determined!!AGE!!Under 18 years; Estimate!!Total!!Population for whom poverty status is determined!!AGE!!Under 18 years!!Under 5 years; Margin of Error!!Total!!Population for whom poverty status is determined!!AGE!!Under 18 years!!Under 5 years; Estimate!!Total!!Population for whom poverty status is determined!!AGE!!Under 18 years!!5 to 17 years; Margin of Error!!Total!!Population for whom poverty status is determined!!AGE!!Under 18 years!!5 to 17 years; Estimate!!Total!!Population for whom poverty status is determined!!AGE!!Under 18 years!!Related children of householder under 18 years; Margin of Error!!Total!!Population for whom poverty status is determined!!AGE!!Under 18 years!!Related children of householder under 18 years; Estimate!!Total!!Population for whom poverty status is determined!!AGE!!18 to 64 years; Margin of Error!!Total!!Population for whom poverty status is determined!!AGE!!18 to 64 years; Estimate!!Total!!Population for whom poverty status is determined!!AGE!!18 to 64 years!!18 to 34 years; Margin of Error!!Total!!Population for whom poverty status is determined!!AGE!!18 to 64 years!!18 to 34 years; Estimate!!Total!!Population for whom poverty status is determined!!AGE!!18 to 64 years!!35 to 64 years; Margin of Error!!Total!!Population for whom poverty status is determined!!AGE!!18 to 64 years!!35 to 64 years; Estimate!!Total!!Population for whom poverty status is determined!!AGE!!60 years and over; Margin of Error!!Total!!Population for whom poverty status is determined!!AGE!!60 years and over; Estimate!!Total!!Population for whom poverty status is determined!!AGE!!65 years and over; Margin of Error!!Total!!Population for whom poverty status is determined!!AGE!!65 years and over; Estimate!!Total!!Population for whom poverty status is determined!!SEX!!Male; Margin of Error!!Total!!Population for whom poverty status is determined!!SEX!!Male; Estimate!!Total!!Population for whom poverty status is determined!!SEX!!Female; ...,,,,csv encoding=utf-8-sig
ACSST5Y2022.S1701-Table-Notes.txt,data/raw/misc/dataset_archive/S1701Poverty Status in the Past 12 Months/ACSST5Y2022.S1701-Table-Notes.txt,txt,5.68,data/raw/misc/dataset_archive/S1701Poverty Status in the Past 12 Months,demographics,raw_source,,,,,,,documentation or metadata text file
ACSST5Y2023.S1701-Column-Metadata.csv,data/raw/misc/dataset_archive/S1701Poverty Status in the Past 12 Months/ACSST5Y2023.S1701-Column-Metadata.csv,csv,57.04,data/raw/misc/dataset_archive/S1701Poverty Status in the Past 12 Months,demographics,raw_source,373,2,GEO_ID; Geography,,,,csv encoding=utf-8-sig
ACSST5Y2023.S1701-Data.csv,data/raw/misc/dataset_archive/S1701Poverty Status in the Past 12 Months/ACSST5Y2023.S1701-Data.csv,csv,131.47,data/raw/misc/dataset_archive/S1701Poverty Status in the Past 12 Months,demographics,raw_source,34,375,Geography; Geographic Area Name; Estimate!!Total!!Population for whom poverty status is determined; Margin of Error!!Total!!Population for whom poverty status is determined; Estimate!!Total!!Population for whom poverty status is determined!!AGE!!Under 18 years; Margin of Error!!Total!!Population for whom poverty status is determined!!AGE!!Under 18 years; Estimate!!Total!!Population for whom poverty status is determined!!AGE!!Under 18 years!!Under 5 years; Margin of Error!!Total!!Population for whom poverty status is determined!!AGE!!Under 18 years!!Under 5 years; Estimate!!Total!!Population for whom poverty status is determined!!AGE!!Under 18 years!!5 to 17 years; Margin of Error!!Total!!Population for whom poverty status is determined!!AGE!!Under 18 years!!5 to 17 years; Estimate!!Total!!Population for whom poverty status is determined!!AGE!!Under 18 years!!Related children of householder under 18 years; Margin of Error!!Total!!Population for whom poverty status is determined!!AGE!!Under 18 years!!Related children of householder under 18 years; Estimate!!Total!!Population for whom poverty status is determined!!AGE!!18 to 64 years; Margin of Error!!Total!!Population for whom poverty status is determined!!AGE!!18 to 64 years; Estimate!!Total!!Population for whom poverty status is determined!!AGE!!18 to 64 years!!18 to 34 years; Margin of Error!!Total!!Population for whom poverty status is determined!!AGE!!18 to 64 years!!18 to 34 years; Estimate!!Total!!Population for whom poverty status is determined!!AGE!!18 to 64 years!!35 to 64 years; Margin of Error!!Total!!Population for whom poverty status is determined!!AGE!!18 to 64 years!!35 to 64 years; Estimate!!Total!!Population for whom poverty status is determined!!AGE!!60 years and over; Margin of Error!!Total!!Population for whom poverty status is determined!!AGE!!60 years and over; Estimate!!Total!!Population for whom poverty status is determined!!AGE!!65 years and over; Margin of Error!!Total!!Population for whom poverty status is determined!!AGE!!65 years and over; Estimate!!Total!!Population for whom poverty status is determined!!SEX!!Male; Margin of Error!!Total!!Population for whom poverty status is determined!!SEX!!Male; Estimate!!Total!!Population for whom poverty status is determined!!SEX!!Female; ...,,,,csv encoding=utf-8-sig
ACSST5Y2023.S1701-Table-Notes.txt,data/raw/misc/dataset_archive/S1701Poverty Status in the Past 12 Months/ACSST5Y2023.S1701-Table-Notes.txt,txt,6.3,data/raw/misc/dataset_archive/S1701Poverty Status in the Past 12 Months,demographics,raw_source,,,,,,,documentation or metadata text file
ACSST5Y2010.S1401-Column-Metadata.csv,data/raw/misc/dataset_archive/S1702Poverty Status in the Past 12 Months of Families/ACSST5Y2010.S1401-Column-Metadata.csv,csv,20.9,data/raw/misc/dataset_archive/S1702Poverty Status in the Past 12 Months of Families,demographics,raw_source,187,2,GEO_ID; Geography,,,data/raw/misc/dataset_archive/S1401School Enrollment/ACSST5Y2010.S1401-Column-Metadata.csv,csv encoding=utf-8-sig
ACSST5Y2010.S1401-Data.csv,data/raw/misc/dataset_archive/S1702Poverty Status in the Past 12 Months of Families/ACSST5Y2010.S1401-Data.csv,csv,63.49,data/raw/misc/dataset_archive/S1702Poverty Status in the Past 12 Months of Families,demographics,raw_source,32,189,"Geography; Geographic Area Name; Total!!Estimate!!Population 3 years and over enrolled in school; Total!!Margin of Error!!Population 3 years and over enrolled in school; Percent of enrolled population!!In public school!!Estimate!!Population 3 years and over enrolled in school; Percent of enrolled population!!In public school!!Margin of Error!!Population 3 years and over enrolled in school; Percent of enrolled population!!In private school!!Estimate!!Population 3 years and over enrolled in school; Percent of enrolled population!!In private school!!Margin of Error!!Population 3 years and over enrolled in school; Total!!Estimate!!Nursery school, preschool; Total!!Margin of Error!!Nursery school, preschool; Percent of enrolled population!!In public school!!Estimate!!Nursery school, preschool; Percent of enrolled population!!In public school!!Margin of Error!!Nursery school, preschool; Percent of enrolled population!!In private school!!Estimate!!Nursery school, preschool; Percent of enrolled population!!In private school!!Margin of Error!!Nursery school, preschool; Total!!Estimate!!Kindergarten to 12th grade; Total!!Margin of Error!!Kindergarten to 12th grade; Percent of enrolled population!!In public school!!Estimate!!Kindergarten to 12th grade; Percent of enrolled population!!In public school!!Margin of Error!!Kindergarten to 12th grade; Percent of enrolled population!!In private school!!Estimate!!Kindergarten to 12th grade; Percent of enrolled population!!In private school!!Margin of Error!!Kindergarten to 12th grade; Total!!Estimate!!Kindergarten to 12th grade!!Kindergarten; Total!!Margin of Error!!Kindergarten to 12th grade!!Kindergarten; Percent of enrolled population!!In public school!!Estimate!!Kindergarten to 12th grade!!Kindergarten; Percent of enrolled population!!In public school!!Margin of Error!!Kindergarten to 12th grade!!Kindergarten; Percent of enrolled population!!In private school!!Estimate!!Kindergarten to 12th grade!!Kindergarten; ...",,,data/raw/misc/dataset_archive/S1401School Enrollment/ACSST5Y2010.S1401-Data.csv,csv encoding=utf-8-sig
ACSST5Y2010.S1401-Table-Notes.txt,data/raw/misc/dataset_archive/S1702Poverty Status in the Past 12 Months of Families/ACSST5Y2010.S1401-Table-Notes.txt,txt,5.24,data/raw/misc/dataset_archive/S1702Poverty Status in the Past 12 Months of Families,demographics,raw_source,,,,,,data/raw/misc/dataset_archive/S1401School Enrollment/ACSST5Y2010.S1401-Table-Notes.txt,documentation or metadata text file
ACSST5Y2011.S1401-Column-Metadata.csv,data/raw/misc/dataset_archive/S1702Poverty Status in the Past 12 Months of Families/ACSST5Y2011.S1401-Column-Metadata.csv,csv,20.9,data/raw/misc/dataset_archive/S1702Poverty Status in the Past 12 Months of Families,demographics,raw_source,187,2,GEO_ID; Geography,,,data/raw/misc/dataset_archive/S1401School Enrollment/ACSST5Y2011.S1401-Column-Metadata.csv,csv encoding=utf-8-sig
ACSST5Y2014.S1401-Data.csv,data/raw/misc/dataset_archive/S1702Poverty Status in the Past 12 Months of Families/ACSST5Y2014.S1401-Data.csv,csv,59.61,data/raw/misc/dataset_archive/S1702Poverty Status in the Past 12 Months of Families,demographics,raw_source,32,189,"Geography; Geographic Area Name; Total!!Estimate!!Population 3 years and over enrolled in school; Total!!Margin of Error!!Population 3 years and over enrolled in school; Percent of enrolled population!!In public school!!Estimate!!Population 3 years and over enrolled in school; Percent of enrolled population!!In public school!!Margin of Error!!Population 3 years and over enrolled in school; Percent of enrolled population!!In private school!!Estimate!!Population 3 years and over enrolled in school; Percent of enrolled population!!In private school!!Margin of Error!!Population 3 years and over enrolled in school; Total!!Estimate!!Nursery school, preschool; Total!!Margin of Error!!Nursery school, preschool; Percent of enrolled population!!In public school!!Estimate!!Nursery school, preschool; Percent of enrolled population!!In public school!!Margin of Error!!Nursery school, preschool; Percent of enrolled population!!In private school!!Estimate!!Nursery school, preschool; Percent of enrolled population!!In private school!!Margin of Error!!Nursery school, preschool; Total!!Estimate!!Kindergarten to 12th grade; Total!!Margin of Error!!Kindergarten to 12th grade; Percent of enrolled population!!In public school!!Estimate!!Kindergarten to 12th grade; Percent of enrolled population!!In public school!!Margin of Error!!Kindergarten to 12th grade; Percent of enrolled population!!In private school!!Estimate!!Kindergarten to 12th grade; Percent of enrolled population!!In private school!!Margin of Error!!Kindergarten to 12th grade; Total!!Estimate!!Kindergarten; Total!!Margin of Error!!Kindergarten; Percent of enrolled population!!In public school!!Estimate!!Kindergarten; Percent of enrolled population!!In public school!!Margin of Error!!Kindergarten; Percent of enrolled population!!In private school!!Estimate!!Kindergarten; ...",,,data/raw/misc/dataset_archive/S1401School Enrollment/ACSST5Y2014.S1401-Data.csv,csv encoding=utf-8-sig
ACSST5Y2014.S1401-Table-Notes.txt,data/raw/misc/dataset_archive/S1702Poverty Status in the Past 12 Months of Families/ACSST5Y2014.S1401-Table-Notes.txt,txt,4.97,data/raw/misc/dataset_archive/S1702Poverty Status in the Past 12 Months of Families,demographics,raw_source,,,,,,data/raw/misc/dataset_archive/S1401School Enrollment/ACSST5Y2014.S1401-Table-Notes.txt,documentation or metadata text file
ACSST5Y2015.S1401-Column-Metadata.csv,data/raw/misc/dataset_archive/S1702Poverty Status in the Past 12 Months of Families/ACSST5Y2015.S1401-Column-Metadata.csv,csv,37.34,data/raw/misc/dataset_archive/S1702Poverty Status in the Past 12 Months of Families,demographics,raw_source,409,2,GEO_ID; Geography,,,data/raw/misc/dataset_archive/S1401School Enrollment/ACSST5Y2015.S1401-Column-Metadata.csv,csv encoding=utf-8-sig
ACSST5Y2015.S1401-Data.csv,data/raw/misc/dataset_archive/S1702Poverty Status in the Past 12 Months of Families/ACSST5Y2015.S1401-Data.csv,csv,115.85,data/raw/misc/dataset_archive/S1702Poverty Status in the Past 12 Months of Families,demographics,raw_source,32,411,"Geography; Geographic Area Name; Total!!Estimate!!Population 3 years and over enrolled in school; Total!!Margin of Error!!Population 3 years and over enrolled in school; Percent!!Estimate!!Population 3 years and over enrolled in school; Percent!!Margin of Error!!Population 3 years and over enrolled in school; In public school!!Estimate!!Population 3 years and over enrolled in school; In public school!!Margin of Error!!Population 3 years and over enrolled in school; Percent in public school!!Estimate!!Population 3 years and over enrolled in school; Percent in public school!!Margin of Error!!Population 3 years and over enrolled in school; In private school!!Estimate!!Population 3 years and over enrolled in school; In private school!!Margin of Error!!Population 3 years and over enrolled in school; Percent in private school!!Estimate!!Population 3 years and over enrolled in school; Percent in private school!!Margin of Error!!Population 3 years and over enrolled in school; Total!!Estimate!!Nursery school, preschool; Total!!Margin of Error!!Nursery school, preschool; Percent!!Estimate!!Nursery school, preschool; Percent!!Margin of Error!!Nursery school, preschool; In public school!!Estimate!!Nursery school, preschool; In public school!!Margin of Error!!Nursery school, preschool; Percent in public school!!Estimate!!Nursery school, preschool; Percent in public school!!Margin of Error!!Nursery school, preschool; In private school!!Estimate!!Nursery school, preschool; In private school!!Margin of Error!!Nursery school, preschool; Percent in private school!!Estimate!!Nursery school, preschool; ...",,,data/raw/misc/dataset_archive/S1401School Enrollment/ACSST5Y2015.S1401-Data.csv,csv encoding=utf-8-sig
ACSST5Y2015.S1401-Table-Notes.txt,data/raw/misc/dataset_archive/S1702Poverty Status in the Past 12 Months of Families/ACSST5Y2015.S1401-Table-Notes.txt,txt,5.18,data/raw/misc/dataset_archive/S1702Poverty Status in the Past 12 Months of Families,demographics,raw_source,,,,,,data/raw/misc/dataset_archive/S1401School Enrollment/ACSST5Y2015.S1401-Table-Notes.txt,documentation or metadata text file
ACSST5Y2016.S1401-Column-Metadata.csv,data/raw/misc/dataset_archive/S1702Poverty Status in the Past 12 Months of Families/ACSST5Y2016.S1401-Column-Metadata.csv,csv,37.34,data/raw/misc/dataset_archive/S1702Poverty Status in the Past 12 Months of Families,demographics,raw_source,409,2,GEO_ID; Geography,,,data/raw/misc/dataset_archive/S1401School Enrollment/ACSST5Y2016.S1401-Column-Metadata.csv,csv encoding=utf-8-sig
ACSST5Y2016.S1401-Data.csv,data/raw/misc/dataset_archive/S1702Poverty Status in the Past 12 Months of Families/ACSST5Y2016.S1401-Data.csv,csv,115.76,data/raw/misc/dataset_archive/S1702Poverty Status in the Past 12 Months of Families,demographics,raw_source,32,411,"Geography; Geographic Area Name; Total!!Estimate!!Population 3 years and over enrolled in school; Total!!Margin of Error!!Population 3 years and over enrolled in school; Percent!!Estimate!!Population 3 years and over enrolled in school; Percent!!Margin of Error!!Population 3 years and over enrolled in school; In public school!!Estimate!!Population 3 years and over enrolled in school; In public school!!Margin of Error!!Population 3 years and over enrolled in school; Percent in public school!!Estimate!!Population 3 years and over enrolled in school; Percent in public school!!Margin of Error!!Population 3 years and over enrolled in school; In private school!!Estimate!!Population 3 years and over enrolled in school; In private school!!Margin of Error!!Population 3 years and over enrolled in school; Percent in private school!!Estimate!!Population 3 years and over enrolled in school; Percent in private school!!Margin of Error!!Population 3 years and over enrolled in school; Total!!Estimate!!Nursery school, preschool; Total!!Margin of Error!!Nursery school, preschool; Percent!!Estimate!!Nursery school, preschool; Percent!!Margin of Error!!Nursery school, preschool; In public school!!Estimate!!Nursery school, preschool; In public school!!Margin of Error!!Nursery school, preschool; Percent in public school!!Estimate!!Nursery school, preschool; Percent in public school!!Margin of Error!!Nursery school, preschool; In private school!!Estimate!!Nursery school, preschool; In private school!!Margin of Error!!Nursery school, preschool; Percent in private school!!Estimate!!Nursery school, preschool; ...",,,data/raw/misc/dataset_archive/S1401School Enrollment/ACSST5Y2016.S1401-Data.csv,csv encoding=utf-8-sig
ACSST5Y2016.S1401-Table-Notes.txt,data/raw/misc/dataset_archive/S1702Poverty Status in the Past 12 Months of Families/ACSST5Y2016.S1401-Table-Notes.txt,txt,5.17,data/raw/misc/dataset_archive/S1702Poverty Status in the Past 12 Months of Families,demographics,raw_source,,,,,,data/raw/misc/dataset_archive/S1401School Enrollment/ACSST5Y2016.S1401-Table-Notes.txt,documentation or metadata text file
ACSST5Y2017.S1401-Column-Metadata.csv,data/raw/misc/dataset_archive/S1702Poverty Status in the Past 12 Months of Families/ACSST5Y2017.S1401-Column-Metadata.csv,csv,52.17,data/raw/misc/dataset_archive/S1702Poverty Status in the Past 12 Months of Families,demographics,raw_source,409,2,GEO_ID; Geography,,,data/raw/misc/dataset_archive/S1401School Enrollment/ACSST5Y2017.S1401-Column-Metadata.csv,csv encoding=utf-8-sig
ACSST5Y2017.S1401-Data.csv,data/raw/misc/dataset_archive/S1702Poverty Status in the Past 12 Months of Families/ACSST5Y2017.S1401-Data.csv,csv,130.56,data/raw/misc/dataset_archive/S1702Poverty Status in the Past 12 Months of Families,demographics,raw_source,32,411,"Geography; Geographic Area Name; Estimate!!Total!!Population 3 years and over enrolled in school; Margin of Error!!Total MOE!!Population 3 years and over enrolled in school; Estimate!!Total!!Population 3 years and over enrolled in school!!Nursery school, preschool; Margin of Error!!Total MOE!!Population 3 years and over enrolled in school!!Nursery school, preschool; Estimate!!Total!!Population 3 years and over enrolled in school!!Kindergarten to 12th grade; Margin of Error!!Total MOE!!Population 3 years and over enrolled in school!!Kindergarten to 12th grade; Estimate!!Total!!Population 3 years and over enrolled in school!!Kindergarten; Margin of Error!!Total MOE!!Population 3 years and over enrolled in school!!Kindergarten; Estimate!!Total!!Population 3 years and over enrolled in school!!Elementary grade 1 to grade 4; Margin of Error!!Total MOE!!Population 3 years and over enrolled in school!!Elementary grade 1 to grade 4; Estimate!!Total!!Population 3 years and over enrolled in school!!Elementary grade 5 to grade 8; Margin of Error!!Total MOE!!Population 3 years and over enrolled in school!!Elementary grade 5 to grade 8; Estimate!!Total!!Population 3 years and over enrolled in school!!High school grade 9 to grade 12; Margin of Error!!Total MOE!!Population 3 years and over enrolled in school!!High school grade 9 to grade 12; Estimate!!Total!!Population 3 years and over enrolled in school!!College, undergraduate; Margin of Error!!Total MOE!!Population 3 years and over enrolled in school!!College, undergraduate; Estimate!!Total!!Population 3 years and over enrolled in school!!Graduate, professional school; Margin of Error!!Total MOE!!Population 3 years and over enrolled in school!!Graduate, professional school; Estimate!!Total!!Population enrolled in college or graduate school; Margin of Error!!Total MOE!!Population enrolled in college or graduate school; Estimate!!Total!!Population enrolled in college or graduate school!!Males enrolled in college or graduate school; Margin of Error!!Total MOE!!Population enrolled in college or graduate school!!Males enrolled in college or graduate school; Estimate!!Total!!Population enrolled in college or graduate school!!Females enrolled in college or graduate school; ...",,,data/raw/misc/dataset_archive/S1401School Enrollment/ACSST5Y2017.S1401-Data.csv,csv encoding=utf-8-sig
ACSST5Y2017.S1401-Table-Notes.txt,data/raw/misc/dataset_archive/S1702Poverty Status in the Past 12 Months of Families/ACSST5Y2017.S1401-Table-Notes.txt,txt,5.23,data/raw/misc/dataset_archive/S1702Poverty Status in the Past 12 Months of Families,demographics,raw_source,,,,,,data/raw/misc/dataset_archive/S1401School Enrollment/ACSST5Y2017.S1401-Table-Notes.txt,documentation or metadata text file
ACSST5Y2018.S1401-Column-Metadata.csv,data/raw/misc/dataset_archive/S1702Poverty Status in the Past 12 Months of Families/ACSST5Y2018.S1401-Column-Metadata.csv,csv,52.17,data/raw/misc/dataset_archive/S1702Poverty Status in the Past 12 Months of Families,demographics,raw_source,409,2,GEO_ID; Geography,,,data/raw/misc/dataset_archive/S1401School Enrollment/ACSST5Y2018.S1401-Column-Metadata.csv,csv encoding=utf-8-sig
ACSST5Y2018.S1401-Data.csv,data/raw/misc/dataset_archive/S1702Poverty Status in the Past 12 Months of Families/ACSST5Y2018.S1401-Data.csv,csv,130.55,data/raw/misc/dataset_archive/S1702Poverty Status in the Past 12 Months of Families,demographics,raw_source,32,411,"Geography; Geographic Area Name; Estimate!!Total!!Population 3 years and over enrolled in school; Margin of Error!!Total MOE!!Population 3 years and over enrolled in school; Estimate!!Total!!Population 3 years and over enrolled in school!!Nursery school, preschool; Margin of Error!!Total MOE!!Population 3 years and over enrolled in school!!Nursery school, preschool; Estimate!!Total!!Population 3 years and over enrolled in school!!Kindergarten to 12th grade; Margin of Error!!Total MOE!!Population 3 years and over enrolled in school!!Kindergarten to 12th grade; Estimate!!Total!!Population 3 years and over enrolled in school!!Kindergarten; Margin of Error!!Total MOE!!Population 3 years and over enrolled in school!!Kindergarten; Estimate!!Total!!Population 3 years and over enrolled in school!!Elementary grade 1 to grade 4; Margin of Error!!Total MOE!!Population 3 years and over enrolled in school!!Elementary grade 1 to grade 4; Estimate!!Total!!Population 3 years and over enrolled in school!!Elementary grade 5 to grade 8; Margin of Error!!Total MOE!!Population 3 years and over enrolled in school!!Elementary grade 5 to grade 8; Estimate!!Total!!Population 3 years and over enrolled in school!!High school grade 9 to grade 12; Margin of Error!!Total MOE!!Population 3 years and over enrolled in school!!High school grade 9 to grade 12; Estimate!!Total!!Population 3 years and over enrolled in school!!College, undergraduate; Margin of Error!!Total MOE!!Population 3 years and over enrolled in school!!College, undergraduate; Estimate!!Total!!Population 3 years and over enrolled in school!!Graduate, professional school; Margin of Error!!Total MOE!!Population 3 years and over enrolled in school!!Graduate, professional school; Estimate!!Total!!Population enrolled in college or graduate school; Margin of Error!!Total MOE!!Population enrolled in college or graduate school; Estimate!!Total!!Population enrolled in college or graduate school!!Males enrolled in college or graduate school; Margin of Error!!Total MOE!!Population enrolled in college or graduate school!!Males enrolled in college or graduate school; Estimate!!Total!!Population enrolled in college or graduate school!!Females enrolled in college or graduate school; ...",,,data/raw/misc/dataset_archive/S1401School Enrollment/ACSST5Y2018.S1401-Data.csv,csv encoding=utf-8-sig
ACSST5Y2018.S1401-Table-Notes.txt,data/raw/misc/dataset_archive/S1702Poverty Status in the Past 12 Months of Families/ACSST5Y2018.S1401-Table-Notes.txt,txt,5.39,data/raw/misc/dataset_archive/S1702Poverty Status in the Past 12 Months of Families,demographics,raw_source,,,,,,data/raw/misc/dataset_archive/S1401School Enrollment/ACSST5Y2018.S1401-Table-Notes.txt,documentation or metadata text file
ACSST5Y2019.S1401-Column-Metadata.csv,data/raw/misc/dataset_archive/S1702Poverty Status in the Past 12 Months of Families/ACSST5Y2019.S1401-Column-Metadata.csv,csv,44.42,data/raw/misc/dataset_archive/S1702Poverty Status in the Past 12 Months of Families,demographics,raw_source,409,2,GEO_ID; Geography,,,data/raw/misc/dataset_archive/S1401School Enrollment/ACSST5Y2019.S1401-Column-Metadata.csv,csv encoding=utf-8-sig
ACSST5Y2019.S1401-Data.csv,data/raw/misc/dataset_archive/S1702Poverty Status in the Past 12 Months of Families/ACSST5Y2019.S1401-Data.csv,csv,122.73,data/raw/misc/dataset_archive/S1702Poverty Status in the Past 12 Months of Families,demographics,raw_source,32,411,"Geography; Geographic Area Name; Estimate!!Total!!Population 3 years and over enrolled in school; Margin of Error!!Total!!Population 3 years and over enrolled in school; Estimate!!Total!!Population 3 years and over enrolled in school!!Nursery school, preschool; Margin of Error!!Total!!Population 3 years and over enrolled in school!!Nursery school, preschool; Estimate!!Total!!Population 3 years and over enrolled in school!!Kindergarten to 12th grade; Margin of Error!!Total!!Population 3 years and over enrolled in school!!Kindergarten to 12th grade; Estimate!!Total!!Population 3 years and over enrolled in school!!Kindergarten to 12th grade!!Kindergarten; Margin of Error!!Total!!Population 3 years and over enrolled in school!!Kindergarten to 12th grade!!Kindergarten; Estimate!!Total!!Population 3 years and over enrolled in school!!Kindergarten to 12th grade!!Elementary: grade 1 to grade 4; Margin of Error!!Total!!Population 3 years and over enrolled in school!!Kindergarten to 12th grade!!Elementary: grade 1 to grade 4; Estimate!!Total!!Population 3 years and over enrolled in school!!Kindergarten to 12th grade!!Elementary: grade 5 to grade 8; Margin of Error!!Total!!Population 3 years and over enrolled in school!!Kindergarten to 12th grade!!Elementary: grade 5 to grade 8; Estimate!!Total!!Population 3 years and over enrolled in school!!Kindergarten to 12th grade!!High school: grade 9 to grade 12; Margin of Error!!Total!!Population 3 years and over enrolled in school!!Kindergarten to 12th grade!!High school: grade 9 to grade 12; Estimate!!Total!!Population 3 years and over enrolled in school!!College, undergraduate; Margin of Error!!Total!!Population 3 years and over enrolled in school!!College, undergraduate; Estimate!!Total!!Population 3 years and over enrolled in school!!Graduate, professional school; Margin of Error!!Total!!Population 3 years and over enrolled in school!!Graduate, professional school; Estimate!!Total!!Population enrolled in college or graduate school; Margin of Error!!Total!!Population enrolled in college or graduate school; Estimate!!Total!!Population enrolled in college or graduate school!!Males enrolled in college or graduate school; Margin of Error!!Total!!Population enrolled in college or graduate school!!Males enrolled in college or graduate school; Estimate!!Total!!Population enrolled in college or graduate school!!Females enrolled in college or graduate school; ...",,,data/raw/misc/dataset_archive/S1401School Enrollment/ACSST5Y2019.S1401-Data.csv,csv encoding=utf-8-sig
ACSST5Y2019.S1401-Table-Notes.txt,data/raw/misc/dataset_archive/S1702Poverty Status in the Past 12 Months of Families/ACSST5Y2019.S1401-Table-Notes.txt,txt,5.03,data/raw/misc/dataset_archive/S1702Poverty Status in the Past 12 Months of Families,demographics,raw_source,,,,,,data/raw/misc/dataset_archive/S1401School Enrollment/ACSST5Y2019.S1401-Table-Notes.txt,documentation or metadata text file
ACSST5Y2020.S1401-Column-Metadata.csv,data/raw/misc/dataset_archive/S1702Poverty Status in the Past 12 Months of Families/ACSST5Y2020.S1401-Column-Metadata.csv,csv,44.42,data/raw/misc/dataset_archive/S1702Poverty Status in the Past 12 Months of Families,demographics,raw_source,409,2,GEO_ID; Geography,,,data/raw/misc/dataset_archive/S1401School Enrollment/ACSST5Y2020.S1401-Column-Metadata.csv,csv encoding=utf-8-sig
ACSST5Y2020.S1401-Data.csv,data/raw/misc/dataset_archive/S1702Poverty Status in the Past 12 Months of Families/ACSST5Y2020.S1401-Data.csv,csv,127.57,data/raw/misc/dataset_archive/S1702Poverty Status in the Past 12 Months of Families,demographics,raw_source,34,411,"Geography; Geographic Area Name; Estimate!!Total!!Population 3 years and over enrolled in school; Margin of Error!!Total!!Population 3 years and over enrolled in school; Estimate!!Total!!Population 3 years and over enrolled in school!!Nursery school, preschool; Margin of Error!!Total!!Population 3 years and over enrolled in school!!Nursery school, preschool; Estimate!!Total!!Population 3 years and over enrolled in school!!Kindergarten to 12th grade; Margin of Error!!Total!!Population 3 years and over enrolled in school!!Kindergarten to 12th grade; Estimate!!Total!!Population 3 years and over enrolled in school!!Kindergarten to 12th grade!!Kindergarten; Margin of Error!!Total!!Population 3 years and over enrolled in school!!Kindergarten to 12th grade!!Kindergarten; Estimate!!Total!!Population 3 years and over enrolled in school!!Kindergarten to 12th grade!!Elementary: grade 1 to grade 4; Margin of Error!!Total!!Population 3 years and over enrolled in school!!Kindergarten to 12th grade!!Elementary: grade 1 to grade 4; Estimate!!Total!!Population 3 years and over enrolled in school!!Kindergarten to 12th grade!!Elementary: grade 5 to grade 8; Margin of Error!!Total!!Population 3 years and over enrolled in school!!Kindergarten to 12th grade!!Elementary: grade 5 to grade 8; Estimate!!Total!!Population 3 years and over enrolled in school!!Kindergarten to 12th grade!!High school: grade 9 to grade 12; Margin of Error!!Total!!Population 3 years and over enrolled in school!!Kindergarten to 12th grade!!High school: grade 9 to grade 12; Estimate!!Total!!Population 3 years and over enrolled in school!!College, undergraduate; Margin of Error!!Total!!Population 3 years and over enrolled in school!!College, undergraduate; Estimate!!Total!!Population 3 years and over enrolled in school!!Graduate, professional school; Margin of Error!!Total!!Population 3 years and over enrolled in school!!Graduate, professional school; Estimate!!Total!!Population enrolled in college or graduate school; Margin of Error!!Total!!Population enrolled in college or graduate school; Estimate!!Total!!Population enrolled in college or graduate school!!Males enrolled in college or graduate school; Margin of Error!!Total!!Population enrolled in college or graduate school!!Males enrolled in college or graduate school; Estimate!!Total!!Population enrolled in college or graduate school!!Females enrolled in college or graduate school; ...",,,data/raw/misc/dataset_archive/S1401School Enrollment/ACSST5Y2020.S1401-Data.csv,csv encoding=utf-8-sig
ACSST5Y2020.S1401-Table-Notes.txt,data/raw/misc/dataset_archive/S1702Poverty Status in the Past 12 Months of Families/ACSST5Y2020.S1401-Table-Notes.txt,txt,5.06,data/raw/misc/dataset_archive/S1702Poverty Status in the Past 12 Months of Families,demographics,raw_source,,,,,,data/raw/misc/dataset_archive/S1401School Enrollment/ACSST5Y2020.S1401-Table-Notes.txt,documentation or metadata text file
ACSST5Y2021.S1401-Column-Metadata.csv,data/raw/misc/dataset_archive/S1702Poverty Status in the Past 12 Months of Families/ACSST5Y2021.S1401-Column-Metadata.csv,csv,44.42,data/raw/misc/dataset_archive/S1702Poverty Status in the Past 12 Months of Families,demographics,raw_source,409,2,GEO_ID; Geography,,,data/raw/misc/dataset_archive/S1401School Enrollment/ACSST5Y2021.S1401-Column-Metadata.csv,csv encoding=utf-8-sig
ACSST5Y2021.S1401-Data.csv,data/raw/misc/dataset_archive/S1702Poverty Status in the Past 12 Months of Families/ACSST5Y2021.S1401-Data.csv,csv,127.52,data/raw/misc/dataset_archive/S1702Poverty Status in the Past 12 Months of Families,demographics,raw_source,34,411,"Geography; Geographic Area Name; Estimate!!Total!!Population 3 years and over enrolled in school; Margin of Error!!Total!!Population 3 years and over enrolled in school; Estimate!!Total!!Population 3 years and over enrolled in school!!Nursery school, preschool; Margin of Error!!Total!!Population 3 years and over enrolled in school!!Nursery school, preschool; Estimate!!Total!!Population 3 years and over enrolled in school!!Kindergarten to 12th grade; Margin of Error!!Total!!Population 3 years and over enrolled in school!!Kindergarten to 12th grade; Estimate!!Total!!Population 3 years and over enrolled in school!!Kindergarten to 12th grade!!Kindergarten; Margin of Error!!Total!!Population 3 years and over enrolled in school!!Kindergarten to 12th grade!!Kindergarten; Estimate!!Total!!Population 3 years and over enrolled in school!!Kindergarten to 12th grade!!Elementary: grade 1 to grade 4; Margin of Error!!Total!!Population 3 years and over enrolled in school!!Kindergarten to 12th grade!!Elementary: grade 1 to grade 4; Estimate!!Total!!Population 3 years and over enrolled in school!!Kindergarten to 12th grade!!Elementary: grade 5 to grade 8; Margin of Error!!Total!!Population 3 years and over enrolled in school!!Kindergarten to 12th grade!!Elementary: grade 5 to grade 8; Estimate!!Total!!Population 3 years and over enrolled in school!!Kindergarten to 12th grade!!High school: grade 9 to grade 12; Margin of Error!!Total!!Population 3 years and over enrolled in school!!Kindergarten to 12th grade!!High school: grade 9 to grade 12; Estimate!!Total!!Population 3 years and over enrolled in school!!College, undergraduate; Margin of Error!!Total!!Population 3 years and over enrolled in school!!College, undergraduate; Estimate!!Total!!Population 3 years and over enrolled in school!!Graduate, professional school; Margin of Error!!Total!!Population 3 years and over enrolled in school!!Graduate, professional school; Estimate!!Total!!Population enrolled in college or graduate school; Margin of Error!!Total!!Population enrolled in college or graduate school; Estimate!!Total!!Population enrolled in college or graduate school!!Males enrolled in college or graduate school; Margin of Error!!Total!!Population enrolled in college or graduate school!!Males enrolled in college or graduate school; Estimate!!Total!!Population enrolled in college or graduate school!!Females enrolled in college or graduate school; ...",,,data/raw/misc/dataset_archive/S1401School Enrollment/ACSST5Y2021.S1401-Data.csv,csv encoding=utf-8-sig
ACSST5Y2021.S1401-Table-Notes.txt,data/raw/misc/dataset_archive/S1702Poverty Status in the Past 12 Months of Families/ACSST5Y2021.S1401-Table-Notes.txt,txt,5.04,data/raw/misc/dataset_archive/S1702Poverty Status in the Past 12 Months of Families,demographics,raw_source,,,,,,data/raw/misc/dataset_archive/S1401School Enrollment/ACSST5Y2021.S1401-Table-Notes.txt,documentation or metadata text file
ACSST5Y2022.S1401-Column-Metadata.csv,data/raw/misc/dataset_archive/S1702Poverty Status in the Past 12 Months of Families/ACSST5Y2022.S1401-Column-Metadata.csv,csv,44.42,data/raw/misc/dataset_archive/S1702Poverty Status in the Past 12 Months of Families,demographics,raw_source,409,2,GEO_ID; Geography,,,data/raw/misc/dataset_archive/S1401School Enrollment/ACSST5Y2022.S1401-Column-Metadata.csv,csv encoding=utf-8-sig
ACSST5Y2022.S1401-Data.csv,data/raw/misc/dataset_archive/S1702Poverty Status in the Past 12 Months of Families/ACSST5Y2022.S1401-Data.csv,csv,127.42,data/raw/misc/dataset_archive/S1702Poverty Status in the Past 12 Months of Families,demographics,raw_source,34,411,"Geography; Geographic Area Name; Estimate!!Total!!Population 3 years and over enrolled in school; Margin of Error!!Total!!Population 3 years and over enrolled in school; Estimate!!Total!!Population 3 years and over enrolled in school!!Nursery school, preschool; Margin of Error!!Total!!Population 3 years and over enrolled in school!!Nursery school, preschool; Estimate!!Total!!Population 3 years and over enrolled in school!!Kindergarten to 12th grade; Margin of Error!!Total!!Population 3 years and over enrolled in school!!Kindergarten to 12th grade; Estimate!!Total!!Population 3 years and over enrolled in school!!Kindergarten to 12th grade!!Kindergarten; Margin of Error!!Total!!Population 3 years and over enrolled in school!!Kindergarten to 12th grade!!Kindergarten; Estimate!!Total!!Population 3 years and over enrolled in school!!Kindergarten to 12th grade!!Elementary: grade 1 to grade 4; Margin of Error!!Total!!Population 3 years and over enrolled in school!!Kindergarten to 12th grade!!Elementary: grade 1 to grade 4; Estimate!!Total!!Population 3 years and over enrolled in school!!Kindergarten to 12th grade!!Elementary: grade 5 to grade 8; Margin of Error!!Total!!Population 3 years and over enrolled in school!!Kindergarten to 12th grade!!Elementary: grade 5 to grade 8; Estimate!!Total!!Population 3 years and over enrolled in school!!Kindergarten to 12th grade!!High school: grade 9 to grade 12; Margin of Error!!Total!!Population 3 years and over enrolled in school!!Kindergarten to 12th grade!!High school: grade 9 to grade 12; Estimate!!Total!!Population 3 years and over enrolled in school!!College, undergraduate; Margin of Error!!Total!!Population 3 years and over enrolled in school!!College, undergraduate; Estimate!!Total!!Population 3 years and over enrolled in school!!Graduate, professional school; Margin of Error!!Total!!Population 3 years and over enrolled in school!!Graduate, professional school; Estimate!!Total!!Population enrolled in college or graduate school; Margin of Error!!Total!!Population enrolled in college or graduate school; Estimate!!Total!!Population enrolled in college or graduate school!!Males enrolled in college or graduate school; Margin of Error!!Total!!Population enrolled in college or graduate school!!Males enrolled in college or graduate school; Estimate!!Total!!Population enrolled in college or graduate school!!Females enrolled in college or graduate school; ...",,,data/raw/misc/dataset_archive/S1401School Enrollment/ACSST5Y2022.S1401-Data.csv,csv encoding=utf-8-sig
ACSST5Y2022.S1401-Table-Notes.txt,data/raw/misc/dataset_archive/S1702Poverty Status in the Past 12 Months of Families/ACSST5Y2022.S1401-Table-Notes.txt,txt,5.35,data/raw/misc/dataset_archive/S1702Poverty Status in the Past 12 Months of Families,demographics,raw_source,,,,,,data/raw/misc/dataset_archive/S1401School Enrollment/ACSST5Y2022.S1401-Table-Notes.txt,documentation or metadata text file
ACSST5Y2023.S1401-Column-Metadata.csv,data/raw/misc/dataset_archive/S1702Poverty Status in the Past 12 Months of Families/ACSST5Y2023.S1401-Column-Metadata.csv,csv,44.42,data/raw/misc/dataset_archive/S1702Poverty Status in the Past 12 Months of Families,demographics,raw_source,409,2,GEO_ID; Geography,,,data/raw/misc/dataset_archive/S1401School Enrollment/ACSST5Y2023.S1401-Column-Metadata.csv,csv encoding=utf-8-sig
ACSST5Y2023.S1401-Data.csv,data/raw/misc/dataset_archive/S1702Poverty Status in the Past 12 Months of Families/ACSST5Y2023.S1401-Data.csv,csv,127.42,data/raw/misc/dataset_archive/S1702Poverty Status in the Past 12 Months of Families,demographics,raw_source,34,411,"Geography; Geographic Area Name; Estimate!!Total!!Population 3 years and over enrolled in school; Margin of Error!!Total!!Population 3 years and over enrolled in school; Estimate!!Total!!Population 3 years and over enrolled in school!!Nursery school, preschool; Margin of Error!!Total!!Population 3 years and over enrolled in school!!Nursery school, preschool; Estimate!!Total!!Population 3 years and over enrolled in school!!Kindergarten to 12th grade; Margin of Error!!Total!!Population 3 years and over enrolled in school!!Kindergarten to 12th grade; Estimate!!Total!!Population 3 years and over enrolled in school!!Kindergarten to 12th grade!!Kindergarten; Margin of Error!!Total!!Population 3 years and over enrolled in school!!Kindergarten to 12th grade!!Kindergarten; Estimate!!Total!!Population 3 years and over enrolled in school!!Kindergarten to 12th grade!!Elementary: grade 1 to grade 4; Margin of Error!!Total!!Population 3 years and over enrolled in school!!Kindergarten to 12th grade!!Elementary: grade 1 to grade 4; Estimate!!Total!!Population 3 years and over enrolled in school!!Kindergarten to 12th grade!!Elementary: grade 5 to grade 8; Margin of Error!!Total!!Population 3 years and over enrolled in school!!Kindergarten to 12th grade!!Elementary: grade 5 to grade 8; Estimate!!Total!!Population 3 years and over enrolled in school!!Kindergarten to 12th grade!!High school: grade 9 to grade 12; Margin of Error!!Total!!Population 3 years and over enrolled in school!!Kindergarten to 12th grade!!High school: grade 9 to grade 12; Estimate!!Total!!Population 3 years and over enrolled in school!!College, undergraduate; Margin of Error!!Total!!Population 3 years and over enrolled in school!!College, undergraduate; Estimate!!Total!!Population 3 years and over enrolled in school!!Graduate, professional school; Margin of Error!!Total!!Population 3 years and over enrolled in school!!Graduate, professional school; Estimate!!Total!!Population enrolled in college or graduate school; Margin of Error!!Total!!Population enrolled in college or graduate school; Estimate!!Total!!Population enrolled in college or graduate school!!Males enrolled in college or graduate school; Margin of Error!!Total!!Population enrolled in college or graduate school!!Males enrolled in college or graduate school; Estimate!!Total!!Population enrolled in college or graduate school!!Females enrolled in college or graduate school; ...",,,data/raw/misc/dataset_archive/S1401School Enrollment/ACSST5Y2023.S1401-Data.csv,csv encoding=utf-8-sig
ACSST5Y2023.S1401-Table-Notes.txt,data/raw/misc/dataset_archive/S1702Poverty Status in the Past 12 Months of Families/ACSST5Y2023.S1401-Table-Notes.txt,txt,5.97,data/raw/misc/dataset_archive/S1702Poverty Status in the Past 12 Months of Families,demographics,raw_source,,,,,,data/raw/misc/dataset_archive/S1401School Enrollment/ACSST5Y2023.S1401-Table-Notes.txt,documentation or metadata text file
ACSST5Y2010.S1901-Column-Metadata.csv,data/raw/misc/dataset_archive/S1901Income in the Past 12 Months (in 2023 Inflation-Adjusted Dollars)/ACSST5Y2010.S1901-Column-Metadata.csv,csv,9.48,data/raw/misc/dataset_archive/S1901Income in the Past 12 Months (in 2023 Inflation-Adjusted Dollars),demographics,raw_source,129,2,GEO_ID; Geography,,,,csv encoding=utf-8-sig
ACSST5Y2010.S1901-Data.csv,data/raw/misc/dataset_archive/S1901Income in the Past 12 Months (in 2023 Inflation-Adjusted Dollars)/ACSST5Y2010.S1901-Data.csv,csv,39.04,data/raw/misc/dataset_archive/S1901Income in the Past 12 Months (in 2023 Inflation-Adjusted Dollars),demographics,raw_source,32,131,"Geography; Geographic Area Name; Households!!Estimate!!Total; Households!!Margin of Error!!Total; Families!!Estimate!!Total; Families!!Margin of Error!!Total; Married-couple families!!Estimate!!Total; Married-couple families!!Margin of Error!!Total; Nonfamily households!!Estimate!!Total; Nonfamily households!!Margin of Error!!Total; Households!!Estimate!!Less than $10,000; Households!!Margin of Error!!Less than $10,000; Families!!Estimate!!Less than $10,000; Families!!Margin of Error!!Less than $10,000; Married-couple families!!Estimate!!Less than $10,000; Married-couple families!!Margin of Error!!Less than $10,000; Nonfamily households!!Estimate!!Less than $10,000; Nonfamily households!!Margin of Error!!Less than $10,000; Households!!Estimate!!$10,000 to $14,999; Households!!Margin of Error!!$10,000 to $14,999; Families!!Estimate!!$10,000 to $14,999; Families!!Margin of Error!!$10,000 to $14,999; Married-couple families!!Estimate!!$10,000 to $14,999; Married-couple families!!Margin of Error!!$10,000 to $14,999; Nonfamily households!!Estimate!!$10,000 to $14,999; ...",,,,csv encoding=utf-8-sig
ACSST5Y2010.S1901-Table-Notes.txt,data/raw/misc/dataset_archive/S1901Income in the Past 12 Months (in 2023 Inflation-Adjusted Dollars)/ACSST5Y2010.S1901-Table-Notes.txt,txt,5.24,data/raw/misc/dataset_archive/S1901Income in the Past 12 Months (in 2023 Inflation-Adjusted Dollars),demographics,raw_source,,,,,,,documentation or metadata text file
ACSST5Y2011.S1901-Column-Metadata.csv,data/raw/misc/dataset_archive/S1901Income in the Past 12 Months (in 2023 Inflation-Adjusted Dollars)/ACSST5Y2011.S1901-Column-Metadata.csv,csv,9.48,data/raw/misc/dataset_archive/S1901Income in the Past 12 Months (in 2023 Inflation-Adjusted Dollars),demographics,raw_source,129,2,GEO_ID; Geography,,,,csv encoding=utf-8-sig
ACSST5Y2011.S1901-Data.csv,data/raw/misc/dataset_archive/S1901Income in the Past 12 Months (in 2023 Inflation-Adjusted Dollars)/ACSST5Y2011.S1901-Data.csv,csv,37.01,data/raw/misc/dataset_archive/S1901Income in the Past 12 Months (in 2023 Inflation-Adjusted Dollars),demographics,raw_source,32,131,"Geography; Geographic Area Name; Households!!Estimate!!Total; Households!!Margin of Error!!Total; Families!!Estimate!!Total; Families!!Margin of Error!!Total; Married-couple families!!Estimate!!Total; Married-couple families!!Margin of Error!!Total; Nonfamily households!!Estimate!!Total; Nonfamily households!!Margin of Error!!Total; Households!!Estimate!!Less than $10,000; Households!!Margin of Error!!Less than $10,000; Families!!Estimate!!Less than $10,000; Families!!Margin of Error!!Less than $10,000; Married-couple families!!Estimate!!Less than $10,000; Married-couple families!!Margin of Error!!Less than $10,000; Nonfamily households!!Estimate!!Less than $10,000; Nonfamily households!!Margin of Error!!Less than $10,000; Households!!Estimate!!$10,000 to $14,999; Households!!Margin of Error!!$10,000 to $14,999; Families!!Estimate!!$10,000 to $14,999; Families!!Margin of Error!!$10,000 to $14,999; Married-couple families!!Estimate!!$10,000 to $14,999; Married-couple families!!Margin of Error!!$10,000 to $14,999; Nonfamily households!!Estimate!!$10,000 to $14,999; ...",,,,csv encoding=utf-8-sig
ACSST5Y2011.S1901-Table-Notes.txt,data/raw/misc/dataset_archive/S1901Income in the Past 12 Months (in 2023 Inflation-Adjusted Dollars)/ACSST5Y2011.S1901-Table-Notes.txt,txt,5.01,data/raw/misc/dataset_archive/S1901Income in the Past 12 Months (in 2023 Inflation-Adjusted Dollars),demographics,raw_source,,,,,,,documentation or metadata text file
ACSST5Y2012.S1901-Column-Metadata.csv,data/raw/misc/dataset_archive/S1901Income in the Past 12 Months (in 2023 Inflation-Adjusted Dollars)/ACSST5Y2012.S1901-Column-Metadata.csv,csv,9.48,data/raw/misc/dataset_archive/S1901Income in the Past 12 Months (in 2023 Inflation-Adjusted Dollars),demographics,raw_source,129,2,GEO_ID; Geography,,,,csv encoding=utf-8-sig
ACSST5Y2012.S1901-Data.csv,data/raw/misc/dataset_archive/S1901Income in the Past 12 Months (in 2023 Inflation-Adjusted Dollars)/ACSST5Y2012.S1901-Data.csv,csv,37.0,data/raw/misc/dataset_archive/S1901Income in the Past 12 Months (in 2023 Inflation-Adjusted Dollars),demographics,raw_source,32,131,"Geography; Geographic Area Name; Households!!Estimate!!Total; Households!!Margin of Error!!Total; Families!!Estimate!!Total; Families!!Margin of Error!!Total; Married-couple families!!Estimate!!Total; Married-couple families!!Margin of Error!!Total; Nonfamily households!!Estimate!!Total; Nonfamily households!!Margin of Error!!Total; Households!!Estimate!!Less than $10,000; Households!!Margin of Error!!Less than $10,000; Families!!Estimate!!Less than $10,000; Families!!Margin of Error!!Less than $10,000; Married-couple families!!Estimate!!Less than $10,000; Married-couple families!!Margin of Error!!Less than $10,000; Nonfamily households!!Estimate!!Less than $10,000; Nonfamily households!!Margin of Error!!Less than $10,000; Households!!Estimate!!$10,000 to $14,999; Households!!Margin of Error!!$10,000 to $14,999; Families!!Estimate!!$10,000 to $14,999; Families!!Margin of Error!!$10,000 to $14,999; Married-couple families!!Estimate!!$10,000 to $14,999; Married-couple families!!Margin of Error!!$10,000 to $14,999; Nonfamily households!!Estimate!!$10,000 to $14,999; ...",,,,csv encoding=utf-8-sig
ACSST5Y2012.S1901-Table-Notes.txt,data/raw/misc/dataset_archive/S1901Income in the Past 12 Months (in 2023 Inflation-Adjusted Dollars)/ACSST5Y2012.S1901-Table-Notes.txt,txt,5.01,data/raw/misc/dataset_archive/S1901Income in the Past 12 Months (in 2023 Inflation-Adjusted Dollars),demographics,raw_source,,,,,,,documentation or metadata text file
ACSST5Y2013.S1901-Column-Metadata.csv,data/raw/misc/dataset_archive/S1901Income in the Past 12 Months (in 2023 Inflation-Adjusted Dollars)/ACSST5Y2013.S1901-Column-Metadata.csv,csv,9.48,data/raw/misc/dataset_archive/S1901Income in the Past 12 Months (in 2023 Inflation-Adjusted Dollars),demographics,raw_source,129,2,GEO_ID; Geography,,,,csv encoding=utf-8-sig
ACSST5Y2013.S1901-Data.csv,data/raw/misc/dataset_archive/S1901Income in the Past 12 Months (in 2023 Inflation-Adjusted Dollars)/ACSST5Y2013.S1901-Data.csv,csv,37.0,data/raw/misc/dataset_archive/S1901Income in the Past 12 Months (in 2023 Inflation-Adjusted Dollars),demographics,raw_source,32,131,"Geography; Geographic Area Name; Households!!Estimate!!Total; Households!!Margin of Error!!Total; Families!!Estimate!!Total; Families!!Margin of Error!!Total; Married-couple families!!Estimate!!Total; Married-couple families!!Margin of Error!!Total; Nonfamily households!!Estimate!!Total; Nonfamily households!!Margin of Error!!Total; Households!!Estimate!!Less than $10,000; Households!!Margin of Error!!Less than $10,000; Families!!Estimate!!Less than $10,000; Families!!Margin of Error!!Less than $10,000; Married-couple families!!Estimate!!Less than $10,000; Married-couple families!!Margin of Error!!Less than $10,000; Nonfamily households!!Estimate!!Less than $10,000; Nonfamily households!!Margin of Error!!Less than $10,000; Households!!Estimate!!$10,000 to $14,999; Households!!Margin of Error!!$10,000 to $14,999; Families!!Estimate!!$10,000 to $14,999; Families!!Margin of Error!!$10,000 to $14,999; Married-couple families!!Estimate!!$10,000 to $14,999; Married-couple families!!Margin of Error!!$10,000 to $14,999; Nonfamily households!!Estimate!!$10,000 to $14,999; ...",,,,csv encoding=utf-8-sig
ACSST5Y2013.S1901-Table-Notes.txt,data/raw/misc/dataset_archive/S1901Income in the Past 12 Months (in 2023 Inflation-Adjusted Dollars)/ACSST5Y2013.S1901-Table-Notes.txt,txt,4.95,data/raw/misc/dataset_archive/S1901Income in the Past 12 Months (in 2023 Inflation-Adjusted Dollars),demographics,raw_source,,,,,,,documentation or metadata text file
ACSST5Y2014.S1901-Column-Metadata.csv,data/raw/misc/dataset_archive/S1901Income in the Past 12 Months (in 2023 Inflation-Adjusted Dollars)/ACSST5Y2014.S1901-Column-Metadata.csv,csv,9.48,data/raw/misc/dataset_archive/S1901Income in the Past 12 Months (in 2023 Inflation-Adjusted Dollars),demographics,raw_source,129,2,GEO_ID; Geography,,,,csv encoding=utf-8-sig
ACSST5Y2014.S1901-Data.csv,data/raw/misc/dataset_archive/S1901Income in the Past 12 Months (in 2023 Inflation-Adjusted Dollars)/ACSST5Y2014.S1901-Data.csv,csv,37.06,data/raw/misc/dataset_archive/S1901Income in the Past 12 Months (in 2023 Inflation-Adjusted Dollars),demographics,raw_source,32,131,"Geography; Geographic Area Name; Households!!Estimate!!Total; Households!!Margin of Error!!Total; Families!!Estimate!!Total; Families!!Margin of Error!!Total; Married-couple families!!Estimate!!Total; Married-couple families!!Margin of Error!!Total; Nonfamily households!!Estimate!!Total; Nonfamily households!!Margin of Error!!Total; Households!!Estimate!!Less than $10,000; Households!!Margin of Error!!Less than $10,000; Families!!Estimate!!Less than $10,000; Families!!Margin of Error!!Less than $10,000; Married-couple families!!Estimate!!Less than $10,000; Married-couple families!!Margin of Error!!Less than $10,000; Nonfamily households!!Estimate!!Less than $10,000; Nonfamily households!!Margin of Error!!Less than $10,000; Households!!Estimate!!$10,000 to $14,999; Households!!Margin of Error!!$10,000 to $14,999; Families!!Estimate!!$10,000 to $14,999; Families!!Margin of Error!!$10,000 to $14,999; Married-couple families!!Estimate!!$10,000 to $14,999; Married-couple families!!Margin of Error!!$10,000 to $14,999; Nonfamily households!!Estimate!!$10,000 to $14,999; ...",,,,csv encoding=utf-8-sig
ACSST5Y2014.S1901-Table-Notes.txt,data/raw/misc/dataset_archive/S1901Income in the Past 12 Months (in 2023 Inflation-Adjusted Dollars)/ACSST5Y2014.S1901-Table-Notes.txt,txt,4.97,data/raw/misc/dataset_archive/S1901Income in the Past 12 Months (in 2023 Inflation-Adjusted Dollars),demographics,raw_source,,,,,,,documentation or metadata text file
ACSST5Y2015.S1901-Column-Metadata.csv,data/raw/misc/dataset_archive/S1901Income in the Past 12 Months (in 2023 Inflation-Adjusted Dollars)/ACSST5Y2015.S1901-Column-Metadata.csv,csv,9.48,data/raw/misc/dataset_archive/S1901Income in the Past 12 Months (in 2023 Inflation-Adjusted Dollars),demographics,raw_source,129,2,GEO_ID; Geography,,,,csv encoding=utf-8-sig
ACSST5Y2015.S1901-Data.csv,data/raw/misc/dataset_archive/S1901Income in the Past 12 Months (in 2023 Inflation-Adjusted Dollars)/ACSST5Y2015.S1901-Data.csv,csv,36.97,data/raw/misc/dataset_archive/S1901Income in the Past 12 Months (in 2023 Inflation-Adjusted Dollars),demographics,raw_source,32,131,"Geography; Geographic Area Name; Households!!Estimate!!Total; Households!!Margin of Error!!Total; Families!!Estimate!!Total; Families!!Margin of Error!!Total; Married-couple families!!Estimate!!Total; Married-couple families!!Margin of Error!!Total; Nonfamily households!!Estimate!!Total; Nonfamily households!!Margin of Error!!Total; Households!!Estimate!!Less than $10,000; Households!!Margin of Error!!Less than $10,000; Families!!Estimate!!Less than $10,000; Families!!Margin of Error!!Less than $10,000; Married-couple families!!Estimate!!Less than $10,000; Married-couple families!!Margin of Error!!Less than $10,000; Nonfamily households!!Estimate!!Less than $10,000; Nonfamily households!!Margin of Error!!Less than $10,000; Households!!Estimate!!$10,000 to $14,999; Households!!Margin of Error!!$10,000 to $14,999; Families!!Estimate!!$10,000 to $14,999; Families!!Margin of Error!!$10,000 to $14,999; Married-couple families!!Estimate!!$10,000 to $14,999; Married-couple families!!Margin of Error!!$10,000 to $14,999; Nonfamily households!!Estimate!!$10,000 to $14,999; ...",,,,csv encoding=utf-8-sig
ACSST5Y2015.S1901-Table-Notes.txt,data/raw/misc/dataset_archive/S1901Income in the Past 12 Months (in 2023 Inflation-Adjusted Dollars)/ACSST5Y2015.S1901-Table-Notes.txt,txt,5.18,data/raw/misc/dataset_archive/S1901Income in the Past 12 Months (in 2023 Inflation-Adjusted Dollars),demographics,raw_source,,,,,,,documentation or metadata text file
ACSST5Y2016.S1901-Column-Metadata.csv,data/raw/misc/dataset_archive/S1901Income in the Past 12 Months (in 2023 Inflation-Adjusted Dollars)/ACSST5Y2016.S1901-Column-Metadata.csv,csv,9.52,data/raw/misc/dataset_archive/S1901Income in the Past 12 Months (in 2023 Inflation-Adjusted Dollars),demographics,raw_source,129,2,GEO_ID; Geography,,,,csv encoding=utf-8-sig
ACSST5Y2016.S1901-Data.csv,data/raw/misc/dataset_archive/S1901Income in the Past 12 Months (in 2023 Inflation-Adjusted Dollars)/ACSST5Y2016.S1901-Data.csv,csv,37.09,data/raw/misc/dataset_archive/S1901Income in the Past 12 Months (in 2023 Inflation-Adjusted Dollars),demographics,raw_source,32,131,"Geography; Geographic Area Name; Households!!Estimate!!Total; Households!!Margin of Error!!Total; Families!!Estimate!!Total; Families!!Margin of Error!!Total; Married-couple families!!Estimate!!Total; Married-couple families!!Margin of Error!!Total; Nonfamily households!!Estimate!!Total; Nonfamily households!!Margin of Error!!Total; Households!!Estimate!!Less than $10,000; Households!!Margin of Error!!Less than $10,000; Families!!Estimate!!Less than $10,000; Families!!Margin of Error!!Less than $10,000; Married-couple families!!Estimate!!Less than $10,000; Married-couple families!!Margin of Error!!Less than $10,000; Nonfamily households!!Estimate!!Less than $10,000; Nonfamily households!!Margin of Error!!Less than $10,000; Households!!Estimate!!$10,000 to $14,999; Households!!Margin of Error!!$10,000 to $14,999; Families!!Estimate!!$10,000 to $14,999; Families!!Margin of Error!!$10,000 to $14,999; Married-couple families!!Estimate!!$10,000 to $14,999; Married-couple families!!Margin of Error!!$10,000 to $14,999; Nonfamily households!!Estimate!!$10,000 to $14,999; ...",,,,csv encoding=utf-8-sig
ACSST5Y2016.S1901-Table-Notes.txt,data/raw/misc/dataset_archive/S1901Income in the Past 12 Months (in 2023 Inflation-Adjusted Dollars)/ACSST5Y2016.S1901-Table-Notes.txt,txt,5.73,data/raw/misc/dataset_archive/S1901Income in the Past 12 Months (in 2023 Inflation-Adjusted Dollars),demographics,raw_source,,,,,,,documentation or metadata text file
ACSST5Y2017.S1901-Column-Metadata.csv,data/raw/misc/dataset_archive/S1901Income in the Past 12 Months (in 2023 Inflation-Adjusted Dollars)/ACSST5Y2017.S1901-Column-Metadata.csv,csv,10.32,data/raw/misc/dataset_archive/S1901Income in the Past 12 Months (in 2023 Inflation-Adjusted Dollars),demographics,raw_source,129,2,GEO_ID; Geography,,,,csv encoding=utf-8-sig
ACSST5Y2017.S1901-Data.csv,data/raw/misc/dataset_archive/S1901Income in the Past 12 Months (in 2023 Inflation-Adjusted Dollars)/ACSST5Y2017.S1901-Data.csv,csv,37.88,data/raw/misc/dataset_archive/S1901Income in the Past 12 Months (in 2023 Inflation-Adjusted Dollars),demographics,raw_source,32,131,"Geography; Geographic Area Name; Estimate!!Households!!Total; Margin of Error!!Households MOE!!Total; Estimate!!Households!!Total!!Less than $10,000; Margin of Error!!Households MOE!!Total!!Less than $10,000; Estimate!!Households!!Total!!$10,000 to $14,999; Margin of Error!!Households MOE!!Total!!$10,000 to $14,999; Estimate!!Households!!Total!!$15,000 to $24,999; Margin of Error!!Households MOE!!Total!!$15,000 to $24,999; Estimate!!Households!!Total!!$25,000 to $34,999; Margin of Error!!Households MOE!!Total!!$25,000 to $34,999; Estimate!!Households!!Total!!$35,000 to $49,999; Margin of Error!!Households MOE!!Total!!$35,000 to $49,999; Estimate!!Households!!Total!!$50,000 to $74,999; Margin of Error!!Households MOE!!Total!!$50,000 to $74,999; Estimate!!Households!!Total!!$75,000 to $99,999; Margin of Error!!Households MOE!!Total!!$75,000 to $99,999; Estimate!!Households!!Total!!$100,000 to $149,999; Margin of Error!!Households MOE!!Total!!$100,000 to $149,999; Estimate!!Households!!Total!!$150,000 to $199,999; Margin of Error!!Households MOE!!Total!!$150,000 to $199,999; Estimate!!Households!!Total!!$200,000 or more; Margin of Error!!Households MOE!!Total!!$200,000 or more; Estimate!!Households!!Median income (dollars); ...",,,,csv encoding=utf-8-sig
ACSST5Y2017.S1901-Table-Notes.txt,data/raw/misc/dataset_archive/S1901Income in the Past 12 Months (in 2023 Inflation-Adjusted Dollars)/ACSST5Y2017.S1901-Table-Notes.txt,txt,5.77,data/raw/misc/dataset_archive/S1901Income in the Past 12 Months (in 2023 Inflation-Adjusted Dollars),demographics,raw_source,,,,,,,documentation or metadata text file
ACSST5Y2018.S1901-Column-Metadata.csv,data/raw/misc/dataset_archive/S1901Income in the Past 12 Months (in 2023 Inflation-Adjusted Dollars)/ACSST5Y2018.S1901-Column-Metadata.csv,csv,10.32,data/raw/misc/dataset_archive/S1901Income in the Past 12 Months (in 2023 Inflation-Adjusted Dollars),demographics,raw_source,129,2,GEO_ID; Geography,,,,csv encoding=utf-8-sig
ACSST5Y2018.S1901-Data.csv,data/raw/misc/dataset_archive/S1901Income in the Past 12 Months (in 2023 Inflation-Adjusted Dollars)/ACSST5Y2018.S1901-Data.csv,csv,37.89,data/raw/misc/dataset_archive/S1901Income in the Past 12 Months (in 2023 Inflation-Adjusted Dollars),demographics,raw_source,32,131,"Geography; Geographic Area Name; Estimate!!Households!!Total; Margin of Error!!Households MOE!!Total; Estimate!!Households!!Total!!Less than $10,000; Margin of Error!!Households MOE!!Total!!Less than $10,000; Estimate!!Households!!Total!!$10,000 to $14,999; Margin of Error!!Households MOE!!Total!!$10,000 to $14,999; Estimate!!Households!!Total!!$15,000 to $24,999; Margin of Error!!Households MOE!!Total!!$15,000 to $24,999; Estimate!!Households!!Total!!$25,000 to $34,999; Margin of Error!!Households MOE!!Total!!$25,000 to $34,999; Estimate!!Households!!Total!!$35,000 to $49,999; Margin of Error!!Households MOE!!Total!!$35,000 to $49,999; Estimate!!Households!!Total!!$50,000 to $74,999; Margin of Error!!Households MOE!!Total!!$50,000 to $74,999; Estimate!!Households!!Total!!$75,000 to $99,999; Margin of Error!!Households MOE!!Total!!$75,000 to $99,999; Estimate!!Households!!Total!!$100,000 to $149,999; Margin of Error!!Households MOE!!Total!!$100,000 to $149,999; Estimate!!Households!!Total!!$150,000 to $199,999; Margin of Error!!Households MOE!!Total!!$150,000 to $199,999; Estimate!!Households!!Total!!$200,000 or more; Margin of Error!!Households MOE!!Total!!$200,000 or more; Estimate!!Households!!Median income (dollars); ...",,,,csv encoding=utf-8-sig
ACSST5Y2018.S1901-Table-Notes.txt,data/raw/misc/dataset_archive/S1901Income in the Past 12 Months (in 2023 Inflation-Adjusted Dollars)/ACSST5Y2018.S1901-Table-Notes.txt,txt,5.94,data/raw/misc/dataset_archive/S1901Income in the Past 12 Months (in 2023 Inflation-Adjusted Dollars),demographics,raw_source,,,,,,,documentation or metadata text file
ACSST5Y2019.S1901-Column-Metadata.csv,data/raw/misc/dataset_archive/S1901Income in the Past 12 Months (in 2023 Inflation-Adjusted Dollars)/ACSST5Y2019.S1901-Column-Metadata.csv,csv,10.07,data/raw/misc/dataset_archive/S1901Income in the Past 12 Months (in 2023 Inflation-Adjusted Dollars),demographics,raw_source,129,2,GEO_ID; Geography,,,,csv encoding=utf-8-sig
ACSST5Y2019.S1901-Data.csv,data/raw/misc/dataset_archive/S1901Income in the Past 12 Months (in 2023 Inflation-Adjusted Dollars)/ACSST5Y2019.S1901-Data.csv,csv,37.63,data/raw/misc/dataset_archive/S1901Income in the Past 12 Months (in 2023 Inflation-Adjusted Dollars),demographics,raw_source,32,131,"Geography; Geographic Area Name; Estimate!!Households!!Total; Margin of Error!!Households!!Total; Estimate!!Households!!Total!!Less than $10,000; Margin of Error!!Households!!Total!!Less than $10,000; Estimate!!Households!!Total!!$10,000 to $14,999; Margin of Error!!Households!!Total!!$10,000 to $14,999; Estimate!!Households!!Total!!$15,000 to $24,999; Margin of Error!!Households!!Total!!$15,000 to $24,999; Estimate!!Households!!Total!!$25,000 to $34,999; Margin of Error!!Households!!Total!!$25,000 to $34,999; Estimate!!Households!!Total!!$35,000 to $49,999; Margin of Error!!Households!!Total!!$35,000 to $49,999; Estimate!!Households!!Total!!$50,000 to $74,999; Margin of Error!!Households!!Total!!$50,000 to $74,999; Estimate!!Households!!Total!!$75,000 to $99,999; Margin of Error!!Households!!Total!!$75,000 to $99,999; Estimate!!Households!!Total!!$100,000 to $149,999; Margin of Error!!Households!!Total!!$100,000 to $149,999; Estimate!!Households!!Total!!$150,000 to $199,999; Margin of Error!!Households!!Total!!$150,000 to $199,999; Estimate!!Households!!Total!!$200,000 or more; Margin of Error!!Households!!Total!!$200,000 or more; Estimate!!Households!!Median income (dollars); ...",,,,csv encoding=utf-8-sig
ACSST5Y2019.S1901-Table-Notes.txt,data/raw/misc/dataset_archive/S1901Income in the Past 12 Months (in 2023 Inflation-Adjusted Dollars)/ACSST5Y2019.S1901-Table-Notes.txt,txt,6.48,data/raw/misc/dataset_archive/S1901Income in the Past 12 Months (in 2023 Inflation-Adjusted Dollars),demographics,raw_source,,,,,,,documentation or metadata text file
ACSST5Y2020.S1901-Column-Metadata.csv,data/raw/misc/dataset_archive/S1901Income in the Past 12 Months (in 2023 Inflation-Adjusted Dollars)/ACSST5Y2020.S1901-Column-Metadata.csv,csv,10.07,data/raw/misc/dataset_archive/S1901Income in the Past 12 Months (in 2023 Inflation-Adjusted Dollars),demographics,raw_source,129,2,GEO_ID; Geography,,,,csv encoding=utf-8-sig
ACSST5Y2020.S1901-Data.csv,data/raw/misc/dataset_archive/S1901Income in the Past 12 Months (in 2023 Inflation-Adjusted Dollars)/ACSST5Y2020.S1901-Data.csv,csv,39.45,data/raw/misc/dataset_archive/S1901Income in the Past 12 Months (in 2023 Inflation-Adjusted Dollars),demographics,raw_source,34,131,"Geography; Geographic Area Name; Estimate!!Households!!Total; Margin of Error!!Households!!Total; Estimate!!Households!!Total!!Less than $10,000; Margin of Error!!Households!!Total!!Less than $10,000; Estimate!!Households!!Total!!$10,000 to $14,999; Margin of Error!!Households!!Total!!$10,000 to $14,999; Estimate!!Households!!Total!!$15,000 to $24,999; Margin of Error!!Households!!Total!!$15,000 to $24,999; Estimate!!Households!!Total!!$25,000 to $34,999; Margin of Error!!Households!!Total!!$25,000 to $34,999; Estimate!!Households!!Total!!$35,000 to $49,999; Margin of Error!!Households!!Total!!$35,000 to $49,999; Estimate!!Households!!Total!!$50,000 to $74,999; Margin of Error!!Households!!Total!!$50,000 to $74,999; Estimate!!Households!!Total!!$75,000 to $99,999; Margin of Error!!Households!!Total!!$75,000 to $99,999; Estimate!!Households!!Total!!$100,000 to $149,999; Margin of Error!!Households!!Total!!$100,000 to $149,999; Estimate!!Households!!Total!!$150,000 to $199,999; Margin of Error!!Households!!Total!!$150,000 to $199,999; Estimate!!Households!!Total!!$200,000 or more; Margin of Error!!Households!!Total!!$200,000 or more; Estimate!!Households!!Median income (dollars); ...",,,,csv encoding=utf-8-sig
ACSST5Y2020.S1901-Table-Notes.txt,data/raw/misc/dataset_archive/S1901Income in the Past 12 Months (in 2023 Inflation-Adjusted Dollars)/ACSST5Y2020.S1901-Table-Notes.txt,txt,6.51,data/raw/misc/dataset_archive/S1901Income in the Past 12 Months (in 2023 Inflation-Adjusted Dollars),demographics,raw_source,,,,,,,documentation or metadata text file
ACSST5Y2021.S1901-Column-Metadata.csv,data/raw/misc/dataset_archive/S1901Income in the Past 12 Months (in 2023 Inflation-Adjusted Dollars)/ACSST5Y2021.S1901-Column-Metadata.csv,csv,10.07,data/raw/misc/dataset_archive/S1901Income in the Past 12 Months (in 2023 Inflation-Adjusted Dollars),demographics,raw_source,129,2,GEO_ID; Geography,,,,csv encoding=utf-8-sig
ACSST5Y2021.S1901-Data.csv,data/raw/misc/dataset_archive/S1901Income in the Past 12 Months (in 2023 Inflation-Adjusted Dollars)/ACSST5Y2021.S1901-Data.csv,csv,39.47,data/raw/misc/dataset_archive/S1901Income in the Past 12 Months (in 2023 Inflation-Adjusted Dollars),demographics,raw_source,34,131,"Geography; Geographic Area Name; Estimate!!Households!!Total; Margin of Error!!Households!!Total; Estimate!!Households!!Total!!Less than $10,000; Margin of Error!!Households!!Total!!Less than $10,000; Estimate!!Households!!Total!!$10,000 to $14,999; Margin of Error!!Households!!Total!!$10,000 to $14,999; Estimate!!Households!!Total!!$15,000 to $24,999; Margin of Error!!Households!!Total!!$15,000 to $24,999; Estimate!!Households!!Total!!$25,000 to $34,999; Margin of Error!!Households!!Total!!$25,000 to $34,999; Estimate!!Households!!Total!!$35,000 to $49,999; Margin of Error!!Households!!Total!!$35,000 to $49,999; Estimate!!Households!!Total!!$50,000 to $74,999; Margin of Error!!Households!!Total!!$50,000 to $74,999; Estimate!!Households!!Total!!$75,000 to $99,999; Margin of Error!!Households!!Total!!$75,000 to $99,999; Estimate!!Households!!Total!!$100,000 to $149,999; Margin of Error!!Households!!Total!!$100,000 to $149,999; Estimate!!Households!!Total!!$150,000 to $199,999; Margin of Error!!Households!!Total!!$150,000 to $199,999; Estimate!!Households!!Total!!$200,000 or more; Margin of Error!!Households!!Total!!$200,000 or more; Estimate!!Households!!Median income (dollars); ...",,,,csv encoding=utf-8-sig
ACSST5Y2021.S1901-Table-Notes.txt,data/raw/misc/dataset_archive/S1901Income in the Past 12 Months (in 2023 Inflation-Adjusted Dollars)/ACSST5Y2021.S1901-Table-Notes.txt,txt,6.49,data/raw/misc/dataset_archive/S1901Income in the Past 12 Months (in 2023 Inflation-Adjusted Dollars),demographics,raw_source,,,,,,,documentation or metadata text file
ACSST5Y2022.S1901-Column-Metadata.csv,data/raw/misc/dataset_archive/S1901Income in the Past 12 Months (in 2023 Inflation-Adjusted Dollars)/ACSST5Y2022.S1901-Column-Metadata.csv,csv,10.07,data/raw/misc/dataset_archive/S1901Income in the Past 12 Months (in 2023 Inflation-Adjusted Dollars),demographics,raw_source,129,2,GEO_ID; Geography,,,,csv encoding=utf-8-sig
ACSST5Y2022.S1901-Data.csv,data/raw/misc/dataset_archive/S1901Income in the Past 12 Months (in 2023 Inflation-Adjusted Dollars)/ACSST5Y2022.S1901-Data.csv,csv,39.51,data/raw/misc/dataset_archive/S1901Income in the Past 12 Months (in 2023 Inflation-Adjusted Dollars),demographics,raw_source,34,131,"Geography; Geographic Area Name; Estimate!!Households!!Total; Margin of Error!!Households!!Total; Estimate!!Households!!Total!!Less than $10,000; Margin of Error!!Households!!Total!!Less than $10,000; Estimate!!Households!!Total!!$10,000 to $14,999; Margin of Error!!Households!!Total!!$10,000 to $14,999; Estimate!!Households!!Total!!$15,000 to $24,999; Margin of Error!!Households!!Total!!$15,000 to $24,999; Estimate!!Households!!Total!!$25,000 to $34,999; Margin of Error!!Households!!Total!!$25,000 to $34,999; Estimate!!Households!!Total!!$35,000 to $49,999; Margin of Error!!Households!!Total!!$35,000 to $49,999; Estimate!!Households!!Total!!$50,000 to $74,999; Margin of Error!!Households!!Total!!$50,000 to $74,999; Estimate!!Households!!Total!!$75,000 to $99,999; Margin of Error!!Households!!Total!!$75,000 to $99,999; Estimate!!Households!!Total!!$100,000 to $149,999; Margin of Error!!Households!!Total!!$100,000 to $149,999; Estimate!!Households!!Total!!$150,000 to $199,999; Margin of Error!!Households!!Total!!$150,000 to $199,999; Estimate!!Households!!Total!!$200,000 or more; Margin of Error!!Households!!Total!!$200,000 or more; Estimate!!Households!!Median income (dollars); ...",,,,csv encoding=utf-8-sig
ACSST5Y2022.S1901-Table-Notes.txt,data/raw/misc/dataset_archive/S1901Income in the Past 12 Months (in 2023 Inflation-Adjusted Dollars)/ACSST5Y2022.S1901-Table-Notes.txt,txt,6.44,data/raw/misc/dataset_archive/S1901Income in the Past 12 Months (in 2023 Inflation-Adjusted Dollars),demographics,raw_source,,,,,,,documentation or metadata text file
ACSST5Y2023.S1901-Column-Metadata.csv,data/raw/misc/dataset_archive/S1901Income in the Past 12 Months (in 2023 Inflation-Adjusted Dollars)/ACSST5Y2023.S1901-Column-Metadata.csv,csv,10.07,data/raw/misc/dataset_archive/S1901Income in the Past 12 Months (in 2023 Inflation-Adjusted Dollars),demographics,raw_source,129,2,GEO_ID; Geography,,,,csv encoding=utf-8-sig
ACSST5Y2023.S1901-Data.csv,data/raw/misc/dataset_archive/S1901Income in the Past 12 Months (in 2023 Inflation-Adjusted Dollars)/ACSST5Y2023.S1901-Data.csv,csv,39.48,data/raw/misc/dataset_archive/S1901Income in the Past 12 Months (in 2023 Inflation-Adjusted Dollars),demographics,raw_source,34,131,"Geography; Geographic Area Name; Estimate!!Households!!Total; Margin of Error!!Households!!Total; Estimate!!Households!!Total!!Less than $10,000; Margin of Error!!Households!!Total!!Less than $10,000; Estimate!!Households!!Total!!$10,000 to $14,999; Margin of Error!!Households!!Total!!$10,000 to $14,999; Estimate!!Households!!Total!!$15,000 to $24,999; Margin of Error!!Households!!Total!!$15,000 to $24,999; Estimate!!Households!!Total!!$25,000 to $34,999; Margin of Error!!Households!!Total!!$25,000 to $34,999; Estimate!!Households!!Total!!$35,000 to $49,999; Margin of Error!!Households!!Total!!$35,000 to $49,999; Estimate!!Households!!Total!!$50,000 to $74,999; Margin of Error!!Households!!Total!!$50,000 to $74,999; Estimate!!Households!!Total!!$75,000 to $99,999; Margin of Error!!Households!!Total!!$75,000 to $99,999; Estimate!!Households!!Total!!$100,000 to $149,999; Margin of Error!!Households!!Total!!$100,000 to $149,999; Estimate!!Households!!Total!!$150,000 to $199,999; Margin of Error!!Households!!Total!!$150,000 to $199,999; Estimate!!Households!!Total!!$200,000 or more; Margin of Error!!Households!!Total!!$200,000 or more; Estimate!!Households!!Median income (dollars); ...",,,,csv encoding=utf-8-sig
ACSST5Y2023.S1901-Table-Notes.txt,data/raw/misc/dataset_archive/S1901Income in the Past 12 Months (in 2023 Inflation-Adjusted Dollars)/ACSST5Y2023.S1901-Table-Notes.txt,txt,6.52,data/raw/misc/dataset_archive/S1901Income in the Past 12 Months (in 2023 Inflation-Adjusted Dollars),demographics,raw_source,,,,,,,documentation or metadata text file
ACSST5Y2010.S1902-Column-Metadata.csv,data/raw/misc/dataset_archive/S1902Mean Income in the Past 12 Months (in 2023 Inflation-Adjusted Dollars)/ACSST5Y2010.S1902-Column-Metadata.csv,csv,11.33,data/raw/misc/dataset_archive/S1902Mean Income in the Past 12 Months (in 2023 Inflation-Adjusted Dollars),demographics,raw_source,109,2,GEO_ID; Geography,,,,csv encoding=utf-8-sig
ACSST5Y2010.S1902-Data.csv,data/raw/misc/dataset_archive/S1902Mean Income in the Past 12 Months (in 2023 Inflation-Adjusted Dollars)/ACSST5Y2010.S1902-Data.csv,csv,35.57,data/raw/misc/dataset_archive/S1902Mean Income in the Past 12 Months (in 2023 Inflation-Adjusted Dollars),demographics,raw_source,32,111,"Geography; Geographic Area Name; Total!!Estimate!!All households; Total!!Margin of Error!!All households; Mean income (dollars)!!Estimate!!All households; Mean income (dollars)!!Margin of Error!!All households; Total!!Estimate!!With earnings; Total!!Margin of Error!!With earnings; Mean income (dollars)!!Estimate!!With earnings; Mean income (dollars)!!Margin of Error!!With earnings; Total!!Estimate!!With interest, dividends, or net rental income; Total!!Margin of Error!!With interest, dividends, or net rental income; Mean income (dollars)!!Estimate!!With interest, dividends, or net rental income; Mean income (dollars)!!Margin of Error!!With interest, dividends, or net rental income; Total!!Estimate!!With Social Security income; Total!!Margin of Error!!With Social Security income; Mean income (dollars)!!Estimate!!With Social Security income; Mean income (dollars)!!Margin of Error!!With Social Security income; Total!!Estimate!!With Supplemental Security Income (SSI); Total!!Margin of Error!!With Supplemental Security Income (SSI); Mean income (dollars)!!Estimate!!With Supplemental Security Income (SSI); Mean income (dollars)!!Margin of Error!!With Supplemental Security Income (SSI); Total!!Estimate!!With cash public assistance income; Total!!Margin of Error!!With cash public assistance income; Mean income (dollars)!!Estimate!!With cash public assistance income; ...",,,,csv encoding=utf-8-sig
ACSST5Y2010.S1902-Table-Notes.txt,data/raw/misc/dataset_archive/S1902Mean Income in the Past 12 Months (in 2023 Inflation-Adjusted Dollars)/ACSST5Y2010.S1902-Table-Notes.txt,txt,5.92,data/raw/misc/dataset_archive/S1902Mean Income in the Past 12 Months (in 2023 Inflation-Adjusted Dollars),demographics,raw_source,,,,,,,documentation or metadata text file
ACSST5Y2011.S1902-Column-Metadata.csv,data/raw/misc/dataset_archive/S1902Mean Income in the Past 12 Months (in 2023 Inflation-Adjusted Dollars)/ACSST5Y2011.S1902-Column-Metadata.csv,csv,11.33,data/raw/misc/dataset_archive/S1902Mean Income in the Past 12 Months (in 2023 Inflation-Adjusted Dollars),demographics,raw_source,109,2,GEO_ID; Geography,,,,csv encoding=utf-8-sig
ACSST5Y2011.S1902-Data.csv,data/raw/misc/dataset_archive/S1902Mean Income in the Past 12 Months (in 2023 Inflation-Adjusted Dollars)/ACSST5Y2011.S1902-Data.csv,csv,34.69,data/raw/misc/dataset_archive/S1902Mean Income in the Past 12 Months (in 2023 Inflation-Adjusted Dollars),demographics,raw_source,32,111,"Geography; Geographic Area Name; Total!!Estimate!!All households; Total!!Margin of Error!!All households; Mean income (dollars)!!Estimate!!All households; Mean income (dollars)!!Margin of Error!!All households; Total!!Estimate!!With earnings; Total!!Margin of Error!!With earnings; Mean income (dollars)!!Estimate!!With earnings; Mean income (dollars)!!Margin of Error!!With earnings; Total!!Estimate!!With interest, dividends, or net rental income; Total!!Margin of Error!!With interest, dividends, or net rental income; Mean income (dollars)!!Estimate!!With interest, dividends, or net rental income; Mean income (dollars)!!Margin of Error!!With interest, dividends, or net rental income; Total!!Estimate!!With Social Security income; Total!!Margin of Error!!With Social Security income; Mean income (dollars)!!Estimate!!With Social Security income; Mean income (dollars)!!Margin of Error!!With Social Security income; Total!!Estimate!!With Supplemental Security Income (SSI); Total!!Margin of Error!!With Supplemental Security Income (SSI); Mean income (dollars)!!Estimate!!With Supplemental Security Income (SSI); Mean income (dollars)!!Margin of Error!!With Supplemental Security Income (SSI); Total!!Estimate!!With cash public assistance income; Total!!Margin of Error!!With cash public assistance income; Mean income (dollars)!!Estimate!!With cash public assistance income; ...",,,,csv encoding=utf-8-sig
ACSST5Y2011.S1902-Table-Notes.txt,data/raw/misc/dataset_archive/S1902Mean Income in the Past 12 Months (in 2023 Inflation-Adjusted Dollars)/ACSST5Y2011.S1902-Table-Notes.txt,txt,5.69,data/raw/misc/dataset_archive/S1902Mean Income in the Past 12 Months (in 2023 Inflation-Adjusted Dollars),demographics,raw_source,,,,,,,documentation or metadata text file
ACSST5Y2012.S1902-Column-Metadata.csv,data/raw/misc/dataset_archive/S1902Mean Income in the Past 12 Months (in 2023 Inflation-Adjusted Dollars)/ACSST5Y2012.S1902-Column-Metadata.csv,csv,11.33,data/raw/misc/dataset_archive/S1902Mean Income in the Past 12 Months (in 2023 Inflation-Adjusted Dollars),demographics,raw_source,109,2,GEO_ID; Geography,,,,csv encoding=utf-8-sig
ACSST5Y2012.S1902-Data.csv,data/raw/misc/dataset_archive/S1902Mean Income in the Past 12 Months (in 2023 Inflation-Adjusted Dollars)/ACSST5Y2012.S1902-Data.csv,csv,34.64,data/raw/misc/dataset_archive/S1902Mean Income in the Past 12 Months (in 2023 Inflation-Adjusted Dollars),demographics,raw_source,32,111,"Geography; Geographic Area Name; Total!!Estimate!!All households; Total!!Margin of Error!!All households; Mean income (dollars)!!Estimate!!All households; Mean income (dollars)!!Margin of Error!!All households; Total!!Estimate!!With earnings; Total!!Margin of Error!!With earnings; Mean income (dollars)!!Estimate!!With earnings; Mean income (dollars)!!Margin of Error!!With earnings; Total!!Estimate!!With interest, dividends, or net rental income; Total!!Margin of Error!!With interest, dividends, or net rental income; Mean income (dollars)!!Estimate!!With interest, dividends, or net rental income; Mean income (dollars)!!Margin of Error!!With interest, dividends, or net rental income; Total!!Estimate!!With Social Security income; Total!!Margin of Error!!With Social Security income; Mean income (dollars)!!Estimate!!With Social Security income; Mean income (dollars)!!Margin of Error!!With Social Security income; Total!!Estimate!!With Supplemental Security Income (SSI); Total!!Margin of Error!!With Supplemental Security Income (SSI); Mean income (dollars)!!Estimate!!With Supplemental Security Income (SSI); Mean income (dollars)!!Margin of Error!!With Supplemental Security Income (SSI); Total!!Estimate!!With cash public assistance income; Total!!Margin of Error!!With cash public assistance income; Mean income (dollars)!!Estimate!!With cash public assistance income; ...",,,,csv encoding=utf-8-sig
ACSST5Y2012.S1902-Table-Notes.txt,data/raw/misc/dataset_archive/S1902Mean Income in the Past 12 Months (in 2023 Inflation-Adjusted Dollars)/ACSST5Y2012.S1902-Table-Notes.txt,txt,5.69,data/raw/misc/dataset_archive/S1902Mean Income in the Past 12 Months (in 2023 Inflation-Adjusted Dollars),demographics,raw_source,,,,,,,documentation or metadata text file
ACSST5Y2013.S1902-Column-Metadata.csv,data/raw/misc/dataset_archive/S1902Mean Income in the Past 12 Months (in 2023 Inflation-Adjusted Dollars)/ACSST5Y2013.S1902-Column-Metadata.csv,csv,12.53,data/raw/misc/dataset_archive/S1902Mean Income in the Past 12 Months (in 2023 Inflation-Adjusted Dollars),demographics,raw_source,109,2,GEO_ID; Geography,,,,csv encoding=utf-8-sig
ACSST5Y2013.S1902-Data.csv,data/raw/misc/dataset_archive/S1902Mean Income in the Past 12 Months (in 2023 Inflation-Adjusted Dollars)/ACSST5Y2013.S1902-Data.csv,csv,35.79,data/raw/misc/dataset_archive/S1902Mean Income in the Past 12 Months (in 2023 Inflation-Adjusted Dollars),demographics,raw_source,32,111,"Geography; Geographic Area Name; Total!!Estimate!!All households; Total!!Margin of Error!!All households; Mean income (dollars)!!Estimate!!All households; Mean income (dollars)!!Margin of Error!!All households; Total!!Estimate!!All households!!With earnings; Total!!Margin of Error!!All households!!With earnings; Mean income (dollars)!!Estimate!!All households!!With earnings; Mean income (dollars)!!Margin of Error!!All households!!With earnings; Total!!Estimate!!All households!!With interest, dividends, or net rental income; Total!!Margin of Error!!All households!!With interest, dividends, or net rental income; Mean income (dollars)!!Estimate!!All households!!With interest, dividends, or net rental income; Mean income (dollars)!!Margin of Error!!All households!!With interest, dividends, or net rental income; Total!!Estimate!!All households!!With Social Security income; Total!!Margin of Error!!All households!!With Social Security income; Mean income (dollars)!!Estimate!!All households!!With Social Security income; Mean income (dollars)!!Margin of Error!!All households!!With Social Security income; Total!!Estimate!!All households!!With Supplemental Security Income (SSI); Total!!Margin of Error!!All households!!With Supplemental Security Income (SSI); Mean income (dollars)!!Estimate!!All households!!With Supplemental Security Income (SSI); Mean income (dollars)!!Margin of Error!!All households!!With Supplemental Security Income (SSI); Total!!Estimate!!All households!!With cash public assistance income; Total!!Margin of Error!!All households!!With cash public assistance income; Mean income (dollars)!!Estimate!!All households!!With cash public assistance income; ...",,,,csv encoding=utf-8-sig
ACSST5Y2013.S1902-Table-Notes.txt,data/raw/misc/dataset_archive/S1902Mean Income in the Past 12 Months (in 2023 Inflation-Adjusted Dollars)/ACSST5Y2013.S1902-Table-Notes.txt,txt,6.14,data/raw/misc/dataset_archive/S1902Mean Income in the Past 12 Months (in 2023 Inflation-Adjusted Dollars),demographics,raw_source,,,,,,,documentation or metadata text file
ACSST5Y2014.S1902-Column-Metadata.csv,data/raw/misc/dataset_archive/S1902Mean Income in the Past 12 Months (in 2023 Inflation-Adjusted Dollars)/ACSST5Y2014.S1902-Column-Metadata.csv,csv,12.53,data/raw/misc/dataset_archive/S1902Mean Income in the Past 12 Months (in 2023 Inflation-Adjusted Dollars),demographics,raw_source,109,2,GEO_ID; Geography,,,,csv encoding=utf-8-sig
ACSST5Y2014.S1902-Data.csv,data/raw/misc/dataset_archive/S1902Mean Income in the Past 12 Months (in 2023 Inflation-Adjusted Dollars)/ACSST5Y2014.S1902-Data.csv,csv,35.81,data/raw/misc/dataset_archive/S1902Mean Income in the Past 12 Months (in 2023 Inflation-Adjusted Dollars),demographics,raw_source,32,111,"Geography; Geographic Area Name; Total!!Estimate!!All households; Total!!Margin of Error!!All households; Mean income (dollars)!!Estimate!!All households; Mean income (dollars)!!Margin of Error!!All households; Total!!Estimate!!All households!!With earnings; Total!!Margin of Error!!All households!!With earnings; Mean income (dollars)!!Estimate!!All households!!With earnings; Mean income (dollars)!!Margin of Error!!All households!!With earnings; Total!!Estimate!!All households!!With interest, dividends, or net rental income; Total!!Margin of Error!!All households!!With interest, dividends, or net rental income; Mean income (dollars)!!Estimate!!All households!!With interest, dividends, or net rental income; Mean income (dollars)!!Margin of Error!!All households!!With interest, dividends, or net rental income; Total!!Estimate!!All households!!With Social Security income; Total!!Margin of Error!!All households!!With Social Security income; Mean income (dollars)!!Estimate!!All households!!With Social Security income; Mean income (dollars)!!Margin of Error!!All households!!With Social Security income; Total!!Estimate!!All households!!With Supplemental Security Income (SSI); Total!!Margin of Error!!All households!!With Supplemental Security Income (SSI); Mean income (dollars)!!Estimate!!All households!!With Supplemental Security Income (SSI); Mean income (dollars)!!Margin of Error!!All households!!With Supplemental Security Income (SSI); Total!!Estimate!!All households!!With cash public assistance income; Total!!Margin of Error!!All households!!With cash public assistance income; Mean income (dollars)!!Estimate!!All households!!With cash public assistance income; ...",,,,csv encoding=utf-8-sig
ACSST5Y2014.S1902-Table-Notes.txt,data/raw/misc/dataset_archive/S1902Mean Income in the Past 12 Months (in 2023 Inflation-Adjusted Dollars)/ACSST5Y2014.S1902-Table-Notes.txt,txt,5.48,data/raw/misc/dataset_archive/S1902Mean Income in the Past 12 Months (in 2023 Inflation-Adjusted Dollars),demographics,raw_source,,,,,,,documentation or metadata text file
ACSST5Y2015.S1902-Column-Metadata.csv,data/raw/misc/dataset_archive/S1902Mean Income in the Past 12 Months (in 2023 Inflation-Adjusted Dollars)/ACSST5Y2015.S1902-Column-Metadata.csv,csv,12.53,data/raw/misc/dataset_archive/S1902Mean Income in the Past 12 Months (in 2023 Inflation-Adjusted Dollars),demographics,raw_source,109,2,GEO_ID; Geography,,,,csv encoding=utf-8-sig
ACSST5Y2015.S1902-Data.csv,data/raw/misc/dataset_archive/S1902Mean Income in the Past 12 Months (in 2023 Inflation-Adjusted Dollars)/ACSST5Y2015.S1902-Data.csv,csv,35.75,data/raw/misc/dataset_archive/S1902Mean Income in the Past 12 Months (in 2023 Inflation-Adjusted Dollars),demographics,raw_source,32,111,"Geography; Geographic Area Name; Total!!Estimate!!All households; Total!!Margin of Error!!All households; Mean income (dollars)!!Estimate!!All households; Mean income (dollars)!!Margin of Error!!All households; Total!!Estimate!!All households!!With earnings; Total!!Margin of Error!!All households!!With earnings; Mean income (dollars)!!Estimate!!All households!!With earnings; Mean income (dollars)!!Margin of Error!!All households!!With earnings; Total!!Estimate!!All households!!With interest, dividends, or net rental income; Total!!Margin of Error!!All households!!With interest, dividends, or net rental income; Mean income (dollars)!!Estimate!!All households!!With interest, dividends, or net rental income; Mean income (dollars)!!Margin of Error!!All households!!With interest, dividends, or net rental income; Total!!Estimate!!All households!!With Social Security income; Total!!Margin of Error!!All households!!With Social Security income; Mean income (dollars)!!Estimate!!All households!!With Social Security income; Mean income (dollars)!!Margin of Error!!All households!!With Social Security income; Total!!Estimate!!All households!!With Supplemental Security Income (SSI); Total!!Margin of Error!!All households!!With Supplemental Security Income (SSI); Mean income (dollars)!!Estimate!!All households!!With Supplemental Security Income (SSI); Mean income (dollars)!!Margin of Error!!All households!!With Supplemental Security Income (SSI); Total!!Estimate!!All households!!With cash public assistance income; Total!!Margin of Error!!All households!!With cash public assistance income; Mean income (dollars)!!Estimate!!All households!!With cash public assistance income; ...",,,,csv encoding=utf-8-sig
ACSST5Y2015.S1902-Table-Notes.txt,data/raw/misc/dataset_archive/S1902Mean Income in the Past 12 Months (in 2023 Inflation-Adjusted Dollars)/ACSST5Y2015.S1902-Table-Notes.txt,txt,5.69,data/raw/misc/dataset_archive/S1902Mean Income in the Past 12 Months (in 2023 Inflation-Adjusted Dollars),demographics,raw_source,,,,,,,documentation or metadata text file
ACSST5Y2016.S1902-Column-Metadata.csv,data/raw/misc/dataset_archive/S1902Mean Income in the Past 12 Months (in 2023 Inflation-Adjusted Dollars)/ACSST5Y2016.S1902-Column-Metadata.csv,csv,12.55,data/raw/misc/dataset_archive/S1902Mean Income in the Past 12 Months (in 2023 Inflation-Adjusted Dollars),demographics,raw_source,109,2,GEO_ID; Geography,,,,csv encoding=utf-8-sig
ACSST5Y2016.S1902-Data.csv,data/raw/misc/dataset_archive/S1902Mean Income in the Past 12 Months (in 2023 Inflation-Adjusted Dollars)/ACSST5Y2016.S1902-Data.csv,csv,35.65,data/raw/misc/dataset_archive/S1902Mean Income in the Past 12 Months (in 2023 Inflation-Adjusted Dollars),demographics,raw_source,32,111,"Geography; Geographic Area Name; Total!!Estimate!!All households; Total!!Margin of Error!!All households; Mean income (dollars)!!Estimate!!All households; Mean income (dollars)!!Margin of Error!!All households; Total!!Estimate!!All households!!With earnings; Total!!Margin of Error!!All households!!With earnings; Mean income (dollars)!!Estimate!!All households!!With earnings; Mean income (dollars)!!Margin of Error!!All households!!With earnings; Total!!Estimate!!All households!!With interest, dividends, or net rental income; Total!!Margin of Error!!All households!!With interest, dividends, or net rental income; Mean income (dollars)!!Estimate!!All households!!With interest, dividends, or net rental income; Mean income (dollars)!!Margin of Error!!All households!!With interest, dividends, or net rental income; Total!!Estimate!!All households!!With Social Security income; Total!!Margin of Error!!All households!!With Social Security income; Mean income (dollars)!!Estimate!!All households!!With Social Security income; Mean income (dollars)!!Margin of Error!!All households!!With Social Security income; Total!!Estimate!!All households!!With Supplemental Security Income (SSI); Total!!Margin of Error!!All households!!With Supplemental Security Income (SSI); Mean income (dollars)!!Estimate!!All households!!With Supplemental Security Income (SSI); Mean income (dollars)!!Margin of Error!!All households!!With Supplemental Security Income (SSI); Total!!Estimate!!All households!!With cash public assistance income; Total!!Margin of Error!!All households!!With cash public assistance income; Mean income (dollars)!!Estimate!!All households!!With cash public assistance income; ...",,,,csv encoding=utf-8-sig
ACSST5Y2016.S1902-Table-Notes.txt,data/raw/misc/dataset_archive/S1902Mean Income in the Past 12 Months (in 2023 Inflation-Adjusted Dollars)/ACSST5Y2016.S1902-Table-Notes.txt,txt,6.24,data/raw/misc/dataset_archive/S1902Mean Income in the Past 12 Months (in 2023 Inflation-Adjusted Dollars),demographics,raw_source,,,,,,,documentation or metadata text file
ACSST5Y2017.S1902-Column-Metadata.csv,data/raw/misc/dataset_archive/S1902Mean Income in the Past 12 Months (in 2023 Inflation-Adjusted Dollars)/ACSST5Y2017.S1902-Column-Metadata.csv,csv,22.59,data/raw/misc/dataset_archive/S1902Mean Income in the Past 12 Months (in 2023 Inflation-Adjusted Dollars),demographics,raw_source,169,2,GEO_ID; Geography,,,,csv encoding=utf-8-sig
ACSST5Y2017.S1902-Data.csv,data/raw/misc/dataset_archive/S1902Mean Income in the Past 12 Months (in 2023 Inflation-Adjusted Dollars)/ACSST5Y2017.S1902-Data.csv,csv,56.34,data/raw/misc/dataset_archive/S1902Mean Income in the Past 12 Months (in 2023 Inflation-Adjusted Dollars),demographics,raw_source,32,171,"Geography; Geographic Area Name; Estimate!!Number!!HOUSEHOLD INCOME!!All households; Margin of Error!!Number MOE!!HOUSEHOLD INCOME!!All households; Estimate!!Number!!HOUSEHOLD INCOME!!All households!!With earnings; Margin of Error!!Number MOE!!HOUSEHOLD INCOME!!All households!!With earnings; Estimate!!Number!!HOUSEHOLD INCOME!!All households!!With earnings!!With wages or salary income; Margin of Error!!Number MOE!!HOUSEHOLD INCOME!!All households!!With earnings!!With wages or salary income; Estimate!!Number!!HOUSEHOLD INCOME!!All households!!With earnings!!With self-employment income; Margin of Error!!Number MOE!!HOUSEHOLD INCOME!!All households!!With earnings!!With self-employment income; Estimate!!Number!!HOUSEHOLD INCOME!!All households!!With interest, dividends, or net rental income; Margin of Error!!Number MOE!!HOUSEHOLD INCOME!!All households!!With interest, dividends, or net rental income; Estimate!!Number!!HOUSEHOLD INCOME!!All households!!With Social Security income; Margin of Error!!Number MOE!!HOUSEHOLD INCOME!!All households!!With Social Security income; Estimate!!Number!!HOUSEHOLD INCOME!!All households!!With Supplemental Security Income (SSI); Margin of Error!!Number MOE!!HOUSEHOLD INCOME!!All households!!With Supplemental Security Income (SSI); Estimate!!Number!!HOUSEHOLD INCOME!!All households!!With cash public assistance income or Food Stamps/SNAP; Margin of Error!!Number MOE!!HOUSEHOLD INCOME!!All households!!With cash public assistance income or Food Stamps/SNAP; Estimate!!Number!!HOUSEHOLD INCOME!!All households!!With cash public assistance income or Food Stamps/SNAP!!With cash public assistance; Margin of Error!!Number MOE!!HOUSEHOLD INCOME!!All households!!With cash public assistance income or Food Stamps/SNAP!!With cash public assistance; Estimate!!Number!!HOUSEHOLD INCOME!!All households!!With retirement income; Margin of Error!!Number MOE!!HOUSEHOLD INCOME!!All households!!With retirement income; Estimate!!Number!!HOUSEHOLD INCOME!!All households!!With other types of income; Margin of Error!!Number MOE!!HOUSEHOLD INCOME!!All households!!With other types of income; Estimate!!Number!!FAMILY INCOME BY NUMBER OF WORKERS IN FAMILY!!All families; ...",,,,csv encoding=utf-8-sig
ACSST5Y2017.S1902-Table-Notes.txt,data/raw/misc/dataset_archive/S1902Mean Income in the Past 12 Months (in 2023 Inflation-Adjusted Dollars)/ACSST5Y2017.S1902-Table-Notes.txt,txt,5.77,data/raw/misc/dataset_archive/S1902Mean Income in the Past 12 Months (in 2023 Inflation-Adjusted Dollars),demographics,raw_source,,,,,,,documentation or metadata text file
ACSST5Y2018.S1902-Column-Metadata.csv,data/raw/misc/dataset_archive/S1902Mean Income in the Past 12 Months (in 2023 Inflation-Adjusted Dollars)/ACSST5Y2018.S1902-Column-Metadata.csv,csv,22.59,data/raw/misc/dataset_archive/S1902Mean Income in the Past 12 Months (in 2023 Inflation-Adjusted Dollars),demographics,raw_source,169,2,GEO_ID; Geography,,,,csv encoding=utf-8-sig
ACSST5Y2018.S1902-Data.csv,data/raw/misc/dataset_archive/S1902Mean Income in the Past 12 Months (in 2023 Inflation-Adjusted Dollars)/ACSST5Y2018.S1902-Data.csv,csv,56.47,data/raw/misc/dataset_archive/S1902Mean Income in the Past 12 Months (in 2023 Inflation-Adjusted Dollars),demographics,raw_source,32,171,"Geography; Geographic Area Name; Estimate!!Number!!HOUSEHOLD INCOME!!All households; Margin of Error!!Number MOE!!HOUSEHOLD INCOME!!All households; Estimate!!Number!!HOUSEHOLD INCOME!!All households!!With earnings; Margin of Error!!Number MOE!!HOUSEHOLD INCOME!!All households!!With earnings; Estimate!!Number!!HOUSEHOLD INCOME!!All households!!With earnings!!With wages or salary income; Margin of Error!!Number MOE!!HOUSEHOLD INCOME!!All households!!With earnings!!With wages or salary income; Estimate!!Number!!HOUSEHOLD INCOME!!All households!!With earnings!!With self-employment income; Margin of Error!!Number MOE!!HOUSEHOLD INCOME!!All households!!With earnings!!With self-employment income; Estimate!!Number!!HOUSEHOLD INCOME!!All households!!With interest, dividends, or net rental income; Margin of Error!!Number MOE!!HOUSEHOLD INCOME!!All households!!With interest, dividends, or net rental income; Estimate!!Number!!HOUSEHOLD INCOME!!All households!!With Social Security income; Margin of Error!!Number MOE!!HOUSEHOLD INCOME!!All households!!With Social Security income; Estimate!!Number!!HOUSEHOLD INCOME!!All households!!With Supplemental Security Income (SSI); Margin of Error!!Number MOE!!HOUSEHOLD INCOME!!All households!!With Supplemental Security Income (SSI); Estimate!!Number!!HOUSEHOLD INCOME!!All households!!With cash public assistance income or Food Stamps/SNAP; Margin of Error!!Number MOE!!HOUSEHOLD INCOME!!All households!!With cash public assistance income or Food Stamps/SNAP; Estimate!!Number!!HOUSEHOLD INCOME!!All households!!With cash public assistance income or Food Stamps/SNAP!!With cash public assistance; Margin of Error!!Number MOE!!HOUSEHOLD INCOME!!All households!!With cash public assistance income or Food Stamps/SNAP!!With cash public assistance; Estimate!!Number!!HOUSEHOLD INCOME!!All households!!With retirement income; Margin of Error!!Number MOE!!HOUSEHOLD INCOME!!All households!!With retirement income; Estimate!!Number!!HOUSEHOLD INCOME!!All households!!With other types of income; Margin of Error!!Number MOE!!HOUSEHOLD INCOME!!All households!!With other types of income; Estimate!!Number!!FAMILY INCOME BY NUMBER OF WORKERS IN FAMILY!!All families; ...",,,,csv encoding=utf-8-sig
ACSST5Y2018.S1902-Table-Notes.txt,data/raw/misc/dataset_archive/S1902Mean Income in the Past 12 Months (in 2023 Inflation-Adjusted Dollars)/ACSST5Y2018.S1902-Table-Notes.txt,txt,5.94,data/raw/misc/dataset_archive/S1902Mean Income in the Past 12 Months (in 2023 Inflation-Adjusted Dollars),demographics,raw_source,,,,,,,documentation or metadata text file
ACSST5Y2019.S1902-Column-Metadata.csv,data/raw/misc/dataset_archive/S1902Mean Income in the Past 12 Months (in 2023 Inflation-Adjusted Dollars)/ACSST5Y2019.S1902-Column-Metadata.csv,csv,22.21,data/raw/misc/dataset_archive/S1902Mean Income in the Past 12 Months (in 2023 Inflation-Adjusted Dollars),demographics,raw_source,169,2,GEO_ID; Geography,,,,csv encoding=utf-8-sig
ACSST5Y2019.S1902-Data.csv,data/raw/misc/dataset_archive/S1902Mean Income in the Past 12 Months (in 2023 Inflation-Adjusted Dollars)/ACSST5Y2019.S1902-Data.csv,csv,56.08,data/raw/misc/dataset_archive/S1902Mean Income in the Past 12 Months (in 2023 Inflation-Adjusted Dollars),demographics,raw_source,32,171,"Geography; Geographic Area Name; Estimate!!Number!!HOUSEHOLD INCOME!!All households; Margin of Error!!Number!!HOUSEHOLD INCOME!!All households; Estimate!!Number!!HOUSEHOLD INCOME!!All households!!With earnings; Margin of Error!!Number!!HOUSEHOLD INCOME!!All households!!With earnings; Estimate!!Number!!HOUSEHOLD INCOME!!All households!!With earnings!!With wages or salary income; Margin of Error!!Number!!HOUSEHOLD INCOME!!All households!!With earnings!!With wages or salary income; Estimate!!Number!!HOUSEHOLD INCOME!!All households!!With earnings!!With self-employment income; Margin of Error!!Number!!HOUSEHOLD INCOME!!All households!!With earnings!!With self-employment income; Estimate!!Number!!HOUSEHOLD INCOME!!All households!!With interest, dividends, or net rental income; Margin of Error!!Number!!HOUSEHOLD INCOME!!All households!!With interest, dividends, or net rental income; Estimate!!Number!!HOUSEHOLD INCOME!!All households!!With Social Security income; Margin of Error!!Number!!HOUSEHOLD INCOME!!All households!!With Social Security income; Estimate!!Number!!HOUSEHOLD INCOME!!All households!!With Supplemental Security Income (SSI); Margin of Error!!Number!!HOUSEHOLD INCOME!!All households!!With Supplemental Security Income (SSI); Estimate!!Number!!HOUSEHOLD INCOME!!All households!!With cash public assistance income or Food Stamps/SNAP; Margin of Error!!Number!!HOUSEHOLD INCOME!!All households!!With cash public assistance income or Food Stamps/SNAP; Estimate!!Number!!HOUSEHOLD INCOME!!All households!!With cash public assistance income or Food Stamps/SNAP!!With cash public assistance; Margin of Error!!Number!!HOUSEHOLD INCOME!!All households!!With cash public assistance income or Food Stamps/SNAP!!With cash public assistance; Estimate!!Number!!HOUSEHOLD INCOME!!All households!!With retirement income; Margin of Error!!Number!!HOUSEHOLD INCOME!!All households!!With retirement income; Estimate!!Number!!HOUSEHOLD INCOME!!All households!!With other types of income; Margin of Error!!Number!!HOUSEHOLD INCOME!!All households!!With other types of income; Estimate!!Number!!FAMILY INCOME BY NUMBER OF WORKERS IN FAMILY!!All families; ...",,,,csv encoding=utf-8-sig
ACSST5Y2019.S1902-Table-Notes.txt,data/raw/misc/dataset_archive/S1902Mean Income in the Past 12 Months (in 2023 Inflation-Adjusted Dollars)/ACSST5Y2019.S1902-Table-Notes.txt,txt,6.89,data/raw/misc/dataset_archive/S1902Mean Income in the Past 12 Months (in 2023 Inflation-Adjusted Dollars),demographics,raw_source,,,,,,,documentation or metadata text file
ACSST5Y2020.S1902-Column-Metadata.csv,data/raw/misc/dataset_archive/S1902Mean Income in the Past 12 Months (in 2023 Inflation-Adjusted Dollars)/ACSST5Y2020.S1902-Column-Metadata.csv,csv,22.21,data/raw/misc/dataset_archive/S1902Mean Income in the Past 12 Months (in 2023 Inflation-Adjusted Dollars),demographics,raw_source,169,2,GEO_ID; Geography,,,,csv encoding=utf-8-sig
ACSST5Y2020.S1902-Data.csv,data/raw/misc/dataset_archive/S1902Mean Income in the Past 12 Months (in 2023 Inflation-Adjusted Dollars)/ACSST5Y2020.S1902-Data.csv,csv,58.2,data/raw/misc/dataset_archive/S1902Mean Income in the Past 12 Months (in 2023 Inflation-Adjusted Dollars),demographics,raw_source,34,171,"Geography; Geographic Area Name; Estimate!!Number!!HOUSEHOLD INCOME!!All households; Margin of Error!!Number!!HOUSEHOLD INCOME!!All households; Estimate!!Number!!HOUSEHOLD INCOME!!All households!!With earnings; Margin of Error!!Number!!HOUSEHOLD INCOME!!All households!!With earnings; Estimate!!Number!!HOUSEHOLD INCOME!!All households!!With earnings!!With wages or salary income; Margin of Error!!Number!!HOUSEHOLD INCOME!!All households!!With earnings!!With wages or salary income; Estimate!!Number!!HOUSEHOLD INCOME!!All households!!With earnings!!With self-employment income; Margin of Error!!Number!!HOUSEHOLD INCOME!!All households!!With earnings!!With self-employment income; Estimate!!Number!!HOUSEHOLD INCOME!!All households!!With interest, dividends, or net rental income; Margin of Error!!Number!!HOUSEHOLD INCOME!!All households!!With interest, dividends, or net rental income; Estimate!!Number!!HOUSEHOLD INCOME!!All households!!With Social Security income; Margin of Error!!Number!!HOUSEHOLD INCOME!!All households!!With Social Security income; Estimate!!Number!!HOUSEHOLD INCOME!!All households!!With Supplemental Security Income (SSI); Margin of Error!!Number!!HOUSEHOLD INCOME!!All households!!With Supplemental Security Income (SSI); Estimate!!Number!!HOUSEHOLD INCOME!!All households!!With cash public assistance income or Food Stamps/SNAP; Margin of Error!!Number!!HOUSEHOLD INCOME!!All households!!With cash public assistance income or Food Stamps/SNAP; Estimate!!Number!!HOUSEHOLD INCOME!!All households!!With cash public assistance income or Food Stamps/SNAP!!With cash public assistance; Margin of Error!!Number!!HOUSEHOLD INCOME!!All households!!With cash public assistance income or Food Stamps/SNAP!!With cash public assistance; Estimate!!Number!!HOUSEHOLD INCOME!!All households!!With retirement income; Margin of Error!!Number!!HOUSEHOLD INCOME!!All households!!With retirement income; Estimate!!Number!!HOUSEHOLD INCOME!!All households!!With other types of income; Margin of Error!!Number!!HOUSEHOLD INCOME!!All households!!With other types of income; Estimate!!Number!!FAMILY INCOME BY NUMBER OF WORKERS IN FAMILY!!All families; ...",,,,csv encoding=utf-8-sig
ACSST5Y2020.S1902-Table-Notes.txt,data/raw/misc/dataset_archive/S1902Mean Income in the Past 12 Months (in 2023 Inflation-Adjusted Dollars)/ACSST5Y2020.S1902-Table-Notes.txt,txt,6.92,data/raw/misc/dataset_archive/S1902Mean Income in the Past 12 Months (in 2023 Inflation-Adjusted Dollars),demographics,raw_source,,,,,,,documentation or metadata text file
ACSST5Y2021.S1902-Column-Metadata.csv,data/raw/misc/dataset_archive/S1902Mean Income in the Past 12 Months (in 2023 Inflation-Adjusted Dollars)/ACSST5Y2021.S1902-Column-Metadata.csv,csv,22.21,data/raw/misc/dataset_archive/S1902Mean Income in the Past 12 Months (in 2023 Inflation-Adjusted Dollars),demographics,raw_source,169,2,GEO_ID; Geography,,,,csv encoding=utf-8-sig
ACSST5Y2021.S1902-Data.csv,data/raw/misc/dataset_archive/S1902Mean Income in the Past 12 Months (in 2023 Inflation-Adjusted Dollars)/ACSST5Y2021.S1902-Data.csv,csv,58.16,data/raw/misc/dataset_archive/S1902Mean Income in the Past 12 Months (in 2023 Inflation-Adjusted Dollars),demographics,raw_source,34,171,"Geography; Geographic Area Name; Estimate!!Number!!HOUSEHOLD INCOME!!All households; Margin of Error!!Number!!HOUSEHOLD INCOME!!All households; Estimate!!Number!!HOUSEHOLD INCOME!!All households!!With earnings; Margin of Error!!Number!!HOUSEHOLD INCOME!!All households!!With earnings; Estimate!!Number!!HOUSEHOLD INCOME!!All households!!With earnings!!With wages or salary income; Margin of Error!!Number!!HOUSEHOLD INCOME!!All households!!With earnings!!With wages or salary income; Estimate!!Number!!HOUSEHOLD INCOME!!All households!!With earnings!!With self-employment income; Margin of Error!!Number!!HOUSEHOLD INCOME!!All households!!With earnings!!With self-employment income; Estimate!!Number!!HOUSEHOLD INCOME!!All households!!With interest, dividends, or net rental income; Margin of Error!!Number!!HOUSEHOLD INCOME!!All households!!With interest, dividends, or net rental income; Estimate!!Number!!HOUSEHOLD INCOME!!All households!!With Social Security income; Margin of Error!!Number!!HOUSEHOLD INCOME!!All households!!With Social Security income; Estimate!!Number!!HOUSEHOLD INCOME!!All households!!With Supplemental Security Income (SSI); Margin of Error!!Number!!HOUSEHOLD INCOME!!All households!!With Supplemental Security Income (SSI); Estimate!!Number!!HOUSEHOLD INCOME!!All households!!With cash public assistance income or Food Stamps/SNAP; Margin of Error!!Number!!HOUSEHOLD INCOME!!All households!!With cash public assistance income or Food Stamps/SNAP; Estimate!!Number!!HOUSEHOLD INCOME!!All households!!With cash public assistance income or Food Stamps/SNAP!!With cash public assistance; Margin of Error!!Number!!HOUSEHOLD INCOME!!All households!!With cash public assistance income or Food Stamps/SNAP!!With cash public assistance; Estimate!!Number!!HOUSEHOLD INCOME!!All households!!With retirement income; Margin of Error!!Number!!HOUSEHOLD INCOME!!All households!!With retirement income; Estimate!!Number!!HOUSEHOLD INCOME!!All households!!With other types of income; Margin of Error!!Number!!HOUSEHOLD INCOME!!All households!!With other types of income; Estimate!!Number!!FAMILY INCOME BY NUMBER OF WORKERS IN FAMILY!!All families; ...",,,,csv encoding=utf-8-sig
ACSST5Y2021.S1902-Table-Notes.txt,data/raw/misc/dataset_archive/S1902Mean Income in the Past 12 Months (in 2023 Inflation-Adjusted Dollars)/ACSST5Y2021.S1902-Table-Notes.txt,txt,6.9,data/raw/misc/dataset_archive/S1902Mean Income in the Past 12 Months (in 2023 Inflation-Adjusted Dollars),demographics,raw_source,,,,,,,documentation or metadata text file
ACSST5Y2022.S1902-Column-Metadata.csv,data/raw/misc/dataset_archive/S1902Mean Income in the Past 12 Months (in 2023 Inflation-Adjusted Dollars)/ACSST5Y2022.S1902-Column-Metadata.csv,csv,22.21,data/raw/misc/dataset_archive/S1902Mean Income in the Past 12 Months (in 2023 Inflation-Adjusted Dollars),demographics,raw_source,169,2,GEO_ID; Geography,,,,csv encoding=utf-8-sig
ACSST5Y2022.S1902-Data.csv,data/raw/misc/dataset_archive/S1902Mean Income in the Past 12 Months (in 2023 Inflation-Adjusted Dollars)/ACSST5Y2022.S1902-Data.csv,csv,58.49,data/raw/misc/dataset_archive/S1902Mean Income in the Past 12 Months (in 2023 Inflation-Adjusted Dollars),demographics,raw_source,34,171,"Geography; Geographic Area Name; Estimate!!Number!!HOUSEHOLD INCOME!!All households; Margin of Error!!Number!!HOUSEHOLD INCOME!!All households; Estimate!!Number!!HOUSEHOLD INCOME!!All households!!With earnings; Margin of Error!!Number!!HOUSEHOLD INCOME!!All households!!With earnings; Estimate!!Number!!HOUSEHOLD INCOME!!All households!!With earnings!!With wages or salary income; Margin of Error!!Number!!HOUSEHOLD INCOME!!All households!!With earnings!!With wages or salary income; Estimate!!Number!!HOUSEHOLD INCOME!!All households!!With earnings!!With self-employment income; Margin of Error!!Number!!HOUSEHOLD INCOME!!All households!!With earnings!!With self-employment income; Estimate!!Number!!HOUSEHOLD INCOME!!All households!!With interest, dividends, or net rental income; Margin of Error!!Number!!HOUSEHOLD INCOME!!All households!!With interest, dividends, or net rental income; Estimate!!Number!!HOUSEHOLD INCOME!!All households!!With Social Security income; Margin of Error!!Number!!HOUSEHOLD INCOME!!All households!!With Social Security income; Estimate!!Number!!HOUSEHOLD INCOME!!All households!!With Supplemental Security Income (SSI); Margin of Error!!Number!!HOUSEHOLD INCOME!!All households!!With Supplemental Security Income (SSI); Estimate!!Number!!HOUSEHOLD INCOME!!All households!!With cash public assistance income or Food Stamps/SNAP; Margin of Error!!Number!!HOUSEHOLD INCOME!!All households!!With cash public assistance income or Food Stamps/SNAP; Estimate!!Number!!HOUSEHOLD INCOME!!All households!!With cash public assistance income or Food Stamps/SNAP!!With cash public assistance; Margin of Error!!Number!!HOUSEHOLD INCOME!!All households!!With cash public assistance income or Food Stamps/SNAP!!With cash public assistance; Estimate!!Number!!HOUSEHOLD INCOME!!All households!!With retirement income; Margin of Error!!Number!!HOUSEHOLD INCOME!!All households!!With retirement income; Estimate!!Number!!HOUSEHOLD INCOME!!All households!!With other types of income; Margin of Error!!Number!!HOUSEHOLD INCOME!!All households!!With other types of income; Estimate!!Number!!FAMILY INCOME BY NUMBER OF WORKERS IN FAMILY!!All families; ...",,,,csv encoding=utf-8-sig
ACSST5Y2022.S1902-Table-Notes.txt,data/raw/misc/dataset_archive/S1902Mean Income in the Past 12 Months (in 2023 Inflation-Adjusted Dollars)/ACSST5Y2022.S1902-Table-Notes.txt,txt,7.21,data/raw/misc/dataset_archive/S1902Mean Income in the Past 12 Months (in 2023 Inflation-Adjusted Dollars),demographics,raw_source,,,,,,,documentation or metadata text file
ACSST5Y2023.S1902-Column-Metadata.csv,data/raw/misc/dataset_archive/S1902Mean Income in the Past 12 Months (in 2023 Inflation-Adjusted Dollars)/ACSST5Y2023.S1902-Column-Metadata.csv,csv,22.21,data/raw/misc/dataset_archive/S1902Mean Income in the Past 12 Months (in 2023 Inflation-Adjusted Dollars),demographics,raw_source,169,2,GEO_ID; Geography,,,,csv encoding=utf-8-sig
ACSST5Y2023.S1902-Data.csv,data/raw/misc/dataset_archive/S1902Mean Income in the Past 12 Months (in 2023 Inflation-Adjusted Dollars)/ACSST5Y2023.S1902-Data.csv,csv,58.53,data/raw/misc/dataset_archive/S1902Mean Income in the Past 12 Months (in 2023 Inflation-Adjusted Dollars),demographics,raw_source,34,171,"Geography; Geographic Area Name; Estimate!!Number!!HOUSEHOLD INCOME!!All households; Margin of Error!!Number!!HOUSEHOLD INCOME!!All households; Estimate!!Number!!HOUSEHOLD INCOME!!All households!!With earnings; Margin of Error!!Number!!HOUSEHOLD INCOME!!All households!!With earnings; Estimate!!Number!!HOUSEHOLD INCOME!!All households!!With earnings!!With wages or salary income; Margin of Error!!Number!!HOUSEHOLD INCOME!!All households!!With earnings!!With wages or salary income; Estimate!!Number!!HOUSEHOLD INCOME!!All households!!With earnings!!With self-employment income; Margin of Error!!Number!!HOUSEHOLD INCOME!!All households!!With earnings!!With self-employment income; Estimate!!Number!!HOUSEHOLD INCOME!!All households!!With interest, dividends, or net rental income; Margin of Error!!Number!!HOUSEHOLD INCOME!!All households!!With interest, dividends, or net rental income; Estimate!!Number!!HOUSEHOLD INCOME!!All households!!With Social Security income; Margin of Error!!Number!!HOUSEHOLD INCOME!!All households!!With Social Security income; Estimate!!Number!!HOUSEHOLD INCOME!!All households!!With Supplemental Security Income (SSI); Margin of Error!!Number!!HOUSEHOLD INCOME!!All households!!With Supplemental Security Income (SSI); Estimate!!Number!!HOUSEHOLD INCOME!!All households!!With cash public assistance income or Food Stamps/SNAP; Margin of Error!!Number!!HOUSEHOLD INCOME!!All households!!With cash public assistance income or Food Stamps/SNAP; Estimate!!Number!!HOUSEHOLD INCOME!!All households!!With cash public assistance income or Food Stamps/SNAP!!With cash public assistance; Margin of Error!!Number!!HOUSEHOLD INCOME!!All households!!With cash public assistance income or Food Stamps/SNAP!!With cash public assistance; Estimate!!Number!!HOUSEHOLD INCOME!!All households!!With retirement income; Margin of Error!!Number!!HOUSEHOLD INCOME!!All households!!With retirement income; Estimate!!Number!!HOUSEHOLD INCOME!!All households!!With other types of income; Margin of Error!!Number!!HOUSEHOLD INCOME!!All households!!With other types of income; Estimate!!Number!!FAMILY INCOME BY NUMBER OF WORKERS IN FAMILY!!All families; ...",,,,csv encoding=utf-8-sig
ACSST5Y2023.S1902-Table-Notes.txt,data/raw/misc/dataset_archive/S1902Mean Income in the Past 12 Months (in 2023 Inflation-Adjusted Dollars)/ACSST5Y2023.S1902-Table-Notes.txt,txt,5.97,data/raw/misc/dataset_archive/S1902Mean Income in the Past 12 Months (in 2023 Inflation-Adjusted Dollars),demographics,raw_source,,,,,,,documentation or metadata text file
ACSST5Y2010.S1903-Column-Metadata.csv,data/raw/misc/dataset_archive/S1903Median Income in the Past 12 Months (in 2023 Inflation-Adjusted Dollars)/ACSST5Y2010.S1903-Column-Metadata.csv,csv,10.78,data/raw/misc/dataset_archive/S1903Median Income in the Past 12 Months (in 2023 Inflation-Adjusted Dollars),demographics,raw_source,121,2,GEO_ID; Geography,,,,csv encoding=utf-8-sig
ACSST5Y2010.S1903-Data.csv,data/raw/misc/dataset_archive/S1903Median Income in the Past 12 Months (in 2023 Inflation-Adjusted Dollars)/ACSST5Y2010.S1903-Data.csv,csv,40.29,data/raw/misc/dataset_archive/S1903Median Income in the Past 12 Months (in 2023 Inflation-Adjusted Dollars),demographics,raw_source,32,123,Geography; Geographic Area Name; Total!!Estimate!!Households; Total!!Margin of Error!!Households; Median income (dollars)!!Estimate!!Households; Median income (dollars)!!Margin of Error!!Households; Total!!Estimate!!One race!!White; Total!!Margin of Error!!One race!!White; Median income (dollars)!!Estimate!!One race!!White; Median income (dollars)!!Margin of Error!!One race!!White; Total!!Estimate!!One race!!Black or African American; Total!!Margin of Error!!One race!!Black or African American; Median income (dollars)!!Estimate!!One race!!Black or African American; Median income (dollars)!!Margin of Error!!One race!!Black or African American; Total!!Estimate!!One race!!American Indian and Alaska Native; Total!!Margin of Error!!One race!!American Indian and Alaska Native; Median income (dollars)!!Estimate!!One race!!American Indian and Alaska Native; Median income (dollars)!!Margin of Error!!One race!!American Indian and Alaska Native; Total!!Estimate!!One race!!Asian; Total!!Margin of Error!!One race!!Asian; Median income (dollars)!!Estimate!!One race!!Asian; Median income (dollars)!!Margin of Error!!One race!!Asian; Total!!Estimate!!One race!!Native Hawaiian and Other Pacific Islander; Total!!Margin of Error!!One race!!Native Hawaiian and Other Pacific Islander; Median income (dollars)!!Estimate!!One race!!Native Hawaiian and Other Pacific Islander; ...,,,,csv encoding=utf-8-sig
ACSST5Y2010.S1903-Table-Notes.txt,data/raw/misc/dataset_archive/S1903Median Income in the Past 12 Months (in 2023 Inflation-Adjusted Dollars)/ACSST5Y2010.S1903-Table-Notes.txt,txt,5.24,data/raw/misc/dataset_archive/S1903Median Income in the Past 12 Months (in 2023 Inflation-Adjusted Dollars),demographics,raw_source,,,,,,,documentation or metadata text file
ACSST5Y2011.S1903-Column-Metadata.csv,data/raw/misc/dataset_archive/S1903Median Income in the Past 12 Months (in 2023 Inflation-Adjusted Dollars)/ACSST5Y2011.S1903-Column-Metadata.csv,csv,10.78,data/raw/misc/dataset_archive/S1903Median Income in the Past 12 Months (in 2023 Inflation-Adjusted Dollars),demographics,raw_source,121,2,GEO_ID; Geography,,,,csv encoding=utf-8-sig
ACSST5Y2011.S1903-Data.csv,data/raw/misc/dataset_archive/S1903Median Income in the Past 12 Months (in 2023 Inflation-Adjusted Dollars)/ACSST5Y2011.S1903-Data.csv,csv,37.99,data/raw/misc/dataset_archive/S1903Median Income in the Past 12 Months (in 2023 Inflation-Adjusted Dollars),demographics,raw_source,32,123,Geography; Geographic Area Name; Total!!Estimate!!Households; Total!!Margin of Error!!Households; Median income (dollars)!!Estimate!!Households; Median income (dollars)!!Margin of Error!!Households; Total!!Estimate!!One race!!White; Total!!Margin of Error!!One race!!White; Median income (dollars)!!Estimate!!One race!!White; Median income (dollars)!!Margin of Error!!One race!!White; Total!!Estimate!!One race!!Black or African American; Total!!Margin of Error!!One race!!Black or African American; Median income (dollars)!!Estimate!!One race!!Black or African American; Median income (dollars)!!Margin of Error!!One race!!Black or African American; Total!!Estimate!!One race!!American Indian and Alaska Native; Total!!Margin of Error!!One race!!American Indian and Alaska Native; Median income (dollars)!!Estimate!!One race!!American Indian and Alaska Native; Median income (dollars)!!Margin of Error!!One race!!American Indian and Alaska Native; Total!!Estimate!!One race!!Asian; Total!!Margin of Error!!One race!!Asian; Median income (dollars)!!Estimate!!One race!!Asian; Median income (dollars)!!Margin of Error!!One race!!Asian; Total!!Estimate!!One race!!Native Hawaiian and Other Pacific Islander; Total!!Margin of Error!!One race!!Native Hawaiian and Other Pacific Islander; Median income (dollars)!!Estimate!!One race!!Native Hawaiian and Other Pacific Islander; ...,,,,csv encoding=utf-8-sig
ACSST5Y2011.S1903-Table-Notes.txt,data/raw/misc/dataset_archive/S1903Median Income in the Past 12 Months (in 2023 Inflation-Adjusted Dollars)/ACSST5Y2011.S1903-Table-Notes.txt,txt,5.01,data/raw/misc/dataset_archive/S1903Median Income in the Past 12 Months (in 2023 Inflation-Adjusted Dollars),demographics,raw_source,,,,,,,documentation or metadata text file
ACSST5Y2012.S1903-Column-Metadata.csv,data/raw/misc/dataset_archive/S1903Median Income in the Past 12 Months (in 2023 Inflation-Adjusted Dollars)/ACSST5Y2012.S1903-Column-Metadata.csv,csv,10.78,data/raw/misc/dataset_archive/S1903Median Income in the Past 12 Months (in 2023 Inflation-Adjusted Dollars),demographics,raw_source,121,2,GEO_ID; Geography,,,,csv encoding=utf-8-sig
ACSST5Y2012.S1903-Data.csv,data/raw/misc/dataset_archive/S1903Median Income in the Past 12 Months (in 2023 Inflation-Adjusted Dollars)/ACSST5Y2012.S1903-Data.csv,csv,38.03,data/raw/misc/dataset_archive/S1903Median Income in the Past 12 Months (in 2023 Inflation-Adjusted Dollars),demographics,raw_source,32,123,Geography; Geographic Area Name; Total!!Estimate!!Households; Total!!Margin of Error!!Households; Median income (dollars)!!Estimate!!Households; Median income (dollars)!!Margin of Error!!Households; Total!!Estimate!!One race!!White; Total!!Margin of Error!!One race!!White; Median income (dollars)!!Estimate!!One race!!White; Median income (dollars)!!Margin of Error!!One race!!White; Total!!Estimate!!One race!!Black or African American; Total!!Margin of Error!!One race!!Black or African American; Median income (dollars)!!Estimate!!One race!!Black or African American; Median income (dollars)!!Margin of Error!!One race!!Black or African American; Total!!Estimate!!One race!!American Indian and Alaska Native; Total!!Margin of Error!!One race!!American Indian and Alaska Native; Median income (dollars)!!Estimate!!One race!!American Indian and Alaska Native; Median income (dollars)!!Margin of Error!!One race!!American Indian and Alaska Native; Total!!Estimate!!One race!!Asian; Total!!Margin of Error!!One race!!Asian; Median income (dollars)!!Estimate!!One race!!Asian; Median income (dollars)!!Margin of Error!!One race!!Asian; Total!!Estimate!!One race!!Native Hawaiian and Other Pacific Islander; Total!!Margin of Error!!One race!!Native Hawaiian and Other Pacific Islander; Median income (dollars)!!Estimate!!One race!!Native Hawaiian and Other Pacific Islander; ...,,,,csv encoding=utf-8-sig
ACSST5Y2012.S1903-Table-Notes.txt,data/raw/misc/dataset_archive/S1903Median Income in the Past 12 Months (in 2023 Inflation-Adjusted Dollars)/ACSST5Y2012.S1903-Table-Notes.txt,txt,5.01,data/raw/misc/dataset_archive/S1903Median Income in the Past 12 Months (in 2023 Inflation-Adjusted Dollars),demographics,raw_source,,,,,,,documentation or metadata text file
ACSST5Y2013.S1903-Column-Metadata.csv,data/raw/misc/dataset_archive/S1903Median Income in the Past 12 Months (in 2023 Inflation-Adjusted Dollars)/ACSST5Y2013.S1903-Column-Metadata.csv,csv,11.74,data/raw/misc/dataset_archive/S1903Median Income in the Past 12 Months (in 2023 Inflation-Adjusted Dollars),demographics,raw_source,121,2,GEO_ID; Geography,,,,csv encoding=utf-8-sig
ACSST5Y2013.S1903-Data.csv,data/raw/misc/dataset_archive/S1903Median Income in the Past 12 Months (in 2023 Inflation-Adjusted Dollars)/ACSST5Y2013.S1903-Data.csv,csv,38.67,data/raw/misc/dataset_archive/S1903Median Income in the Past 12 Months (in 2023 Inflation-Adjusted Dollars),demographics,raw_source,32,123,Geography; Geographic Area Name; Total!!Estimate!!Households; Total!!Margin of Error!!Households; Median income (dollars)!!Estimate!!Households; Median income (dollars)!!Margin of Error!!Households; Total!!Estimate!!Households!!One race!!White; Total!!Margin of Error!!Households!!One race!!White; Median income (dollars)!!Estimate!!Households!!One race!!White; Median income (dollars)!!Margin of Error!!Households!!One race!!White; Total!!Estimate!!Households!!One race!!Black or African American; Total!!Margin of Error!!Households!!One race!!Black or African American; Median income (dollars)!!Estimate!!Households!!One race!!Black or African American; Median income (dollars)!!Margin of Error!!Households!!One race!!Black or African American; Total!!Estimate!!Households!!One race!!American Indian and Alaska Native; Total!!Margin of Error!!Households!!One race!!American Indian and Alaska Native; Median income (dollars)!!Estimate!!Households!!One race!!American Indian and Alaska Native; Median income (dollars)!!Margin of Error!!Households!!One race!!American Indian and Alaska Native; Total!!Estimate!!Households!!One race!!Asian; Total!!Margin of Error!!Households!!One race!!Asian; Median income (dollars)!!Estimate!!Households!!One race!!Asian; Median income (dollars)!!Margin of Error!!Households!!One race!!Asian; Total!!Estimate!!Households!!One race!!Native Hawaiian and Other Pacific Islander; Total!!Margin of Error!!Households!!One race!!Native Hawaiian and Other Pacific Islander; Median income (dollars)!!Estimate!!Households!!One race!!Native Hawaiian and Other Pacific Islander; ...,,,,csv encoding=utf-8-sig
ACSST5Y2013.S1903-Table-Notes.txt,data/raw/misc/dataset_archive/S1903Median Income in the Past 12 Months (in 2023 Inflation-Adjusted Dollars)/ACSST5Y2013.S1903-Table-Notes.txt,txt,4.95,data/raw/misc/dataset_archive/S1903Median Income in the Past 12 Months (in 2023 Inflation-Adjusted Dollars),demographics,raw_source,,,,,,,documentation or metadata text file
ACSST5Y2014.S1903-Column-Metadata.csv,data/raw/misc/dataset_archive/S1903Median Income in the Past 12 Months (in 2023 Inflation-Adjusted Dollars)/ACSST5Y2014.S1903-Column-Metadata.csv,csv,11.74,data/raw/misc/dataset_archive/S1903Median Income in the Past 12 Months (in 2023 Inflation-Adjusted Dollars),demographics,raw_source,121,2,GEO_ID; Geography,,,,csv encoding=utf-8-sig
ACSST5Y2014.S1903-Data.csv,data/raw/misc/dataset_archive/S1903Median Income in the Past 12 Months (in 2023 Inflation-Adjusted Dollars)/ACSST5Y2014.S1903-Data.csv,csv,38.74,data/raw/misc/dataset_archive/S1903Median Income in the Past 12 Months (in 2023 Inflation-Adjusted Dollars),demographics,raw_source,32,123,Geography; Geographic Area Name; Total!!Estimate!!Households; Total!!Margin of Error!!Households; Median income (dollars)!!Estimate!!Households; Median income (dollars)!!Margin of Error!!Households; Total!!Estimate!!Households!!One race!!White; Total!!Margin of Error!!Households!!One race!!White; Median income (dollars)!!Estimate!!Households!!One race!!White; Median income (dollars)!!Margin of Error!!Households!!One race!!White; Total!!Estimate!!Households!!One race!!Black or African American; Total!!Margin of Error!!Households!!One race!!Black or African American; Median income (dollars)!!Estimate!!Households!!One race!!Black or African American; Median income (dollars)!!Margin of Error!!Households!!One race!!Black or African American; Total!!Estimate!!Households!!One race!!American Indian and Alaska Native; Total!!Margin of Error!!Households!!One race!!American Indian and Alaska Native; Median income (dollars)!!Estimate!!Households!!One race!!American Indian and Alaska Native; Median income (dollars)!!Margin of Error!!Households!!One race!!American Indian and Alaska Native; Total!!Estimate!!Households!!One race!!Asian; Total!!Margin of Error!!Households!!One race!!Asian; Median income (dollars)!!Estimate!!Households!!One race!!Asian; Median income (dollars)!!Margin of Error!!Households!!One race!!Asian; Total!!Estimate!!Households!!One race!!Native Hawaiian and Other Pacific Islander; Total!!Margin of Error!!Households!!One race!!Native Hawaiian and Other Pacific Islander; Median income (dollars)!!Estimate!!Households!!One race!!Native Hawaiian and Other Pacific Islander; ...,,,,csv encoding=utf-8-sig
ACSST5Y2014.S1903-Table-Notes.txt,data/raw/misc/dataset_archive/S1903Median Income in the Past 12 Months (in 2023 Inflation-Adjusted Dollars)/ACSST5Y2014.S1903-Table-Notes.txt,txt,4.97,data/raw/misc/dataset_archive/S1903Median Income in the Past 12 Months (in 2023 Inflation-Adjusted Dollars),demographics,raw_source,,,,,,,documentation or metadata text file
ACSST5Y2015.S1903-Column-Metadata.csv,data/raw/misc/dataset_archive/S1903Median Income in the Past 12 Months (in 2023 Inflation-Adjusted Dollars)/ACSST5Y2015.S1903-Column-Metadata.csv,csv,11.86,data/raw/misc/dataset_archive/S1903Median Income in the Past 12 Months (in 2023 Inflation-Adjusted Dollars),demographics,raw_source,121,2,GEO_ID; Geography,,,,csv encoding=utf-8-sig
ACSST5Y2015.S1903-Data.csv,data/raw/misc/dataset_archive/S1903Median Income in the Past 12 Months (in 2023 Inflation-Adjusted Dollars)/ACSST5Y2015.S1903-Data.csv,csv,38.02,data/raw/misc/dataset_archive/S1903Median Income in the Past 12 Months (in 2023 Inflation-Adjusted Dollars),demographics,raw_source,32,123,Geography; Geographic Area Name; Total!!Estimate!!Households; Total!!Margin of Error!!Households; Median income (dollars)!!Estimate!!Households; Median income (dollars)!!Margin of Error!!Households; Total!!Estimate!!Households!!One race!!White; Total!!Margin of Error!!Households!!One race!!White; Median income (dollars)!!Estimate!!Households!!One race!!White; Median income (dollars)!!Margin of Error!!Households!!One race!!White; Total!!Estimate!!Households!!One race!!Black or African American; Total!!Margin of Error!!Households!!One race!!Black or African American; Median income (dollars)!!Estimate!!Households!!One race!!Black or African American; Median income (dollars)!!Margin of Error!!Households!!One race!!Black or African American; Total!!Estimate!!Households!!One race!!American Indian and Alaska Native; Total!!Margin of Error!!Households!!One race!!American Indian and Alaska Native; Median income (dollars)!!Estimate!!Households!!One race!!American Indian and Alaska Native; Median income (dollars)!!Margin of Error!!Households!!One race!!American Indian and Alaska Native; Total!!Estimate!!Households!!One race!!Asian; Total!!Margin of Error!!Households!!One race!!Asian; Median income (dollars)!!Estimate!!Households!!One race!!Asian; Median income (dollars)!!Margin of Error!!Households!!One race!!Asian; Total!!Estimate!!Households!!One race!!Native Hawaiian and Other Pacific Islander; Total!!Margin of Error!!Households!!One race!!Native Hawaiian and Other Pacific Islander; Median income (dollars)!!Estimate!!Households!!One race!!Native Hawaiian and Other Pacific Islander; ...,,,,csv encoding=utf-8-sig
ACSST5Y2015.S1903-Table-Notes.txt,data/raw/misc/dataset_archive/S1903Median Income in the Past 12 Months (in 2023 Inflation-Adjusted Dollars)/ACSST5Y2015.S1903-Table-Notes.txt,txt,5.18,data/raw/misc/dataset_archive/S1903Median Income in the Past 12 Months (in 2023 Inflation-Adjusted Dollars),demographics,raw_source,,,,,,,documentation or metadata text file
ACSST5Y2016.S1903-Column-Metadata.csv,data/raw/misc/dataset_archive/S1903Median Income in the Past 12 Months (in 2023 Inflation-Adjusted Dollars)/ACSST5Y2016.S1903-Column-Metadata.csv,csv,11.88,data/raw/misc/dataset_archive/S1903Median Income in the Past 12 Months (in 2023 Inflation-Adjusted Dollars),demographics,raw_source,121,2,GEO_ID; Geography,,,,csv encoding=utf-8-sig
ACSST5Y2016.S1903-Data.csv,data/raw/misc/dataset_archive/S1903Median Income in the Past 12 Months (in 2023 Inflation-Adjusted Dollars)/ACSST5Y2016.S1903-Data.csv,csv,38.31,data/raw/misc/dataset_archive/S1903Median Income in the Past 12 Months (in 2023 Inflation-Adjusted Dollars),demographics,raw_source,32,123,Geography; Geographic Area Name; Total!!Estimate!!Households; Total!!Margin of Error!!Households; Median income (dollars)!!Estimate!!Households; Median income (dollars)!!Margin of Error!!Households; Total!!Estimate!!Households!!One race!!White; Total!!Margin of Error!!Households!!One race!!White; Median income (dollars)!!Estimate!!Households!!One race!!White; Median income (dollars)!!Margin of Error!!Households!!One race!!White; Total!!Estimate!!Households!!One race!!Black or African American; Total!!Margin of Error!!Households!!One race!!Black or African American; Median income (dollars)!!Estimate!!Households!!One race!!Black or African American; Median income (dollars)!!Margin of Error!!Households!!One race!!Black or African American; Total!!Estimate!!Households!!One race!!American Indian and Alaska Native; Total!!Margin of Error!!Households!!One race!!American Indian and Alaska Native; Median income (dollars)!!Estimate!!Households!!One race!!American Indian and Alaska Native; Median income (dollars)!!Margin of Error!!Households!!One race!!American Indian and Alaska Native; Total!!Estimate!!Households!!One race!!Asian; Total!!Margin of Error!!Households!!One race!!Asian; Median income (dollars)!!Estimate!!Households!!One race!!Asian; Median income (dollars)!!Margin of Error!!Households!!One race!!Asian; Total!!Estimate!!Households!!One race!!Native Hawaiian and Other Pacific Islander; Total!!Margin of Error!!Households!!One race!!Native Hawaiian and Other Pacific Islander; Median income (dollars)!!Estimate!!Households!!One race!!Native Hawaiian and Other Pacific Islander; ...,,,,csv encoding=utf-8-sig
ACSST5Y2016.S1903-Table-Notes.txt,data/raw/misc/dataset_archive/S1903Median Income in the Past 12 Months (in 2023 Inflation-Adjusted Dollars)/ACSST5Y2016.S1903-Table-Notes.txt,txt,5.73,data/raw/misc/dataset_archive/S1903Median Income in the Past 12 Months (in 2023 Inflation-Adjusted Dollars),demographics,raw_source,,,,,,,documentation or metadata text file
ACSST5Y2017.S1903-Column-Metadata.csv,data/raw/misc/dataset_archive/S1903Median Income in the Past 12 Months (in 2023 Inflation-Adjusted Dollars)/ACSST5Y2017.S1903-Column-Metadata.csv,csv,29.39,data/raw/misc/dataset_archive/S1903Median Income in the Past 12 Months (in 2023 Inflation-Adjusted Dollars),demographics,raw_source,241,2,GEO_ID; Geography,,,,csv encoding=utf-8-sig
ACSST5Y2017.S1903-Data.csv,data/raw/misc/dataset_archive/S1903Median Income in the Past 12 Months (in 2023 Inflation-Adjusted Dollars)/ACSST5Y2017.S1903-Data.csv,csv,78.01,data/raw/misc/dataset_archive/S1903Median Income in the Past 12 Months (in 2023 Inflation-Adjusted Dollars),demographics,raw_source,32,243,"Geography; Geographic Area Name; Estimate!!Number!!HOUSEHOLD INCOME BY RACE AND HISPANIC OR LATINO ORIGIN OF HOUSEHOLDER!!Households; Margin of Error!!Number MOE!!HOUSEHOLD INCOME BY RACE AND HISPANIC OR LATINO ORIGIN OF HOUSEHOLDER!!Households; Estimate!!Number!!HOUSEHOLD INCOME BY RACE AND HISPANIC OR LATINO ORIGIN OF HOUSEHOLDER!!Households!!One race--!!White; Margin of Error!!Number MOE!!HOUSEHOLD INCOME BY RACE AND HISPANIC OR LATINO ORIGIN OF HOUSEHOLDER!!Households!!One race--!!White; Estimate!!Number!!HOUSEHOLD INCOME BY RACE AND HISPANIC OR LATINO ORIGIN OF HOUSEHOLDER!!Households!!One race--!!Black or African American; Margin of Error!!Number MOE!!HOUSEHOLD INCOME BY RACE AND HISPANIC OR LATINO ORIGIN OF HOUSEHOLDER!!Households!!One race--!!Black or African American; Estimate!!Number!!HOUSEHOLD INCOME BY RACE AND HISPANIC OR LATINO ORIGIN OF HOUSEHOLDER!!Households!!One race--!!American Indian and Alaska Native; Margin of Error!!Number MOE!!HOUSEHOLD INCOME BY RACE AND HISPANIC OR LATINO ORIGIN OF HOUSEHOLDER!!Households!!One race--!!American Indian and Alaska Native; Estimate!!Number!!HOUSEHOLD INCOME BY RACE AND HISPANIC OR LATINO ORIGIN OF HOUSEHOLDER!!Households!!One race--!!Asian; Margin of Error!!Number MOE!!HOUSEHOLD INCOME BY RACE AND HISPANIC OR LATINO ORIGIN OF HOUSEHOLDER!!Households!!One race--!!Asian; Estimate!!Number!!HOUSEHOLD INCOME BY RACE AND HISPANIC OR LATINO ORIGIN OF HOUSEHOLDER!!Households!!One race--!!Native Hawaiian and Other Pacific Islander; Margin of Error!!Number MOE!!HOUSEHOLD INCOME BY RACE AND HISPANIC OR LATINO ORIGIN OF HOUSEHOLDER!!Households!!One race--!!Native Hawaiian and Other Pacific Islander; Estimate!!Number!!HOUSEHOLD INCOME BY RACE AND HISPANIC OR LATINO ORIGIN OF HOUSEHOLDER!!Households!!One race--!!Some other race; Margin of Error!!Number MOE!!HOUSEHOLD INCOME BY RACE AND HISPANIC OR LATINO ORIGIN OF HOUSEHOLDER!!Households!!One race--!!Some other race; Estimate!!Number!!HOUSEHOLD INCOME BY RACE AND HISPANIC OR LATINO ORIGIN OF HOUSEHOLDER!!Households!!Two or more races; Margin of Error!!Number MOE!!HOUSEHOLD INCOME BY RACE AND HISPANIC OR LATINO ORIGIN OF HOUSEHOLDER!!Households!!Two or more races; Estimate!!Number!!HOUSEHOLD INCOME BY RACE AND HISPANIC OR LATINO ORIGIN OF HOUSEHOLDER!!Households!!Hispanic or Latino origin (of any race); Margin of Error!!Number MOE!!HOUSEHOLD INCOME BY RACE AND HISPANIC OR LATINO ORIGIN OF HOUSEHOLDER!!Households!!Hispanic or Latino origin (of any race); Estimate!!Number!!HOUSEHOLD INCOME BY RACE AND HISPANIC OR LATINO ORIGIN OF HOUSEHOLDER!!Households!!White alone, not Hispanic or Latino; Margin of Error!!Number MOE!!HOUSEHOLD INCOME BY RACE AND HISPANIC OR LATINO ORIGIN OF HOUSEHOLDER!!Households!!White alone, not Hispanic or Latino; Estimate!!Number!!HOUSEHOLD INCOME BY AGE OF HOUSEHOLDER!!15 to 24 years; Margin of Error!!Number MOE!!HOUSEHOLD INCOME BY AGE OF HOUSEHOLDER!!15 to 24 years; Estimate!!Number!!HOUSEHOLD INCOME BY AGE OF HOUSEHOLDER!!25 to 44 years; ...",,,,csv encoding=utf-8-sig
ACSST5Y2017.S1903-Table-Notes.txt,data/raw/misc/dataset_archive/S1903Median Income in the Past 12 Months (in 2023 Inflation-Adjusted Dollars)/ACSST5Y2017.S1903-Table-Notes.txt,txt,5.77,data/raw/misc/dataset_archive/S1903Median Income in the Past 12 Months (in 2023 Inflation-Adjusted Dollars),demographics,raw_source,,,,,,,documentation or metadata text file
ACSST5Y2018.S1903-Column-Metadata.csv,data/raw/misc/dataset_archive/S1903Median Income in the Past 12 Months (in 2023 Inflation-Adjusted Dollars)/ACSST5Y2018.S1903-Column-Metadata.csv,csv,29.39,data/raw/misc/dataset_archive/S1903Median Income in the Past 12 Months (in 2023 Inflation-Adjusted Dollars),demographics,raw_source,241,2,GEO_ID; Geography,,,,csv encoding=utf-8-sig
ACSST5Y2018.S1903-Data.csv,data/raw/misc/dataset_archive/S1903Median Income in the Past 12 Months (in 2023 Inflation-Adjusted Dollars)/ACSST5Y2018.S1903-Data.csv,csv,77.75,data/raw/misc/dataset_archive/S1903Median Income in the Past 12 Months (in 2023 Inflation-Adjusted Dollars),demographics,raw_source,32,243,"Geography; Geographic Area Name; Estimate!!Number!!HOUSEHOLD INCOME BY RACE AND HISPANIC OR LATINO ORIGIN OF HOUSEHOLDER!!Households; Margin of Error!!Number MOE!!HOUSEHOLD INCOME BY RACE AND HISPANIC OR LATINO ORIGIN OF HOUSEHOLDER!!Households; Estimate!!Number!!HOUSEHOLD INCOME BY RACE AND HISPANIC OR LATINO ORIGIN OF HOUSEHOLDER!!Households!!One race--!!White; Margin of Error!!Number MOE!!HOUSEHOLD INCOME BY RACE AND HISPANIC OR LATINO ORIGIN OF HOUSEHOLDER!!Households!!One race--!!White; Estimate!!Number!!HOUSEHOLD INCOME BY RACE AND HISPANIC OR LATINO ORIGIN OF HOUSEHOLDER!!Households!!One race--!!Black or African American; Margin of Error!!Number MOE!!HOUSEHOLD INCOME BY RACE AND HISPANIC OR LATINO ORIGIN OF HOUSEHOLDER!!Households!!One race--!!Black or African American; Estimate!!Number!!HOUSEHOLD INCOME BY RACE AND HISPANIC OR LATINO ORIGIN OF HOUSEHOLDER!!Households!!One race--!!American Indian and Alaska Native; Margin of Error!!Number MOE!!HOUSEHOLD INCOME BY RACE AND HISPANIC OR LATINO ORIGIN OF HOUSEHOLDER!!Households!!One race--!!American Indian and Alaska Native; Estimate!!Number!!HOUSEHOLD INCOME BY RACE AND HISPANIC OR LATINO ORIGIN OF HOUSEHOLDER!!Households!!One race--!!Asian; Margin of Error!!Number MOE!!HOUSEHOLD INCOME BY RACE AND HISPANIC OR LATINO ORIGIN OF HOUSEHOLDER!!Households!!One race--!!Asian; Estimate!!Number!!HOUSEHOLD INCOME BY RACE AND HISPANIC OR LATINO ORIGIN OF HOUSEHOLDER!!Households!!One race--!!Native Hawaiian and Other Pacific Islander; Margin of Error!!Number MOE!!HOUSEHOLD INCOME BY RACE AND HISPANIC OR LATINO ORIGIN OF HOUSEHOLDER!!Households!!One race--!!Native Hawaiian and Other Pacific Islander; Estimate!!Number!!HOUSEHOLD INCOME BY RACE AND HISPANIC OR LATINO ORIGIN OF HOUSEHOLDER!!Households!!One race--!!Some other race; Margin of Error!!Number MOE!!HOUSEHOLD INCOME BY RACE AND HISPANIC OR LATINO ORIGIN OF HOUSEHOLDER!!Households!!One race--!!Some other race; Estimate!!Number!!HOUSEHOLD INCOME BY RACE AND HISPANIC OR LATINO ORIGIN OF HOUSEHOLDER!!Households!!Two or more races; Margin of Error!!Number MOE!!HOUSEHOLD INCOME BY RACE AND HISPANIC OR LATINO ORIGIN OF HOUSEHOLDER!!Households!!Two or more races; Estimate!!Number!!HOUSEHOLD INCOME BY RACE AND HISPANIC OR LATINO ORIGIN OF HOUSEHOLDER!!Households!!Hispanic or Latino origin (of any race); Margin of Error!!Number MOE!!HOUSEHOLD INCOME BY RACE AND HISPANIC OR LATINO ORIGIN OF HOUSEHOLDER!!Households!!Hispanic or Latino origin (of any race); Estimate!!Number!!HOUSEHOLD INCOME BY RACE AND HISPANIC OR LATINO ORIGIN OF HOUSEHOLDER!!Households!!White alone, not Hispanic or Latino; Margin of Error!!Number MOE!!HOUSEHOLD INCOME BY RACE AND HISPANIC OR LATINO ORIGIN OF HOUSEHOLDER!!Households!!White alone, not Hispanic or Latino; Estimate!!Number!!HOUSEHOLD INCOME BY AGE OF HOUSEHOLDER!!15 to 24 years; Margin of Error!!Number MOE!!HOUSEHOLD INCOME BY AGE OF HOUSEHOLDER!!15 to 24 years; Estimate!!Number!!HOUSEHOLD INCOME BY AGE OF HOUSEHOLDER!!25 to 44 years; ...",,,,csv encoding=utf-8-sig
ACSST5Y2018.S1903-Table-Notes.txt,data/raw/misc/dataset_archive/S1903Median Income in the Past 12 Months (in 2023 Inflation-Adjusted Dollars)/ACSST5Y2018.S1903-Table-Notes.txt,txt,5.94,data/raw/misc/dataset_archive/S1903Median Income in the Past 12 Months (in 2023 Inflation-Adjusted Dollars),demographics,raw_source,,,,,,,documentation or metadata text file
ACSST5Y2019.S1903-Column-Metadata.csv,data/raw/misc/dataset_archive/S1903Median Income in the Past 12 Months (in 2023 Inflation-Adjusted Dollars)/ACSST5Y2019.S1903-Column-Metadata.csv,csv,28.93,data/raw/misc/dataset_archive/S1903Median Income in the Past 12 Months (in 2023 Inflation-Adjusted Dollars),demographics,raw_source,241,2,GEO_ID; Geography,,,,csv encoding=utf-8-sig
ACSST5Y2019.S1903-Data.csv,data/raw/misc/dataset_archive/S1903Median Income in the Past 12 Months (in 2023 Inflation-Adjusted Dollars)/ACSST5Y2019.S1903-Data.csv,csv,77.28,data/raw/misc/dataset_archive/S1903Median Income in the Past 12 Months (in 2023 Inflation-Adjusted Dollars),demographics,raw_source,32,243,"Geography; Geographic Area Name; Estimate!!Number!!HOUSEHOLD INCOME BY RACE AND HISPANIC OR LATINO ORIGIN OF HOUSEHOLDER!!Households; Margin of Error!!Number!!HOUSEHOLD INCOME BY RACE AND HISPANIC OR LATINO ORIGIN OF HOUSEHOLDER!!Households; Estimate!!Number!!HOUSEHOLD INCOME BY RACE AND HISPANIC OR LATINO ORIGIN OF HOUSEHOLDER!!Households!!One race--!!White; Margin of Error!!Number!!HOUSEHOLD INCOME BY RACE AND HISPANIC OR LATINO ORIGIN OF HOUSEHOLDER!!Households!!One race--!!White; Estimate!!Number!!HOUSEHOLD INCOME BY RACE AND HISPANIC OR LATINO ORIGIN OF HOUSEHOLDER!!Households!!One race--!!Black or African American; Margin of Error!!Number!!HOUSEHOLD INCOME BY RACE AND HISPANIC OR LATINO ORIGIN OF HOUSEHOLDER!!Households!!One race--!!Black or African American; Estimate!!Number!!HOUSEHOLD INCOME BY RACE AND HISPANIC OR LATINO ORIGIN OF HOUSEHOLDER!!Households!!One race--!!American Indian and Alaska Native; Margin of Error!!Number!!HOUSEHOLD INCOME BY RACE AND HISPANIC OR LATINO ORIGIN OF HOUSEHOLDER!!Households!!One race--!!American Indian and Alaska Native; Estimate!!Number!!HOUSEHOLD INCOME BY RACE AND HISPANIC OR LATINO ORIGIN OF HOUSEHOLDER!!Households!!One race--!!Asian; Margin of Error!!Number!!HOUSEHOLD INCOME BY RACE AND HISPANIC OR LATINO ORIGIN OF HOUSEHOLDER!!Households!!One race--!!Asian; Estimate!!Number!!HOUSEHOLD INCOME BY RACE AND HISPANIC OR LATINO ORIGIN OF HOUSEHOLDER!!Households!!One race--!!Native Hawaiian and Other Pacific Islander; Margin of Error!!Number!!HOUSEHOLD INCOME BY RACE AND HISPANIC OR LATINO ORIGIN OF HOUSEHOLDER!!Households!!One race--!!Native Hawaiian and Other Pacific Islander; Estimate!!Number!!HOUSEHOLD INCOME BY RACE AND HISPANIC OR LATINO ORIGIN OF HOUSEHOLDER!!Households!!One race--!!Some other race; Margin of Error!!Number!!HOUSEHOLD INCOME BY RACE AND HISPANIC OR LATINO ORIGIN OF HOUSEHOLDER!!Households!!One race--!!Some other race; Estimate!!Number!!HOUSEHOLD INCOME BY RACE AND HISPANIC OR LATINO ORIGIN OF HOUSEHOLDER!!Households!!Two or more races; Margin of Error!!Number!!HOUSEHOLD INCOME BY RACE AND HISPANIC OR LATINO ORIGIN OF HOUSEHOLDER!!Households!!Two or more races; Estimate!!Number!!HOUSEHOLD INCOME BY RACE AND HISPANIC OR LATINO ORIGIN OF HOUSEHOLDER!!Households!!Hispanic or Latino origin (of any race); Margin of Error!!Number!!HOUSEHOLD INCOME BY RACE AND HISPANIC OR LATINO ORIGIN OF HOUSEHOLDER!!Households!!Hispanic or Latino origin (of any race); Estimate!!Number!!HOUSEHOLD INCOME BY RACE AND HISPANIC OR LATINO ORIGIN OF HOUSEHOLDER!!Households!!White alone, not Hispanic or Latino; Margin of Error!!Number!!HOUSEHOLD INCOME BY RACE AND HISPANIC OR LATINO ORIGIN OF HOUSEHOLDER!!Households!!White alone, not Hispanic or Latino; Estimate!!Number!!HOUSEHOLD INCOME BY AGE OF HOUSEHOLDER!!15 to 24 years; Margin of Error!!Number!!HOUSEHOLD INCOME BY AGE OF HOUSEHOLDER!!15 to 24 years; Estimate!!Number!!HOUSEHOLD INCOME BY AGE OF HOUSEHOLDER!!25 to 44 years; ...",,,,csv encoding=utf-8-sig
ACSST5Y2019.S1903-Table-Notes.txt,data/raw/misc/dataset_archive/S1903Median Income in the Past 12 Months (in 2023 Inflation-Adjusted Dollars)/ACSST5Y2019.S1903-Table-Notes.txt,txt,5.93,data/raw/misc/dataset_archive/S1903Median Income in the Past 12 Months (in 2023 Inflation-Adjusted Dollars),demographics,raw_source,,,,,,,documentation or metadata text file
ACSST5Y2020.S1903-Column-Metadata.csv,data/raw/misc/dataset_archive/S1903Median Income in the Past 12 Months (in 2023 Inflation-Adjusted Dollars)/ACSST5Y2020.S1903-Column-Metadata.csv,csv,28.93,data/raw/misc/dataset_archive/S1903Median Income in the Past 12 Months (in 2023 Inflation-Adjusted Dollars),demographics,raw_source,241,2,GEO_ID; Geography,,,,csv encoding=utf-8-sig
ACSST5Y2020.S1903-Data.csv,data/raw/misc/dataset_archive/S1903Median Income in the Past 12 Months (in 2023 Inflation-Adjusted Dollars)/ACSST5Y2020.S1903-Data.csv,csv,80.43,data/raw/misc/dataset_archive/S1903Median Income in the Past 12 Months (in 2023 Inflation-Adjusted Dollars),demographics,raw_source,34,243,"Geography; Geographic Area Name; Estimate!!Number!!HOUSEHOLD INCOME BY RACE AND HISPANIC OR LATINO ORIGIN OF HOUSEHOLDER!!Households; Margin of Error!!Number!!HOUSEHOLD INCOME BY RACE AND HISPANIC OR LATINO ORIGIN OF HOUSEHOLDER!!Households; Estimate!!Number!!HOUSEHOLD INCOME BY RACE AND HISPANIC OR LATINO ORIGIN OF HOUSEHOLDER!!Households!!One race--!!White; Margin of Error!!Number!!HOUSEHOLD INCOME BY RACE AND HISPANIC OR LATINO ORIGIN OF HOUSEHOLDER!!Households!!One race--!!White; Estimate!!Number!!HOUSEHOLD INCOME BY RACE AND HISPANIC OR LATINO ORIGIN OF HOUSEHOLDER!!Households!!One race--!!Black or African American; Margin of Error!!Number!!HOUSEHOLD INCOME BY RACE AND HISPANIC OR LATINO ORIGIN OF HOUSEHOLDER!!Households!!One race--!!Black or African American; Estimate!!Number!!HOUSEHOLD INCOME BY RACE AND HISPANIC OR LATINO ORIGIN OF HOUSEHOLDER!!Households!!One race--!!American Indian and Alaska Native; Margin of Error!!Number!!HOUSEHOLD INCOME BY RACE AND HISPANIC OR LATINO ORIGIN OF HOUSEHOLDER!!Households!!One race--!!American Indian and Alaska Native; Estimate!!Number!!HOUSEHOLD INCOME BY RACE AND HISPANIC OR LATINO ORIGIN OF HOUSEHOLDER!!Households!!One race--!!Asian; Margin of Error!!Number!!HOUSEHOLD INCOME BY RACE AND HISPANIC OR LATINO ORIGIN OF HOUSEHOLDER!!Households!!One race--!!Asian; Estimate!!Number!!HOUSEHOLD INCOME BY RACE AND HISPANIC OR LATINO ORIGIN OF HOUSEHOLDER!!Households!!One race--!!Native Hawaiian and Other Pacific Islander; Margin of Error!!Number!!HOUSEHOLD INCOME BY RACE AND HISPANIC OR LATINO ORIGIN OF HOUSEHOLDER!!Households!!One race--!!Native Hawaiian and Other Pacific Islander; Estimate!!Number!!HOUSEHOLD INCOME BY RACE AND HISPANIC OR LATINO ORIGIN OF HOUSEHOLDER!!Households!!One race--!!Some other race; Margin of Error!!Number!!HOUSEHOLD INCOME BY RACE AND HISPANIC OR LATINO ORIGIN OF HOUSEHOLDER!!Households!!One race--!!Some other race; Estimate!!Number!!HOUSEHOLD INCOME BY RACE AND HISPANIC OR LATINO ORIGIN OF HOUSEHOLDER!!Households!!Two or more races; Margin of Error!!Number!!HOUSEHOLD INCOME BY RACE AND HISPANIC OR LATINO ORIGIN OF HOUSEHOLDER!!Households!!Two or more races; Estimate!!Number!!HOUSEHOLD INCOME BY RACE AND HISPANIC OR LATINO ORIGIN OF HOUSEHOLDER!!Households!!Hispanic or Latino origin (of any race); Margin of Error!!Number!!HOUSEHOLD INCOME BY RACE AND HISPANIC OR LATINO ORIGIN OF HOUSEHOLDER!!Households!!Hispanic or Latino origin (of any race); Estimate!!Number!!HOUSEHOLD INCOME BY RACE AND HISPANIC OR LATINO ORIGIN OF HOUSEHOLDER!!Households!!White alone, not Hispanic or Latino; Margin of Error!!Number!!HOUSEHOLD INCOME BY RACE AND HISPANIC OR LATINO ORIGIN OF HOUSEHOLDER!!Households!!White alone, not Hispanic or Latino; Estimate!!Number!!HOUSEHOLD INCOME BY AGE OF HOUSEHOLDER!!15 to 24 years; Margin of Error!!Number!!HOUSEHOLD INCOME BY AGE OF HOUSEHOLDER!!15 to 24 years; Estimate!!Number!!HOUSEHOLD INCOME BY AGE OF HOUSEHOLDER!!25 to 44 years; ...",,,,csv encoding=utf-8-sig
ACSST5Y2020.S1903-Table-Notes.txt,data/raw/misc/dataset_archive/S1903Median Income in the Past 12 Months (in 2023 Inflation-Adjusted Dollars)/ACSST5Y2020.S1903-Table-Notes.txt,txt,5.96,data/raw/misc/dataset_archive/S1903Median Income in the Past 12 Months (in 2023 Inflation-Adjusted Dollars),demographics,raw_source,,,,,,,documentation or metadata text file
ACSST5Y2021.S1903-Column-Metadata.csv,data/raw/misc/dataset_archive/S1903Median Income in the Past 12 Months (in 2023 Inflation-Adjusted Dollars)/ACSST5Y2021.S1903-Column-Metadata.csv,csv,28.93,data/raw/misc/dataset_archive/S1903Median Income in the Past 12 Months (in 2023 Inflation-Adjusted Dollars),demographics,raw_source,241,2,GEO_ID; Geography,,,,csv encoding=utf-8-sig
ACSST5Y2021.S1903-Data.csv,data/raw/misc/dataset_archive/S1903Median Income in the Past 12 Months (in 2023 Inflation-Adjusted Dollars)/ACSST5Y2021.S1903-Data.csv,csv,80.46,data/raw/misc/dataset_archive/S1903Median Income in the Past 12 Months (in 2023 Inflation-Adjusted Dollars),demographics,raw_source,34,243,"Geography; Geographic Area Name; Estimate!!Number!!HOUSEHOLD INCOME BY RACE AND HISPANIC OR LATINO ORIGIN OF HOUSEHOLDER!!Households; Margin of Error!!Number!!HOUSEHOLD INCOME BY RACE AND HISPANIC OR LATINO ORIGIN OF HOUSEHOLDER!!Households; Estimate!!Number!!HOUSEHOLD INCOME BY RACE AND HISPANIC OR LATINO ORIGIN OF HOUSEHOLDER!!Households!!One race--!!White; Margin of Error!!Number!!HOUSEHOLD INCOME BY RACE AND HISPANIC OR LATINO ORIGIN OF HOUSEHOLDER!!Households!!One race--!!White; Estimate!!Number!!HOUSEHOLD INCOME BY RACE AND HISPANIC OR LATINO ORIGIN OF HOUSEHOLDER!!Households!!One race--!!Black or African American; Margin of Error!!Number!!HOUSEHOLD INCOME BY RACE AND HISPANIC OR LATINO ORIGIN OF HOUSEHOLDER!!Households!!One race--!!Black or African American; Estimate!!Number!!HOUSEHOLD INCOME BY RACE AND HISPANIC OR LATINO ORIGIN OF HOUSEHOLDER!!Households!!One race--!!American Indian and Alaska Native; Margin of Error!!Number!!HOUSEHOLD INCOME BY RACE AND HISPANIC OR LATINO ORIGIN OF HOUSEHOLDER!!Households!!One race--!!American Indian and Alaska Native; Estimate!!Number!!HOUSEHOLD INCOME BY RACE AND HISPANIC OR LATINO ORIGIN OF HOUSEHOLDER!!Households!!One race--!!Asian; Margin of Error!!Number!!HOUSEHOLD INCOME BY RACE AND HISPANIC OR LATINO ORIGIN OF HOUSEHOLDER!!Households!!One race--!!Asian; Estimate!!Number!!HOUSEHOLD INCOME BY RACE AND HISPANIC OR LATINO ORIGIN OF HOUSEHOLDER!!Households!!One race--!!Native Hawaiian and Other Pacific Islander; Margin of Error!!Number!!HOUSEHOLD INCOME BY RACE AND HISPANIC OR LATINO ORIGIN OF HOUSEHOLDER!!Households!!One race--!!Native Hawaiian and Other Pacific Islander; Estimate!!Number!!HOUSEHOLD INCOME BY RACE AND HISPANIC OR LATINO ORIGIN OF HOUSEHOLDER!!Households!!One race--!!Some other race; Margin of Error!!Number!!HOUSEHOLD INCOME BY RACE AND HISPANIC OR LATINO ORIGIN OF HOUSEHOLDER!!Households!!One race--!!Some other race; Estimate!!Number!!HOUSEHOLD INCOME BY RACE AND HISPANIC OR LATINO ORIGIN OF HOUSEHOLDER!!Households!!Two or more races; Margin of Error!!Number!!HOUSEHOLD INCOME BY RACE AND HISPANIC OR LATINO ORIGIN OF HOUSEHOLDER!!Households!!Two or more races; Estimate!!Number!!HOUSEHOLD INCOME BY RACE AND HISPANIC OR LATINO ORIGIN OF HOUSEHOLDER!!Households!!Hispanic or Latino origin (of any race); Margin of Error!!Number!!HOUSEHOLD INCOME BY RACE AND HISPANIC OR LATINO ORIGIN OF HOUSEHOLDER!!Households!!Hispanic or Latino origin (of any race); Estimate!!Number!!HOUSEHOLD INCOME BY RACE AND HISPANIC OR LATINO ORIGIN OF HOUSEHOLDER!!Households!!White alone, not Hispanic or Latino; Margin of Error!!Number!!HOUSEHOLD INCOME BY RACE AND HISPANIC OR LATINO ORIGIN OF HOUSEHOLDER!!Households!!White alone, not Hispanic or Latino; Estimate!!Number!!HOUSEHOLD INCOME BY AGE OF HOUSEHOLDER!!15 to 24 years; Margin of Error!!Number!!HOUSEHOLD INCOME BY AGE OF HOUSEHOLDER!!15 to 24 years; Estimate!!Number!!HOUSEHOLD INCOME BY AGE OF HOUSEHOLDER!!25 to 44 years; ...",,,,csv encoding=utf-8-sig
ACSST5Y2021.S1903-Table-Notes.txt,data/raw/misc/dataset_archive/S1903Median Income in the Past 12 Months (in 2023 Inflation-Adjusted Dollars)/ACSST5Y2021.S1903-Table-Notes.txt,txt,5.94,data/raw/misc/dataset_archive/S1903Median Income in the Past 12 Months (in 2023 Inflation-Adjusted Dollars),demographics,raw_source,,,,,,,documentation or metadata text file
ACSST5Y2022.S1903-Column-Metadata.csv,data/raw/misc/dataset_archive/S1903Median Income in the Past 12 Months (in 2023 Inflation-Adjusted Dollars)/ACSST5Y2022.S1903-Column-Metadata.csv,csv,28.93,data/raw/misc/dataset_archive/S1903Median Income in the Past 12 Months (in 2023 Inflation-Adjusted Dollars),demographics,raw_source,241,2,GEO_ID; Geography,,,,csv encoding=utf-8-sig
ACSST5Y2022.S1903-Data.csv,data/raw/misc/dataset_archive/S1903Median Income in the Past 12 Months (in 2023 Inflation-Adjusted Dollars)/ACSST5Y2022.S1903-Data.csv,csv,80.49,data/raw/misc/dataset_archive/S1903Median Income in the Past 12 Months (in 2023 Inflation-Adjusted Dollars),demographics,raw_source,34,243,"Geography; Geographic Area Name; Estimate!!Number!!HOUSEHOLD INCOME BY RACE AND HISPANIC OR LATINO ORIGIN OF HOUSEHOLDER!!Households; Margin of Error!!Number!!HOUSEHOLD INCOME BY RACE AND HISPANIC OR LATINO ORIGIN OF HOUSEHOLDER!!Households; Estimate!!Number!!HOUSEHOLD INCOME BY RACE AND HISPANIC OR LATINO ORIGIN OF HOUSEHOLDER!!Households!!One race--!!White; Margin of Error!!Number!!HOUSEHOLD INCOME BY RACE AND HISPANIC OR LATINO ORIGIN OF HOUSEHOLDER!!Households!!One race--!!White; Estimate!!Number!!HOUSEHOLD INCOME BY RACE AND HISPANIC OR LATINO ORIGIN OF HOUSEHOLDER!!Households!!One race--!!Black or African American; Margin of Error!!Number!!HOUSEHOLD INCOME BY RACE AND HISPANIC OR LATINO ORIGIN OF HOUSEHOLDER!!Households!!One race--!!Black or African American; Estimate!!Number!!HOUSEHOLD INCOME BY RACE AND HISPANIC OR LATINO ORIGIN OF HOUSEHOLDER!!Households!!One race--!!American Indian and Alaska Native; Margin of Error!!Number!!HOUSEHOLD INCOME BY RACE AND HISPANIC OR LATINO ORIGIN OF HOUSEHOLDER!!Households!!One race--!!American Indian and Alaska Native; Estimate!!Number!!HOUSEHOLD INCOME BY RACE AND HISPANIC OR LATINO ORIGIN OF HOUSEHOLDER!!Households!!One race--!!Asian; Margin of Error!!Number!!HOUSEHOLD INCOME BY RACE AND HISPANIC OR LATINO ORIGIN OF HOUSEHOLDER!!Households!!One race--!!Asian; Estimate!!Number!!HOUSEHOLD INCOME BY RACE AND HISPANIC OR LATINO ORIGIN OF HOUSEHOLDER!!Households!!One race--!!Native Hawaiian and Other Pacific Islander; Margin of Error!!Number!!HOUSEHOLD INCOME BY RACE AND HISPANIC OR LATINO ORIGIN OF HOUSEHOLDER!!Households!!One race--!!Native Hawaiian and Other Pacific Islander; Estimate!!Number!!HOUSEHOLD INCOME BY RACE AND HISPANIC OR LATINO ORIGIN OF HOUSEHOLDER!!Households!!One race--!!Some other race; Margin of Error!!Number!!HOUSEHOLD INCOME BY RACE AND HISPANIC OR LATINO ORIGIN OF HOUSEHOLDER!!Households!!One race--!!Some other race; Estimate!!Number!!HOUSEHOLD INCOME BY RACE AND HISPANIC OR LATINO ORIGIN OF HOUSEHOLDER!!Households!!Two or more races; Margin of Error!!Number!!HOUSEHOLD INCOME BY RACE AND HISPANIC OR LATINO ORIGIN OF HOUSEHOLDER!!Households!!Two or more races; Estimate!!Number!!HOUSEHOLD INCOME BY RACE AND HISPANIC OR LATINO ORIGIN OF HOUSEHOLDER!!Households!!Hispanic or Latino origin (of any race); Margin of Error!!Number!!HOUSEHOLD INCOME BY RACE AND HISPANIC OR LATINO ORIGIN OF HOUSEHOLDER!!Households!!Hispanic or Latino origin (of any race); Estimate!!Number!!HOUSEHOLD INCOME BY RACE AND HISPANIC OR LATINO ORIGIN OF HOUSEHOLDER!!Households!!White alone, not Hispanic or Latino; Margin of Error!!Number!!HOUSEHOLD INCOME BY RACE AND HISPANIC OR LATINO ORIGIN OF HOUSEHOLDER!!Households!!White alone, not Hispanic or Latino; Estimate!!Number!!HOUSEHOLD INCOME BY AGE OF HOUSEHOLDER!!15 to 24 years; Margin of Error!!Number!!HOUSEHOLD INCOME BY AGE OF HOUSEHOLDER!!15 to 24 years; Estimate!!Number!!HOUSEHOLD INCOME BY AGE OF HOUSEHOLDER!!25 to 44 years; ...",,,,csv encoding=utf-8-sig
ACSST5Y2022.S1903-Table-Notes.txt,data/raw/misc/dataset_archive/S1903Median Income in the Past 12 Months (in 2023 Inflation-Adjusted Dollars)/ACSST5Y2022.S1903-Table-Notes.txt,txt,5.88,data/raw/misc/dataset_archive/S1903Median Income in the Past 12 Months (in 2023 Inflation-Adjusted Dollars),demographics,raw_source,,,,,,,documentation or metadata text file
ACSST5Y2023.S1903-Column-Metadata.csv,data/raw/misc/dataset_archive/S1903Median Income in the Past 12 Months (in 2023 Inflation-Adjusted Dollars)/ACSST5Y2023.S1903-Column-Metadata.csv,csv,28.93,data/raw/misc/dataset_archive/S1903Median Income in the Past 12 Months (in 2023 Inflation-Adjusted Dollars),demographics,raw_source,241,2,GEO_ID; Geography,,,,csv encoding=utf-8-sig
ACSST5Y2023.S1903-Data.csv,data/raw/misc/dataset_archive/S1903Median Income in the Past 12 Months (in 2023 Inflation-Adjusted Dollars)/ACSST5Y2023.S1903-Data.csv,csv,80.43,data/raw/misc/dataset_archive/S1903Median Income in the Past 12 Months (in 2023 Inflation-Adjusted Dollars),demographics,raw_source,34,243,"Geography; Geographic Area Name; Estimate!!Number!!HOUSEHOLD INCOME BY RACE AND HISPANIC OR LATINO ORIGIN OF HOUSEHOLDER!!Households; Margin of Error!!Number!!HOUSEHOLD INCOME BY RACE AND HISPANIC OR LATINO ORIGIN OF HOUSEHOLDER!!Households; Estimate!!Number!!HOUSEHOLD INCOME BY RACE AND HISPANIC OR LATINO ORIGIN OF HOUSEHOLDER!!Households!!One race--!!White; Margin of Error!!Number!!HOUSEHOLD INCOME BY RACE AND HISPANIC OR LATINO ORIGIN OF HOUSEHOLDER!!Households!!One race--!!White; Estimate!!Number!!HOUSEHOLD INCOME BY RACE AND HISPANIC OR LATINO ORIGIN OF HOUSEHOLDER!!Households!!One race--!!Black or African American; Margin of Error!!Number!!HOUSEHOLD INCOME BY RACE AND HISPANIC OR LATINO ORIGIN OF HOUSEHOLDER!!Households!!One race--!!Black or African American; Estimate!!Number!!HOUSEHOLD INCOME BY RACE AND HISPANIC OR LATINO ORIGIN OF HOUSEHOLDER!!Households!!One race--!!American Indian and Alaska Native; Margin of Error!!Number!!HOUSEHOLD INCOME BY RACE AND HISPANIC OR LATINO ORIGIN OF HOUSEHOLDER!!Households!!One race--!!American Indian and Alaska Native; Estimate!!Number!!HOUSEHOLD INCOME BY RACE AND HISPANIC OR LATINO ORIGIN OF HOUSEHOLDER!!Households!!One race--!!Asian; Margin of Error!!Number!!HOUSEHOLD INCOME BY RACE AND HISPANIC OR LATINO ORIGIN OF HOUSEHOLDER!!Households!!One race--!!Asian; Estimate!!Number!!HOUSEHOLD INCOME BY RACE AND HISPANIC OR LATINO ORIGIN OF HOUSEHOLDER!!Households!!One race--!!Native Hawaiian and Other Pacific Islander; Margin of Error!!Number!!HOUSEHOLD INCOME BY RACE AND HISPANIC OR LATINO ORIGIN OF HOUSEHOLDER!!Households!!One race--!!Native Hawaiian and Other Pacific Islander; Estimate!!Number!!HOUSEHOLD INCOME BY RACE AND HISPANIC OR LATINO ORIGIN OF HOUSEHOLDER!!Households!!One race--!!Some other race; Margin of Error!!Number!!HOUSEHOLD INCOME BY RACE AND HISPANIC OR LATINO ORIGIN OF HOUSEHOLDER!!Households!!One race--!!Some other race; Estimate!!Number!!HOUSEHOLD INCOME BY RACE AND HISPANIC OR LATINO ORIGIN OF HOUSEHOLDER!!Households!!Two or more races; Margin of Error!!Number!!HOUSEHOLD INCOME BY RACE AND HISPANIC OR LATINO ORIGIN OF HOUSEHOLDER!!Households!!Two or more races; Estimate!!Number!!HOUSEHOLD INCOME BY RACE AND HISPANIC OR LATINO ORIGIN OF HOUSEHOLDER!!Households!!Hispanic or Latino origin (of any race); Margin of Error!!Number!!HOUSEHOLD INCOME BY RACE AND HISPANIC OR LATINO ORIGIN OF HOUSEHOLDER!!Households!!Hispanic or Latino origin (of any race); Estimate!!Number!!HOUSEHOLD INCOME BY RACE AND HISPANIC OR LATINO ORIGIN OF HOUSEHOLDER!!Households!!White alone, not Hispanic or Latino; Margin of Error!!Number!!HOUSEHOLD INCOME BY RACE AND HISPANIC OR LATINO ORIGIN OF HOUSEHOLDER!!Households!!White alone, not Hispanic or Latino; Estimate!!Number!!HOUSEHOLD INCOME BY AGE OF HOUSEHOLDER!!15 to 24 years; Margin of Error!!Number!!HOUSEHOLD INCOME BY AGE OF HOUSEHOLDER!!15 to 24 years; Estimate!!Number!!HOUSEHOLD INCOME BY AGE OF HOUSEHOLDER!!25 to 44 years; ...",,,,csv encoding=utf-8-sig
ACSST5Y2023.S1903-Table-Notes.txt,data/raw/misc/dataset_archive/S1903Median Income in the Past 12 Months (in 2023 Inflation-Adjusted Dollars)/ACSST5Y2023.S1903-Table-Notes.txt,txt,5.97,data/raw/misc/dataset_archive/S1903Median Income in the Past 12 Months (in 2023 Inflation-Adjusted Dollars),demographics,raw_source,,,,,,,documentation or metadata text file
ACSST5Y2010.S2201-Column-Metadata.csv,data/raw/misc/dataset_archive/S2201Food StampsSupplemental Nutrition Assistance Program (SNAP)/ACSST5Y2010.S2201-Column-Metadata.csv,csv,14.35,data/raw/misc/dataset_archive/S2201Food StampsSupplemental Nutrition Assistance Program (SNAP),demographics,raw_source,127,2,GEO_ID; Geography,,,,csv encoding=utf-8-sig
ACSST5Y2010.S2201-Data.csv,data/raw/misc/dataset_archive/S2201Food StampsSupplemental Nutrition Assistance Program (SNAP)/ACSST5Y2010.S2201-Data.csv,csv,42.58,data/raw/misc/dataset_archive/S2201Food StampsSupplemental Nutrition Assistance Program (SNAP),demographics,raw_source,32,129,Geography; Geographic Area Name; Total!!Estimate!!Households; Total!!Margin of Error!!Households; Households receiving food stamps!!Estimate!!Households; Households receiving food stamps!!Margin of Error!!Households; Households not receiving food stamps!!Estimate!!Households; Households not receiving food stamps!!Margin of Error!!Households; Total!!Estimate!!With one or more people 60 years and over; Total!!Margin of Error!!With one or more people 60 years and over; Households receiving food stamps!!Estimate!!With one or more people 60 years and over; Households receiving food stamps!!Margin of Error!!With one or more people 60 years and over; Households not receiving food stamps!!Estimate!!With one or more people 60 years and over; Households not receiving food stamps!!Margin of Error!!With one or more people 60 years and over; Total!!Estimate!!With children under 18 years; Total!!Margin of Error!!With children under 18 years; Households receiving food stamps!!Estimate!!With children under 18 years; Households receiving food stamps!!Margin of Error!!With children under 18 years; Households not receiving food stamps!!Estimate!!With children under 18 years; Households not receiving food stamps!!Margin of Error!!With children under 18 years; Total!!Estimate!!POVERTY STATUS IN THE PAST 12 MONTHS!!Below poverty level; Total!!Margin of Error!!POVERTY STATUS IN THE PAST 12 MONTHS!!Below poverty level; Households receiving food stamps!!Estimate!!POVERTY STATUS IN THE PAST 12 MONTHS!!Below poverty level; Households receiving food stamps!!Margin of Error!!POVERTY STATUS IN THE PAST 12 MONTHS!!Below poverty level; Households not receiving food stamps!!Estimate!!POVERTY STATUS IN THE PAST 12 MONTHS!!Below poverty level; ...,,,,csv encoding=utf-8-sig
ACSST5Y2010.S2201-Table-Notes.txt,data/raw/misc/dataset_archive/S2201Food StampsSupplemental Nutrition Assistance Program (SNAP)/ACSST5Y2010.S2201-Table-Notes.txt,txt,5.24,data/raw/misc/dataset_archive/S2201Food StampsSupplemental Nutrition Assistance Program (SNAP),demographics,raw_source,,,,,,,documentation or metadata text file
ACSST5Y2011.S2201-Column-Metadata.csv,data/raw/misc/dataset_archive/S2201Food StampsSupplemental Nutrition Assistance Program (SNAP)/ACSST5Y2011.S2201-Column-Metadata.csv,csv,14.35,data/raw/misc/dataset_archive/S2201Food StampsSupplemental Nutrition Assistance Program (SNAP),demographics,raw_source,127,2,GEO_ID; Geography,,,,csv encoding=utf-8-sig
ACSST5Y2011.S2201-Data.csv,data/raw/misc/dataset_archive/S2201Food StampsSupplemental Nutrition Assistance Program (SNAP)/ACSST5Y2011.S2201-Data.csv,csv,41.5,data/raw/misc/dataset_archive/S2201Food StampsSupplemental Nutrition Assistance Program (SNAP),demographics,raw_source,32,129,Geography; Geographic Area Name; Total!!Estimate!!Households; Total!!Margin of Error!!Households; Households receiving food stamps!!Estimate!!Households; Households receiving food stamps!!Margin of Error!!Households; Households not receiving food stamps!!Estimate!!Households; Households not receiving food stamps!!Margin of Error!!Households; Total!!Estimate!!With one or more people 60 years and over; Total!!Margin of Error!!With one or more people 60 years and over; Households receiving food stamps!!Estimate!!With one or more people 60 years and over; Households receiving food stamps!!Margin of Error!!With one or more people 60 years and over; Households not receiving food stamps!!Estimate!!With one or more people 60 years and over; Households not receiving food stamps!!Margin of Error!!With one or more people 60 years and over; Total!!Estimate!!With children under 18 years; Total!!Margin of Error!!With children under 18 years; Households receiving food stamps!!Estimate!!With children under 18 years; Households receiving food stamps!!Margin of Error!!With children under 18 years; Households not receiving food stamps!!Estimate!!With children under 18 years; Households not receiving food stamps!!Margin of Error!!With children under 18 years; Total!!Estimate!!POVERTY STATUS IN THE PAST 12 MONTHS!!Below poverty level; Total!!Margin of Error!!POVERTY STATUS IN THE PAST 12 MONTHS!!Below poverty level; Households receiving food stamps!!Estimate!!POVERTY STATUS IN THE PAST 12 MONTHS!!Below poverty level; Households receiving food stamps!!Margin of Error!!POVERTY STATUS IN THE PAST 12 MONTHS!!Below poverty level; Households not receiving food stamps!!Estimate!!POVERTY STATUS IN THE PAST 12 MONTHS!!Below poverty level; ...,,,,csv encoding=utf-8-sig
ACSST5Y2011.S2201-Table-Notes.txt,data/raw/misc/dataset_archive/S2201Food StampsSupplemental Nutrition Assistance Program (SNAP)/ACSST5Y2011.S2201-Table-Notes.txt,txt,5.01,data/raw/misc/dataset_archive/S2201Food StampsSupplemental Nutrition Assistance Program (SNAP),demographics,raw_source,,,,,,,documentation or metadata text file
ACSST5Y2012.S2201-Column-Metadata.csv,data/raw/misc/dataset_archive/S2201Food StampsSupplemental Nutrition Assistance Program (SNAP)/ACSST5Y2012.S2201-Column-Metadata.csv,csv,14.35,data/raw/misc/dataset_archive/S2201Food StampsSupplemental Nutrition Assistance Program (SNAP),demographics,raw_source,127,2,GEO_ID; Geography,,,,csv encoding=utf-8-sig
ACSST5Y2012.S2201-Data.csv,data/raw/misc/dataset_archive/S2201Food StampsSupplemental Nutrition Assistance Program (SNAP)/ACSST5Y2012.S2201-Data.csv,csv,41.6,data/raw/misc/dataset_archive/S2201Food StampsSupplemental Nutrition Assistance Program (SNAP),demographics,raw_source,32,129,Geography; Geographic Area Name; Total!!Estimate!!Households; Total!!Margin of Error!!Households; Households receiving food stamps!!Estimate!!Households; Households receiving food stamps!!Margin of Error!!Households; Households not receiving food stamps!!Estimate!!Households; Households not receiving food stamps!!Margin of Error!!Households; Total!!Estimate!!With one or more people 60 years and over; Total!!Margin of Error!!With one or more people 60 years and over; Households receiving food stamps!!Estimate!!With one or more people 60 years and over; Households receiving food stamps!!Margin of Error!!With one or more people 60 years and over; Households not receiving food stamps!!Estimate!!With one or more people 60 years and over; Households not receiving food stamps!!Margin of Error!!With one or more people 60 years and over; Total!!Estimate!!With children under 18 years; Total!!Margin of Error!!With children under 18 years; Households receiving food stamps!!Estimate!!With children under 18 years; Households receiving food stamps!!Margin of Error!!With children under 18 years; Households not receiving food stamps!!Estimate!!With children under 18 years; Households not receiving food stamps!!Margin of Error!!With children under 18 years; Total!!Estimate!!POVERTY STATUS IN THE PAST 12 MONTHS!!Below poverty level; Total!!Margin of Error!!POVERTY STATUS IN THE PAST 12 MONTHS!!Below poverty level; Households receiving food stamps!!Estimate!!POVERTY STATUS IN THE PAST 12 MONTHS!!Below poverty level; Households receiving food stamps!!Margin of Error!!POVERTY STATUS IN THE PAST 12 MONTHS!!Below poverty level; Households not receiving food stamps!!Estimate!!POVERTY STATUS IN THE PAST 12 MONTHS!!Below poverty level; ...,,,,csv encoding=utf-8-sig
ACSST5Y2012.S2201-Table-Notes.txt,data/raw/misc/dataset_archive/S2201Food StampsSupplemental Nutrition Assistance Program (SNAP)/ACSST5Y2012.S2201-Table-Notes.txt,txt,5.01,data/raw/misc/dataset_archive/S2201Food StampsSupplemental Nutrition Assistance Program (SNAP),demographics,raw_source,,,,,,,documentation or metadata text file
ACSST5Y2013.S2201-Column-Metadata.csv,data/raw/misc/dataset_archive/S2201Food StampsSupplemental Nutrition Assistance Program (SNAP)/ACSST5Y2013.S2201-Column-Metadata.csv,csv,14.52,data/raw/misc/dataset_archive/S2201Food StampsSupplemental Nutrition Assistance Program (SNAP),demographics,raw_source,127,2,GEO_ID; Geography,,,,csv encoding=utf-8-sig
ACSST5Y2013.S2201-Data.csv,data/raw/misc/dataset_archive/S2201Food StampsSupplemental Nutrition Assistance Program (SNAP)/ACSST5Y2013.S2201-Data.csv,csv,41.82,data/raw/misc/dataset_archive/S2201Food StampsSupplemental Nutrition Assistance Program (SNAP),demographics,raw_source,32,129,Geography; Geographic Area Name; Total!!Estimate!!Households; Total!!Margin of Error!!Households; Households receiving food stamps!!Estimate!!Households; Households receiving food stamps!!Margin of Error!!Households; Households not receiving food stamps!!Estimate!!Households; Households not receiving food stamps!!Margin of Error!!Households; Total!!Estimate!!With one or more people 60 years and over; Total!!Margin of Error!!With one or more people 60 years and over; Households receiving food stamps!!Estimate!!With one or more people 60 years and over; Households receiving food stamps!!Margin of Error!!With one or more people 60 years and over; Households not receiving food stamps!!Estimate!!With one or more people 60 years and over; Households not receiving food stamps!!Margin of Error!!With one or more people 60 years and over; Total!!Estimate!!With children under 18 years; Total!!Margin of Error!!With children under 18 years; Households receiving food stamps!!Estimate!!With children under 18 years; Households receiving food stamps!!Margin of Error!!With children under 18 years; Households not receiving food stamps!!Estimate!!With children under 18 years; Households not receiving food stamps!!Margin of Error!!With children under 18 years; Total!!Estimate!!POVERTY STATUS IN THE PAST 12 MONTHS!!Below poverty level; Total!!Margin of Error!!POVERTY STATUS IN THE PAST 12 MONTHS!!Below poverty level; Households receiving food stamps!!Estimate!!POVERTY STATUS IN THE PAST 12 MONTHS!!Below poverty level; Households receiving food stamps!!Margin of Error!!POVERTY STATUS IN THE PAST 12 MONTHS!!Below poverty level; Households not receiving food stamps!!Estimate!!POVERTY STATUS IN THE PAST 12 MONTHS!!Below poverty level; ...,,,,csv encoding=utf-8-sig
ACSST5Y2013.S2201-Table-Notes.txt,data/raw/misc/dataset_archive/S2201Food StampsSupplemental Nutrition Assistance Program (SNAP)/ACSST5Y2013.S2201-Table-Notes.txt,txt,4.95,data/raw/misc/dataset_archive/S2201Food StampsSupplemental Nutrition Assistance Program (SNAP),demographics,raw_source,,,,,,,documentation or metadata text file
ACSST5Y2014.S2201-Column-Metadata.csv,data/raw/misc/dataset_archive/S2201Food StampsSupplemental Nutrition Assistance Program (SNAP)/ACSST5Y2014.S2201-Column-Metadata.csv,csv,14.52,data/raw/misc/dataset_archive/S2201Food StampsSupplemental Nutrition Assistance Program (SNAP),demographics,raw_source,127,2,GEO_ID; Geography,,,,csv encoding=utf-8-sig
ACSST5Y2014.S2201-Data.csv,data/raw/misc/dataset_archive/S2201Food StampsSupplemental Nutrition Assistance Program (SNAP)/ACSST5Y2014.S2201-Data.csv,csv,41.79,data/raw/misc/dataset_archive/S2201Food StampsSupplemental Nutrition Assistance Program (SNAP),demographics,raw_source,32,129,Geography; Geographic Area Name; Total!!Estimate!!Households; Total!!Margin of Error!!Households; Households receiving food stamps!!Estimate!!Households; Households receiving food stamps!!Margin of Error!!Households; Households not receiving food stamps!!Estimate!!Households; Households not receiving food stamps!!Margin of Error!!Households; Total!!Estimate!!With one or more people 60 years and over; Total!!Margin of Error!!With one or more people 60 years and over; Households receiving food stamps!!Estimate!!With one or more people 60 years and over; Households receiving food stamps!!Margin of Error!!With one or more people 60 years and over; Households not receiving food stamps!!Estimate!!With one or more people 60 years and over; Households not receiving food stamps!!Margin of Error!!With one or more people 60 years and over; Total!!Estimate!!With children under 18 years; Total!!Margin of Error!!With children under 18 years; Households receiving food stamps!!Estimate!!With children under 18 years; Households receiving food stamps!!Margin of Error!!With children under 18 years; Households not receiving food stamps!!Estimate!!With children under 18 years; Households not receiving food stamps!!Margin of Error!!With children under 18 years; Total!!Estimate!!POVERTY STATUS IN THE PAST 12 MONTHS!!Below poverty level; Total!!Margin of Error!!POVERTY STATUS IN THE PAST 12 MONTHS!!Below poverty level; Households receiving food stamps!!Estimate!!POVERTY STATUS IN THE PAST 12 MONTHS!!Below poverty level; Households receiving food stamps!!Margin of Error!!POVERTY STATUS IN THE PAST 12 MONTHS!!Below poverty level; Households not receiving food stamps!!Estimate!!POVERTY STATUS IN THE PAST 12 MONTHS!!Below poverty level; ...,,,,csv encoding=utf-8-sig
ACSST5Y2014.S2201-Table-Notes.txt,data/raw/misc/dataset_archive/S2201Food StampsSupplemental Nutrition Assistance Program (SNAP)/ACSST5Y2014.S2201-Table-Notes.txt,txt,4.97,data/raw/misc/dataset_archive/S2201Food StampsSupplemental Nutrition Assistance Program (SNAP),demographics,raw_source,,,,,,,documentation or metadata text file
ACSST5Y2015.S2201-Column-Metadata.csv,data/raw/misc/dataset_archive/S2201Food StampsSupplemental Nutrition Assistance Program (SNAP)/ACSST5Y2015.S2201-Column-Metadata.csv,csv,56.54,data/raw/misc/dataset_archive/S2201Food StampsSupplemental Nutrition Assistance Program (SNAP),demographics,raw_source,457,2,GEO_ID; Geography,,,,csv encoding=utf-8-sig
ACSST5Y2015.S2201-Data.csv,data/raw/misc/dataset_archive/S2201Food StampsSupplemental Nutrition Assistance Program (SNAP)/ACSST5Y2015.S2201-Data.csv,csv,142.43,data/raw/misc/dataset_archive/S2201Food StampsSupplemental Nutrition Assistance Program (SNAP),demographics,raw_source,32,459,Geography; Geographic Area Name; Total!!Estimate!!Households; Total!!Margin of Error!!Households; Percent!!Estimate!!Households; Percent!!Margin of Error!!Households; Households receiving food stamps/SNAP!!Estimate!!Households; Households receiving food stamps/SNAP!!Margin of Error!!Households; Percent households receiving food stamps/SNAP!!Estimate!!Households; Percent households receiving food stamps/SNAP!!Margin of Error!!Households; Households not receiving food stamps/SNAP!!Estimate!!Households; Households not receiving food stamps/SNAP!!Margin of Error!!Households; Percent households not receiving food stamps/SNAP!!Estimate!!Households; Percent households not receiving food stamps/SNAP!!Margin of Error!!Households; Total!!Estimate!!With one or more people in the household 60 years and over; Total!!Margin of Error!!With one or more people in the household 60 years and over; Percent!!Estimate!!With one or more people in the household 60 years and over; Percent!!Margin of Error!!With one or more people in the household 60 years and over; Households receiving food stamps/SNAP!!Estimate!!With one or more people in the household 60 years and over; Households receiving food stamps/SNAP!!Margin of Error!!With one or more people in the household 60 years and over; Percent households receiving food stamps/SNAP!!Estimate!!With one or more people in the household 60 years and over; Percent households receiving food stamps/SNAP!!Margin of Error!!With one or more people in the household 60 years and over; Households not receiving food stamps/SNAP!!Estimate!!With one or more people in the household 60 years and over; Households not receiving food stamps/SNAP!!Margin of Error!!With one or more people in the household 60 years and over; Percent households not receiving food stamps/SNAP!!Estimate!!With one or more people in the household 60 years and over; ...,,,,csv encoding=utf-8-sig
ACSST5Y2015.S2201-Table-Notes.txt,data/raw/misc/dataset_archive/S2201Food StampsSupplemental Nutrition Assistance Program (SNAP)/ACSST5Y2015.S2201-Table-Notes.txt,txt,5.18,data/raw/misc/dataset_archive/S2201Food StampsSupplemental Nutrition Assistance Program (SNAP),demographics,raw_source,,,,,,,documentation or metadata text file
ACSST5Y2016.S2201-Column-Metadata.csv,data/raw/misc/dataset_archive/S2201Food StampsSupplemental Nutrition Assistance Program (SNAP)/ACSST5Y2016.S2201-Column-Metadata.csv,csv,56.54,data/raw/misc/dataset_archive/S2201Food StampsSupplemental Nutrition Assistance Program (SNAP),demographics,raw_source,457,2,GEO_ID; Geography,,,,csv encoding=utf-8-sig
ACSST5Y2016.S2201-Data.csv,data/raw/misc/dataset_archive/S2201Food StampsSupplemental Nutrition Assistance Program (SNAP)/ACSST5Y2016.S2201-Data.csv,csv,142.44,data/raw/misc/dataset_archive/S2201Food StampsSupplemental Nutrition Assistance Program (SNAP),demographics,raw_source,32,459,Geography; Geographic Area Name; Total!!Estimate!!Households; Total!!Margin of Error!!Households; Percent!!Estimate!!Households; Percent!!Margin of Error!!Households; Households receiving food stamps/SNAP!!Estimate!!Households; Households receiving food stamps/SNAP!!Margin of Error!!Households; Percent households receiving food stamps/SNAP!!Estimate!!Households; Percent households receiving food stamps/SNAP!!Margin of Error!!Households; Households not receiving food stamps/SNAP!!Estimate!!Households; Households not receiving food stamps/SNAP!!Margin of Error!!Households; Percent households not receiving food stamps/SNAP!!Estimate!!Households; Percent households not receiving food stamps/SNAP!!Margin of Error!!Households; Total!!Estimate!!With one or more people in the household 60 years and over; Total!!Margin of Error!!With one or more people in the household 60 years and over; Percent!!Estimate!!With one or more people in the household 60 years and over; Percent!!Margin of Error!!With one or more people in the household 60 years and over; Households receiving food stamps/SNAP!!Estimate!!With one or more people in the household 60 years and over; Households receiving food stamps/SNAP!!Margin of Error!!With one or more people in the household 60 years and over; Percent households receiving food stamps/SNAP!!Estimate!!With one or more people in the household 60 years and over; Percent households receiving food stamps/SNAP!!Margin of Error!!With one or more people in the household 60 years and over; Households not receiving food stamps/SNAP!!Estimate!!With one or more people in the household 60 years and over; Households not receiving food stamps/SNAP!!Margin of Error!!With one or more people in the household 60 years and over; Percent households not receiving food stamps/SNAP!!Estimate!!With one or more people in the household 60 years and over; ...,,,,csv encoding=utf-8-sig
ACSST5Y2016.S2201-Table-Notes.txt,data/raw/misc/dataset_archive/S2201Food StampsSupplemental Nutrition Assistance Program (SNAP)/ACSST5Y2016.S2201-Table-Notes.txt,txt,5.17,data/raw/misc/dataset_archive/S2201Food StampsSupplemental Nutrition Assistance Program (SNAP),demographics,raw_source,,,,,,,documentation or metadata text file
ACSST5Y2017.S2201-Column-Metadata.csv,data/raw/misc/dataset_archive/S2201Food StampsSupplemental Nutrition Assistance Program (SNAP)/ACSST5Y2017.S2201-Column-Metadata.csv,csv,60.08,data/raw/misc/dataset_archive/S2201Food StampsSupplemental Nutrition Assistance Program (SNAP),demographics,raw_source,457,2,GEO_ID; Geography,,,,csv encoding=utf-8-sig
ACSST5Y2017.S2201-Data.csv,data/raw/misc/dataset_archive/S2201Food StampsSupplemental Nutrition Assistance Program (SNAP)/ACSST5Y2017.S2201-Data.csv,csv,145.85,data/raw/misc/dataset_archive/S2201Food StampsSupplemental Nutrition Assistance Program (SNAP),demographics,raw_source,32,459,"Geography; Geographic Area Name; Estimate!!Total!!Households; Margin of Error!!Total MOE!!Households; Estimate!!Total!!Households!!With one or more people in the household 60 years and over; Margin of Error!!Total MOE!!Households!!With one or more people in the household 60 years and over; Estimate!!Total!!Households!!No people in the household 60 years and over; Margin of Error!!Total MOE!!Households!!No people in the household 60 years and over; Estimate!!Total!!Households!!Married-couple family; Margin of Error!!Total MOE!!Households!!Married-couple family; Estimate!!Total!!Households!!Other family; Margin of Error!!Total MOE!!Households!!Other family; Estimate!!Total!!Households!!Other family!!Male householder, no wife present; Margin of Error!!Total MOE!!Households!!Other family!!Male householder, no wife present; Estimate!!Total!!Households!!Other family!!Female householder, no husband present; Margin of Error!!Total MOE!!Households!!Other family!!Female householder, no husband present; Estimate!!Total!!Households!!Nonfamily households; Margin of Error!!Total MOE!!Households!!Nonfamily households; Estimate!!Total!!Households!!With children under 18 years; Margin of Error!!Total MOE!!Households!!With children under 18 years; Estimate!!Total!!Households!!With children under 18 years!!Married-couple family; Margin of Error!!Total MOE!!Households!!With children under 18 years!!Married-couple family; Estimate!!Total!!Households!!With children under 18 years!!Other family; Margin of Error!!Total MOE!!Households!!With children under 18 years!!Other family; Estimate!!Total!!Households!!With children under 18 years!!Other family!!Male householder, no wife present; ...",,,,csv encoding=utf-8-sig
ACSST5Y2017.S2201-Table-Notes.txt,data/raw/misc/dataset_archive/S2201Food StampsSupplemental Nutrition Assistance Program (SNAP)/ACSST5Y2017.S2201-Table-Notes.txt,txt,5.23,data/raw/misc/dataset_archive/S2201Food StampsSupplemental Nutrition Assistance Program (SNAP),demographics,raw_source,,,,,,,documentation or metadata text file
ACSST5Y2018.S2201-Column-Metadata.csv,data/raw/misc/dataset_archive/S2201Food StampsSupplemental Nutrition Assistance Program (SNAP)/ACSST5Y2018.S2201-Column-Metadata.csv,csv,60.08,data/raw/misc/dataset_archive/S2201Food StampsSupplemental Nutrition Assistance Program (SNAP),demographics,raw_source,457,2,GEO_ID; Geography,,,,csv encoding=utf-8-sig
ACSST5Y2018.S2201-Data.csv,data/raw/misc/dataset_archive/S2201Food StampsSupplemental Nutrition Assistance Program (SNAP)/ACSST5Y2018.S2201-Data.csv,csv,145.78,data/raw/misc/dataset_archive/S2201Food StampsSupplemental Nutrition Assistance Program (SNAP),demographics,raw_source,32,459,"Geography; Geographic Area Name; Estimate!!Total!!Households; Margin of Error!!Total MOE!!Households; Estimate!!Total!!Households!!With one or more people in the household 60 years and over; Margin of Error!!Total MOE!!Households!!With one or more people in the household 60 years and over; Estimate!!Total!!Households!!No people in the household 60 years and over; Margin of Error!!Total MOE!!Households!!No people in the household 60 years and over; Estimate!!Total!!Households!!Married-couple family; Margin of Error!!Total MOE!!Households!!Married-couple family; Estimate!!Total!!Households!!Other family; Margin of Error!!Total MOE!!Households!!Other family; Estimate!!Total!!Households!!Other family!!Male householder, no wife present; Margin of Error!!Total MOE!!Households!!Other family!!Male householder, no wife present; Estimate!!Total!!Households!!Other family!!Female householder, no husband present; Margin of Error!!Total MOE!!Households!!Other family!!Female householder, no husband present; Estimate!!Total!!Households!!Nonfamily households; Margin of Error!!Total MOE!!Households!!Nonfamily households; Estimate!!Total!!Households!!With children under 18 years; Margin of Error!!Total MOE!!Households!!With children under 18 years; Estimate!!Total!!Households!!With children under 18 years!!Married-couple family; Margin of Error!!Total MOE!!Households!!With children under 18 years!!Married-couple family; Estimate!!Total!!Households!!With children under 18 years!!Other family; Margin of Error!!Total MOE!!Households!!With children under 18 years!!Other family; Estimate!!Total!!Households!!With children under 18 years!!Other family!!Male householder, no wife present; ...",,,,csv encoding=utf-8-sig
ACSST5Y2018.S2201-Table-Notes.txt,data/raw/misc/dataset_archive/S2201Food StampsSupplemental Nutrition Assistance Program (SNAP)/ACSST5Y2018.S2201-Table-Notes.txt,txt,5.39,data/raw/misc/dataset_archive/S2201Food StampsSupplemental Nutrition Assistance Program (SNAP),demographics,raw_source,,,,,,,documentation or metadata text file
ACSST5Y2019.S2201-Column-Metadata.csv,data/raw/misc/dataset_archive/S2201Food StampsSupplemental Nutrition Assistance Program (SNAP)/ACSST5Y2019.S2201-Column-Metadata.csv,csv,59.34,data/raw/misc/dataset_archive/S2201Food StampsSupplemental Nutrition Assistance Program (SNAP),demographics,raw_source,457,2,GEO_ID; Geography,,,,csv encoding=utf-8-sig
ACSST5Y2019.S2201-Data.csv,data/raw/misc/dataset_archive/S2201Food StampsSupplemental Nutrition Assistance Program (SNAP)/ACSST5Y2019.S2201-Data.csv,csv,144.87,data/raw/misc/dataset_archive/S2201Food StampsSupplemental Nutrition Assistance Program (SNAP),demographics,raw_source,32,459,"Geography; Geographic Area Name; Estimate!!Total!!Households; Margin of Error!!Total!!Households; Estimate!!Total!!Households!!With one or more people in the household 60 years and over; Margin of Error!!Total!!Households!!With one or more people in the household 60 years and over; Estimate!!Total!!Households!!No people in the household 60 years and over; Margin of Error!!Total!!Households!!No people in the household 60 years and over; Estimate!!Total!!Households!!Married-couple family; Margin of Error!!Total!!Households!!Married-couple family; Estimate!!Total!!Households!!Other family:; Margin of Error!!Total!!Households!!Other family:; Estimate!!Total!!Households!!Other family:!!Male householder, no spouse present; Margin of Error!!Total!!Households!!Other family:!!Male householder, no spouse present; Estimate!!Total!!Households!!Other family:!!Female householder, no spouse present; Margin of Error!!Total!!Households!!Other family:!!Female householder, no spouse present; Estimate!!Total!!Households!!Nonfamily households; Margin of Error!!Total!!Households!!Nonfamily households; Estimate!!Total!!Households!!With children under 18 years; Margin of Error!!Total!!Households!!With children under 18 years; Estimate!!Total!!Households!!With children under 18 years!!Married-couple family; Margin of Error!!Total!!Households!!With children under 18 years!!Married-couple family; Estimate!!Total!!Households!!With children under 18 years!!Other family:; Margin of Error!!Total!!Households!!With children under 18 years!!Other family:; Estimate!!Total!!Households!!With children under 18 years!!Other family:!!Male householder, no spouse present; ...",,,,csv encoding=utf-8-sig
ACSST5Y2019.S2201-Table-Notes.txt,data/raw/misc/dataset_archive/S2201Food StampsSupplemental Nutrition Assistance Program (SNAP)/ACSST5Y2019.S2201-Table-Notes.txt,txt,5.03,data/raw/misc/dataset_archive/S2201Food StampsSupplemental Nutrition Assistance Program (SNAP),demographics,raw_source,,,,,,,documentation or metadata text file
ACSST5Y2020.S2201-Column-Metadata.csv,data/raw/misc/dataset_archive/S2201Food StampsSupplemental Nutrition Assistance Program (SNAP)/ACSST5Y2020.S2201-Column-Metadata.csv,csv,59.34,data/raw/misc/dataset_archive/S2201Food StampsSupplemental Nutrition Assistance Program (SNAP),demographics,raw_source,457,2,GEO_ID; Geography,,,,csv encoding=utf-8-sig
ACSST5Y2020.S2201-Data.csv,data/raw/misc/dataset_archive/S2201Food StampsSupplemental Nutrition Assistance Program (SNAP)/ACSST5Y2020.S2201-Data.csv,csv,150.57,data/raw/misc/dataset_archive/S2201Food StampsSupplemental Nutrition Assistance Program (SNAP),demographics,raw_source,34,459,"Geography; Geographic Area Name; Estimate!!Total!!Households; Margin of Error!!Total!!Households; Estimate!!Total!!Households!!With one or more people in the household 60 years and over; Margin of Error!!Total!!Households!!With one or more people in the household 60 years and over; Estimate!!Total!!Households!!No people in the household 60 years and over; Margin of Error!!Total!!Households!!No people in the household 60 years and over; Estimate!!Total!!Households!!Married-couple family; Margin of Error!!Total!!Households!!Married-couple family; Estimate!!Total!!Households!!Other family:; Margin of Error!!Total!!Households!!Other family:; Estimate!!Total!!Households!!Other family:!!Male householder, no spouse present; Margin of Error!!Total!!Households!!Other family:!!Male householder, no spouse present; Estimate!!Total!!Households!!Other family:!!Female householder, no spouse present; Margin of Error!!Total!!Households!!Other family:!!Female householder, no spouse present; Estimate!!Total!!Households!!Nonfamily households; Margin of Error!!Total!!Households!!Nonfamily households; Estimate!!Total!!Households!!With children under 18 years; Margin of Error!!Total!!Households!!With children under 18 years; Estimate!!Total!!Households!!With children under 18 years!!Married-couple family; Margin of Error!!Total!!Households!!With children under 18 years!!Married-couple family; Estimate!!Total!!Households!!With children under 18 years!!Other family:; Margin of Error!!Total!!Households!!With children under 18 years!!Other family:; Estimate!!Total!!Households!!With children under 18 years!!Other family:!!Male householder, no spouse present; ...",,,,csv encoding=utf-8-sig
ACSST5Y2020.S2201-Table-Notes.txt,data/raw/misc/dataset_archive/S2201Food StampsSupplemental Nutrition Assistance Program (SNAP)/ACSST5Y2020.S2201-Table-Notes.txt,txt,5.06,data/raw/misc/dataset_archive/S2201Food StampsSupplemental Nutrition Assistance Program (SNAP),demographics,raw_source,,,,,,,documentation or metadata text file
ACSST5Y2021.S2201-Column-Metadata.csv,data/raw/misc/dataset_archive/S2201Food StampsSupplemental Nutrition Assistance Program (SNAP)/ACSST5Y2021.S2201-Column-Metadata.csv,csv,59.34,data/raw/misc/dataset_archive/S2201Food StampsSupplemental Nutrition Assistance Program (SNAP),demographics,raw_source,457,2,GEO_ID; Geography,,,,csv encoding=utf-8-sig
ACSST5Y2021.S2201-Data.csv,data/raw/misc/dataset_archive/S2201Food StampsSupplemental Nutrition Assistance Program (SNAP)/ACSST5Y2021.S2201-Data.csv,csv,150.75,data/raw/misc/dataset_archive/S2201Food StampsSupplemental Nutrition Assistance Program (SNAP),demographics,raw_source,34,459,"Geography; Geographic Area Name; Estimate!!Total!!Households; Margin of Error!!Total!!Households; Estimate!!Total!!Households!!With one or more people in the household 60 years and over; Margin of Error!!Total!!Households!!With one or more people in the household 60 years and over; Estimate!!Total!!Households!!No people in the household 60 years and over; Margin of Error!!Total!!Households!!No people in the household 60 years and over; Estimate!!Total!!Households!!Married-couple family; Margin of Error!!Total!!Households!!Married-couple family; Estimate!!Total!!Households!!Other family:; Margin of Error!!Total!!Households!!Other family:; Estimate!!Total!!Households!!Other family:!!Male householder, no spouse present; Margin of Error!!Total!!Households!!Other family:!!Male householder, no spouse present; Estimate!!Total!!Households!!Other family:!!Female householder, no spouse present; Margin of Error!!Total!!Households!!Other family:!!Female householder, no spouse present; Estimate!!Total!!Households!!Nonfamily households; Margin of Error!!Total!!Households!!Nonfamily households; Estimate!!Total!!Households!!With children under 18 years; Margin of Error!!Total!!Households!!With children under 18 years; Estimate!!Total!!Households!!With children under 18 years!!Married-couple family; Margin of Error!!Total!!Households!!With children under 18 years!!Married-couple family; Estimate!!Total!!Households!!With children under 18 years!!Other family:; Margin of Error!!Total!!Households!!With children under 18 years!!Other family:; Estimate!!Total!!Households!!With children under 18 years!!Other family:!!Male householder, no spouse present; ...",,,,csv encoding=utf-8-sig
ACSST5Y2021.S2201-Table-Notes.txt,data/raw/misc/dataset_archive/S2201Food StampsSupplemental Nutrition Assistance Program (SNAP)/ACSST5Y2021.S2201-Table-Notes.txt,txt,5.04,data/raw/misc/dataset_archive/S2201Food StampsSupplemental Nutrition Assistance Program (SNAP),demographics,raw_source,,,,,,,documentation or metadata text file
ACSST5Y2022.S2201-Column-Metadata.csv,data/raw/misc/dataset_archive/S2201Food StampsSupplemental Nutrition Assistance Program (SNAP)/ACSST5Y2022.S2201-Column-Metadata.csv,csv,59.34,data/raw/misc/dataset_archive/S2201Food StampsSupplemental Nutrition Assistance Program (SNAP),demographics,raw_source,457,2,GEO_ID; Geography,,,,csv encoding=utf-8-sig
ACSST5Y2022.S2201-Data.csv,data/raw/misc/dataset_archive/S2201Food StampsSupplemental Nutrition Assistance Program (SNAP)/ACSST5Y2022.S2201-Data.csv,csv,150.96,data/raw/misc/dataset_archive/S2201Food StampsSupplemental Nutrition Assistance Program (SNAP),demographics,raw_source,34,459,"Geography; Geographic Area Name; Estimate!!Total!!Households; Margin of Error!!Total!!Households; Estimate!!Total!!Households!!With one or more people in the household 60 years and over; Margin of Error!!Total!!Households!!With one or more people in the household 60 years and over; Estimate!!Total!!Households!!No people in the household 60 years and over; Margin of Error!!Total!!Households!!No people in the household 60 years and over; Estimate!!Total!!Households!!Married-couple family; Margin of Error!!Total!!Households!!Married-couple family; Estimate!!Total!!Households!!Other family:; Margin of Error!!Total!!Households!!Other family:; Estimate!!Total!!Households!!Other family:!!Male householder, no spouse present; Margin of Error!!Total!!Households!!Other family:!!Male householder, no spouse present; Estimate!!Total!!Households!!Other family:!!Female householder, no spouse present; Margin of Error!!Total!!Households!!Other family:!!Female householder, no spouse present; Estimate!!Total!!Households!!Nonfamily households; Margin of Error!!Total!!Households!!Nonfamily households; Estimate!!Total!!Households!!With children under 18 years; Margin of Error!!Total!!Households!!With children under 18 years; Estimate!!Total!!Households!!With children under 18 years!!Married-couple family; Margin of Error!!Total!!Households!!With children under 18 years!!Married-couple family; Estimate!!Total!!Households!!With children under 18 years!!Other family:; Margin of Error!!Total!!Households!!With children under 18 years!!Other family:; Estimate!!Total!!Households!!With children under 18 years!!Other family:!!Male householder, no spouse present; ...",,,,csv encoding=utf-8-sig
ACSST5Y2022.S2201-Table-Notes.txt,data/raw/misc/dataset_archive/S2201Food StampsSupplemental Nutrition Assistance Program (SNAP)/ACSST5Y2022.S2201-Table-Notes.txt,txt,5.35,data/raw/misc/dataset_archive/S2201Food StampsSupplemental Nutrition Assistance Program (SNAP),demographics,raw_source,,,,,,,documentation or metadata text file
ACSST5Y2023.S2201-Column-Metadata.csv,data/raw/misc/dataset_archive/S2201Food StampsSupplemental Nutrition Assistance Program (SNAP)/ACSST5Y2023.S2201-Column-Metadata.csv,csv,59.34,data/raw/misc/dataset_archive/S2201Food StampsSupplemental Nutrition Assistance Program (SNAP),demographics,raw_source,457,2,GEO_ID; Geography,,,,csv encoding=utf-8-sig
ACSST5Y2023.S2201-Data.csv,data/raw/misc/dataset_archive/S2201Food StampsSupplemental Nutrition Assistance Program (SNAP)/ACSST5Y2023.S2201-Data.csv,csv,150.33,data/raw/misc/dataset_archive/S2201Food StampsSupplemental Nutrition Assistance Program (SNAP),demographics,raw_source,34,459,"Geography; Geographic Area Name; Estimate!!Total!!Households; Margin of Error!!Total!!Households; Estimate!!Total!!Households!!With one or more people in the household 60 years and over; Margin of Error!!Total!!Households!!With one or more people in the household 60 years and over; Estimate!!Total!!Households!!No people in the household 60 years and over; Margin of Error!!Total!!Households!!No people in the household 60 years and over; Estimate!!Total!!Households!!Married-couple family; Margin of Error!!Total!!Households!!Married-couple family; Estimate!!Total!!Households!!Other family:; Margin of Error!!Total!!Households!!Other family:; Estimate!!Total!!Households!!Other family:!!Male householder, no spouse present; Margin of Error!!Total!!Households!!Other family:!!Male householder, no spouse present; Estimate!!Total!!Households!!Other family:!!Female householder, no spouse present; Margin of Error!!Total!!Households!!Other family:!!Female householder, no spouse present; Estimate!!Total!!Households!!Nonfamily households; Margin of Error!!Total!!Households!!Nonfamily households; Estimate!!Total!!Households!!With children under 18 years; Margin of Error!!Total!!Households!!With children under 18 years; Estimate!!Total!!Households!!With children under 18 years!!Married-couple family; Margin of Error!!Total!!Households!!With children under 18 years!!Married-couple family; Estimate!!Total!!Households!!With children under 18 years!!Other family:; Margin of Error!!Total!!Households!!With children under 18 years!!Other family:; Estimate!!Total!!Households!!With children under 18 years!!Other family:!!Male householder, no spouse present; ...",,,,csv encoding=utf-8-sig
ACSST5Y2023.S2201-Table-Notes.txt,data/raw/misc/dataset_archive/S2201Food StampsSupplemental Nutrition Assistance Program (SNAP)/ACSST5Y2023.S2201-Table-Notes.txt,txt,5.97,data/raw/misc/dataset_archive/S2201Food StampsSupplemental Nutrition Assistance Program (SNAP),demographics,raw_source,,,,,,,documentation or metadata text file
ACSST5Y2010.S2301-Column-Metadata.csv,data/raw/misc/dataset_archive/S2301Employment Status/ACSST5Y2010.S2301-Column-Metadata.csv,csv,20.86,data/raw/misc/dataset_archive/S2301Employment Status,demographics,raw_source,241,2,GEO_ID; Geography,,,,csv encoding=utf-8-sig
ACSST5Y2010.S2301-Data.csv,data/raw/misc/dataset_archive/S2301Employment Status/ACSST5Y2010.S2301-Data.csv,csv,72.27,data/raw/misc/dataset_archive/S2301Employment Status,demographics,raw_source,32,243,Geography; Geographic Area Name; Total!!Estimate!!Population 16 years and over; Total!!Margin of Error!!Population 16 years and over; In labor force!!Estimate!!Population 16 years and over; In labor force!!Margin of Error!!Population 16 years and over; Employed!!Estimate!!Population 16 years and over; Employed!!Margin of Error!!Population 16 years and over; Unemployment rate!!Estimate!!Population 16 years and over; Unemployment rate!!Margin of Error!!Population 16 years and over; Total!!Estimate!!AGE!!16 to 19 years; Total!!Margin of Error!!AGE!!16 to 19 years; In labor force!!Estimate!!AGE!!16 to 19 years; In labor force!!Margin of Error!!AGE!!16 to 19 years; Employed!!Estimate!!AGE!!16 to 19 years; Employed!!Margin of Error!!AGE!!16 to 19 years; Unemployment rate!!Estimate!!AGE!!16 to 19 years; Unemployment rate!!Margin of Error!!AGE!!16 to 19 years; Total!!Estimate!!AGE!!20 to 24 years; Total!!Margin of Error!!AGE!!20 to 24 years; In labor force!!Estimate!!AGE!!20 to 24 years; In labor force!!Margin of Error!!AGE!!20 to 24 years; Employed!!Estimate!!AGE!!20 to 24 years; Employed!!Margin of Error!!AGE!!20 to 24 years; Unemployment rate!!Estimate!!AGE!!20 to 24 years; ...,,,,csv encoding=utf-8-sig
ACSST5Y2010.S2301-Table-Notes.txt,data/raw/misc/dataset_archive/S2301Employment Status/ACSST5Y2010.S2301-Table-Notes.txt,txt,5.24,data/raw/misc/dataset_archive/S2301Employment Status,demographics,raw_source,,,,,,,documentation or metadata text file
ACSST5Y2011.S2301-Column-Metadata.csv,data/raw/misc/dataset_archive/S2301Employment Status/ACSST5Y2011.S2301-Column-Metadata.csv,csv,20.86,data/raw/misc/dataset_archive/S2301Employment Status,demographics,raw_source,241,2,GEO_ID; Geography,,,,csv encoding=utf-8-sig
ACSST5Y2011.S2301-Data.csv,data/raw/misc/dataset_archive/S2301Employment Status/ACSST5Y2011.S2301-Data.csv,csv,69.73,data/raw/misc/dataset_archive/S2301Employment Status,demographics,raw_source,32,243,Geography; Geographic Area Name; Total!!Estimate!!Population 16 years and over; Total!!Margin of Error!!Population 16 years and over; In labor force!!Estimate!!Population 16 years and over; In labor force!!Margin of Error!!Population 16 years and over; Employed!!Estimate!!Population 16 years and over; Employed!!Margin of Error!!Population 16 years and over; Unemployment rate!!Estimate!!Population 16 years and over; Unemployment rate!!Margin of Error!!Population 16 years and over; Total!!Estimate!!AGE!!16 to 19 years; Total!!Margin of Error!!AGE!!16 to 19 years; In labor force!!Estimate!!AGE!!16 to 19 years; In labor force!!Margin of Error!!AGE!!16 to 19 years; Employed!!Estimate!!AGE!!16 to 19 years; Employed!!Margin of Error!!AGE!!16 to 19 years; Unemployment rate!!Estimate!!AGE!!16 to 19 years; Unemployment rate!!Margin of Error!!AGE!!16 to 19 years; Total!!Estimate!!AGE!!20 to 24 years; Total!!Margin of Error!!AGE!!20 to 24 years; In labor force!!Estimate!!AGE!!20 to 24 years; In labor force!!Margin of Error!!AGE!!20 to 24 years; Employed!!Estimate!!AGE!!20 to 24 years; Employed!!Margin of Error!!AGE!!20 to 24 years; Unemployment rate!!Estimate!!AGE!!20 to 24 years; ...,,,,csv encoding=utf-8-sig
ACSST5Y2011.S2301-Table-Notes.txt,data/raw/misc/dataset_archive/S2301Employment Status/ACSST5Y2011.S2301-Table-Notes.txt,txt,5.01,data/raw/misc/dataset_archive/S2301Employment Status,demographics,raw_source,,,,,,,documentation or metadata text file
ACSST5Y2012.S2301-Column-Metadata.csv,data/raw/misc/dataset_archive/S2301Employment Status/ACSST5Y2012.S2301-Column-Metadata.csv,csv,20.86,data/raw/misc/dataset_archive/S2301Employment Status,demographics,raw_source,241,2,GEO_ID; Geography,,,,csv encoding=utf-8-sig
ACSST5Y2012.S2301-Data.csv,data/raw/misc/dataset_archive/S2301Employment Status/ACSST5Y2012.S2301-Data.csv,csv,70.1,data/raw/misc/dataset_archive/S2301Employment Status,demographics,raw_source,32,243,Geography; Geographic Area Name; Total!!Estimate!!Population 16 years and over; Total!!Margin of Error!!Population 16 years and over; In labor force!!Estimate!!Population 16 years and over; In labor force!!Margin of Error!!Population 16 years and over; Employed!!Estimate!!Population 16 years and over; Employed!!Margin of Error!!Population 16 years and over; Unemployment rate!!Estimate!!Population 16 years and over; Unemployment rate!!Margin of Error!!Population 16 years and over; Total!!Estimate!!AGE!!16 to 19 years; Total!!Margin of Error!!AGE!!16 to 19 years; In labor force!!Estimate!!AGE!!16 to 19 years; In labor force!!Margin of Error!!AGE!!16 to 19 years; Employed!!Estimate!!AGE!!16 to 19 years; Employed!!Margin of Error!!AGE!!16 to 19 years; Unemployment rate!!Estimate!!AGE!!16 to 19 years; Unemployment rate!!Margin of Error!!AGE!!16 to 19 years; Total!!Estimate!!AGE!!20 to 24 years; Total!!Margin of Error!!AGE!!20 to 24 years; In labor force!!Estimate!!AGE!!20 to 24 years; In labor force!!Margin of Error!!AGE!!20 to 24 years; Employed!!Estimate!!AGE!!20 to 24 years; Employed!!Margin of Error!!AGE!!20 to 24 years; Unemployment rate!!Estimate!!AGE!!20 to 24 years; ...,,,,csv encoding=utf-8-sig
ACSST5Y2012.S2301-Table-Notes.txt,data/raw/misc/dataset_archive/S2301Employment Status/ACSST5Y2012.S2301-Table-Notes.txt,txt,5.01,data/raw/misc/dataset_archive/S2301Employment Status,demographics,raw_source,,,,,,,documentation or metadata text file
ACSST5Y2013.S2301-Column-Metadata.csv,data/raw/misc/dataset_archive/S2301Employment Status/ACSST5Y2013.S2301-Column-Metadata.csv,csv,22.34,data/raw/misc/dataset_archive/S2301Employment Status,demographics,raw_source,241,2,GEO_ID; Geography,,,,csv encoding=utf-8-sig
ACSST5Y2013.S2301-Data.csv,data/raw/misc/dataset_archive/S2301Employment Status/ACSST5Y2013.S2301-Data.csv,csv,71.59,data/raw/misc/dataset_archive/S2301Employment Status,demographics,raw_source,32,243,Geography; Geographic Area Name; Total!!Estimate!!Population 16 years and over; Total!!Margin of Error!!Population 16 years and over; In labor force!!Estimate!!Population 16 years and over; In labor force!!Margin of Error!!Population 16 years and over; Employed!!Estimate!!Population 16 years and over; Employed!!Margin of Error!!Population 16 years and over; Unemployment rate!!Estimate!!Population 16 years and over; Unemployment rate!!Margin of Error!!Population 16 years and over; Total!!Estimate!!AGE!!16 to 19 years; Total!!Margin of Error!!AGE!!16 to 19 years; In labor force!!Estimate!!AGE!!16 to 19 years; In labor force!!Margin of Error!!AGE!!16 to 19 years; Employed!!Estimate!!AGE!!16 to 19 years; Employed!!Margin of Error!!AGE!!16 to 19 years; Unemployment rate!!Estimate!!AGE!!16 to 19 years; Unemployment rate!!Margin of Error!!AGE!!16 to 19 years; Total!!Estimate!!AGE!!20 to 24 years; Total!!Margin of Error!!AGE!!20 to 24 years; In labor force!!Estimate!!AGE!!20 to 24 years; In labor force!!Margin of Error!!AGE!!20 to 24 years; Employed!!Estimate!!AGE!!20 to 24 years; Employed!!Margin of Error!!AGE!!20 to 24 years; Unemployment rate!!Estimate!!AGE!!20 to 24 years; ...,,,,csv encoding=utf-8-sig
ACSST5Y2013.S2301-Table-Notes.txt,data/raw/misc/dataset_archive/S2301Employment Status/ACSST5Y2013.S2301-Table-Notes.txt,txt,4.95,data/raw/misc/dataset_archive/S2301Employment Status,demographics,raw_source,,,,,,,documentation or metadata text file
ACSST5Y2014.S2301-Column-Metadata.csv,data/raw/misc/dataset_archive/S2301Employment Status/ACSST5Y2014.S2301-Column-Metadata.csv,csv,22.34,data/raw/misc/dataset_archive/S2301Employment Status,demographics,raw_source,241,2,GEO_ID; Geography,,,,csv encoding=utf-8-sig
ACSST5Y2014.S2301-Data.csv,data/raw/misc/dataset_archive/S2301Employment Status/ACSST5Y2014.S2301-Data.csv,csv,71.62,data/raw/misc/dataset_archive/S2301Employment Status,demographics,raw_source,32,243,Geography; Geographic Area Name; Total!!Estimate!!Population 16 years and over; Total!!Margin of Error!!Population 16 years and over; In labor force!!Estimate!!Population 16 years and over; In labor force!!Margin of Error!!Population 16 years and over; Employed!!Estimate!!Population 16 years and over; Employed!!Margin of Error!!Population 16 years and over; Unemployment rate!!Estimate!!Population 16 years and over; Unemployment rate!!Margin of Error!!Population 16 years and over; Total!!Estimate!!AGE!!16 to 19 years; Total!!Margin of Error!!AGE!!16 to 19 years; In labor force!!Estimate!!AGE!!16 to 19 years; In labor force!!Margin of Error!!AGE!!16 to 19 years; Employed!!Estimate!!AGE!!16 to 19 years; Employed!!Margin of Error!!AGE!!16 to 19 years; Unemployment rate!!Estimate!!AGE!!16 to 19 years; Unemployment rate!!Margin of Error!!AGE!!16 to 19 years; Total!!Estimate!!AGE!!20 to 24 years; Total!!Margin of Error!!AGE!!20 to 24 years; In labor force!!Estimate!!AGE!!20 to 24 years; In labor force!!Margin of Error!!AGE!!20 to 24 years; Employed!!Estimate!!AGE!!20 to 24 years; Employed!!Margin of Error!!AGE!!20 to 24 years; Unemployment rate!!Estimate!!AGE!!20 to 24 years; ...,,,,csv encoding=utf-8-sig
ACSST5Y2014.S2301-Table-Notes.txt,data/raw/misc/dataset_archive/S2301Employment Status/ACSST5Y2014.S2301-Table-Notes.txt,txt,4.97,data/raw/misc/dataset_archive/S2301Employment Status,demographics,raw_source,,,,,,,documentation or metadata text file
ACSST5Y2015.S2301-Column-Metadata.csv,data/raw/misc/dataset_archive/S2301Employment Status/ACSST5Y2015.S2301-Column-Metadata.csv,csv,29.19,data/raw/misc/dataset_archive/S2301Employment Status,demographics,raw_source,281,2,GEO_ID; Geography,,,,csv encoding=utf-8-sig
ACSST5Y2015.S2301-Data.csv,data/raw/misc/dataset_archive/S2301Employment Status/ACSST5Y2015.S2301-Data.csv,csv,86.58,data/raw/misc/dataset_archive/S2301Employment Status,demographics,raw_source,32,283,Geography; Geographic Area Name; Total!!Estimate!!Population 16 years and over; Total!!Margin of Error!!Population 16 years and over; Labor Force Participation Rate!!Estimate!!Population 16 years and over; Labor Force Participation Rate!!Margin of Error!!Population 16 years and over; Employment/Population Ratio!!Estimate!!Population 16 years and over; Employment/Population Ratio!!Margin of Error!!Population 16 years and over; Unemployment rate!!Estimate!!Population 16 years and over; Unemployment rate!!Margin of Error!!Population 16 years and over; Total!!Estimate!!AGE!!16 to 19 years; Total!!Margin of Error!!AGE!!16 to 19 years; Labor Force Participation Rate!!Estimate!!AGE!!16 to 19 years; Labor Force Participation Rate!!Margin of Error!!AGE!!16 to 19 years; Employment/Population Ratio!!Estimate!!AGE!!16 to 19 years; Employment/Population Ratio!!Margin of Error!!AGE!!16 to 19 years; Unemployment rate!!Estimate!!AGE!!16 to 19 years; Unemployment rate!!Margin of Error!!AGE!!16 to 19 years; Total!!Estimate!!AGE!!20 to 24 years; Total!!Margin of Error!!AGE!!20 to 24 years; Labor Force Participation Rate!!Estimate!!AGE!!20 to 24 years; Labor Force Participation Rate!!Margin of Error!!AGE!!20 to 24 years; Employment/Population Ratio!!Estimate!!AGE!!20 to 24 years; Employment/Population Ratio!!Margin of Error!!AGE!!20 to 24 years; Unemployment rate!!Estimate!!AGE!!20 to 24 years; ...,,,,csv encoding=utf-8-sig
ACSST5Y2015.S2301-Table-Notes.txt,data/raw/misc/dataset_archive/S2301Employment Status/ACSST5Y2015.S2301-Table-Notes.txt,txt,5.68,data/raw/misc/dataset_archive/S2301Employment Status,demographics,raw_source,,,,,,,documentation or metadata text file
ACSST5Y2016.S2301-Column-Metadata.csv,data/raw/misc/dataset_archive/S2301Employment Status/ACSST5Y2016.S2301-Column-Metadata.csv,csv,29.19,data/raw/misc/dataset_archive/S2301Employment Status,demographics,raw_source,281,2,GEO_ID; Geography,,,,csv encoding=utf-8-sig
ACSST5Y2016.S2301-Data.csv,data/raw/misc/dataset_archive/S2301Employment Status/ACSST5Y2016.S2301-Data.csv,csv,86.59,data/raw/misc/dataset_archive/S2301Employment Status,demographics,raw_source,32,283,Geography; Geographic Area Name; Total!!Estimate!!Population 16 years and over; Total!!Margin of Error!!Population 16 years and over; Labor Force Participation Rate!!Estimate!!Population 16 years and over; Labor Force Participation Rate!!Margin of Error!!Population 16 years and over; Employment/Population Ratio!!Estimate!!Population 16 years and over; Employment/Population Ratio!!Margin of Error!!Population 16 years and over; Unemployment rate!!Estimate!!Population 16 years and over; Unemployment rate!!Margin of Error!!Population 16 years and over; Total!!Estimate!!AGE!!16 to 19 years; Total!!Margin of Error!!AGE!!16 to 19 years; Labor Force Participation Rate!!Estimate!!AGE!!16 to 19 years; Labor Force Participation Rate!!Margin of Error!!AGE!!16 to 19 years; Employment/Population Ratio!!Estimate!!AGE!!16 to 19 years; Employment/Population Ratio!!Margin of Error!!AGE!!16 to 19 years; Unemployment rate!!Estimate!!AGE!!16 to 19 years; Unemployment rate!!Margin of Error!!AGE!!16 to 19 years; Total!!Estimate!!AGE!!20 to 24 years; Total!!Margin of Error!!AGE!!20 to 24 years; Labor Force Participation Rate!!Estimate!!AGE!!20 to 24 years; Labor Force Participation Rate!!Margin of Error!!AGE!!20 to 24 years; Employment/Population Ratio!!Estimate!!AGE!!20 to 24 years; Employment/Population Ratio!!Margin of Error!!AGE!!20 to 24 years; Unemployment rate!!Estimate!!AGE!!20 to 24 years; ...,,,,csv encoding=utf-8-sig
ACSST5Y2016.S2301-Table-Notes.txt,data/raw/misc/dataset_archive/S2301Employment Status/ACSST5Y2016.S2301-Table-Notes.txt,txt,5.67,data/raw/misc/dataset_archive/S2301Employment Status,demographics,raw_source,,,,,,,documentation or metadata text file
ACSST5Y2017.S2301-Column-Metadata.csv,data/raw/misc/dataset_archive/S2301Employment Status/ACSST5Y2017.S2301-Column-Metadata.csv,csv,35.39,data/raw/misc/dataset_archive/S2301Employment Status,demographics,raw_source,281,2,GEO_ID; Geography,,,,csv encoding=utf-8-sig
ACSST5Y2017.S2301-Data.csv,data/raw/misc/dataset_archive/S2301Employment Status/ACSST5Y2017.S2301-Data.csv,csv,92.76,data/raw/misc/dataset_archive/S2301Employment Status,demographics,raw_source,32,283,Geography; Geographic Area Name; Estimate!!Total!!Population 16 years and over; Margin of Error!!Total MOE!!Population 16 years and over; Estimate!!Total!!Population 16 years and over!!AGE!!16 to 19 years; Margin of Error!!Total MOE!!Population 16 years and over!!AGE!!16 to 19 years; Estimate!!Total!!Population 16 years and over!!AGE!!20 to 24 years; Margin of Error!!Total MOE!!Population 16 years and over!!AGE!!20 to 24 years; Estimate!!Total!!Population 16 years and over!!AGE!!25 to 29 years; Margin of Error!!Total MOE!!Population 16 years and over!!AGE!!25 to 29 years; Estimate!!Total!!Population 16 years and over!!AGE!!30 to 34 years; Margin of Error!!Total MOE!!Population 16 years and over!!AGE!!30 to 34 years; Estimate!!Total!!Population 16 years and over!!AGE!!35 to 44 years; Margin of Error!!Total MOE!!Population 16 years and over!!AGE!!35 to 44 years; Estimate!!Total!!Population 16 years and over!!AGE!!45 to 54 years; Margin of Error!!Total MOE!!Population 16 years and over!!AGE!!45 to 54 years; Estimate!!Total!!Population 16 years and over!!AGE!!55 to 59 years; Margin of Error!!Total MOE!!Population 16 years and over!!AGE!!55 to 59 years; Estimate!!Total!!Population 16 years and over!!AGE!!60 to 64 years; Margin of Error!!Total MOE!!Population 16 years and over!!AGE!!60 to 64 years; Estimate!!Total!!Population 16 years and over!!AGE!!65 to 74 years; Margin of Error!!Total MOE!!Population 16 years and over!!AGE!!65 to 74 years; Estimate!!Total!!Population 16 years and over!!AGE!!75 years and over; Margin of Error!!Total MOE!!Population 16 years and over!!AGE!!75 years and over; Estimate!!Total!!Population 16 years and over!!RACE AND HISPANIC OR LATINO ORIGIN!!White alone; ...,,,,csv encoding=utf-8-sig
ACSST5Y2017.S2301-Table-Notes.txt,data/raw/misc/dataset_archive/S2301Employment Status/ACSST5Y2017.S2301-Table-Notes.txt,txt,5.78,data/raw/misc/dataset_archive/S2301Employment Status,demographics,raw_source,,,,,,,documentation or metadata text file
ACSST5Y2018.S2301-Column-Metadata.csv,data/raw/misc/dataset_archive/S2301Employment Status/ACSST5Y2018.S2301-Column-Metadata.csv,csv,35.34,data/raw/misc/dataset_archive/S2301Employment Status,demographics,raw_source,281,2,GEO_ID; Geography,,,,csv encoding=utf-8-sig
ACSST5Y2018.S2301-Data.csv,data/raw/misc/dataset_archive/S2301Employment Status/ACSST5Y2018.S2301-Data.csv,csv,92.73,data/raw/misc/dataset_archive/S2301Employment Status,demographics,raw_source,32,283,Geography; Geographic Area Name; Estimate!!Total!!Population 16 years and over; Margin of Error!!Total MOE!!Population 16 years and over; Estimate!!Total!!Population 16 years and over!!AGE!!16 to 19 years; Margin of Error!!Total MOE!!Population 16 years and over!!AGE!!16 to 19 years; Estimate!!Total!!Population 16 years and over!!AGE!!20 to 24 years; Margin of Error!!Total MOE!!Population 16 years and over!!AGE!!20 to 24 years; Estimate!!Total!!Population 16 years and over!!AGE!!25 to 29 years; Margin of Error!!Total MOE!!Population 16 years and over!!AGE!!25 to 29 years; Estimate!!Total!!Population 16 years and over!!AGE!!30 to 34 years; Margin of Error!!Total MOE!!Population 16 years and over!!AGE!!30 to 34 years; Estimate!!Total!!Population 16 years and over!!AGE!!35 to 44 years; Margin of Error!!Total MOE!!Population 16 years and over!!AGE!!35 to 44 years; Estimate!!Total!!Population 16 years and over!!AGE!!45 to 54 years; Margin of Error!!Total MOE!!Population 16 years and over!!AGE!!45 to 54 years; Estimate!!Total!!Population 16 years and over!!AGE!!55 to 59 years; Margin of Error!!Total MOE!!Population 16 years and over!!AGE!!55 to 59 years; Estimate!!Total!!Population 16 years and over!!AGE!!60 to 64 years; Margin of Error!!Total MOE!!Population 16 years and over!!AGE!!60 to 64 years; Estimate!!Total!!Population 16 years and over!!AGE!!65 to 74 years; Margin of Error!!Total MOE!!Population 16 years and over!!AGE!!65 to 74 years; Estimate!!Total!!Population 16 years and over!!AGE!!75 years and over; Margin of Error!!Total MOE!!Population 16 years and over!!AGE!!75 years and over; Estimate!!Total!!Population 16 years and over!!RACE AND HISPANIC OR LATINO ORIGIN!!White alone; ...,,,,csv encoding=utf-8-sig
ACSST5Y2018.S2301-Table-Notes.txt,data/raw/misc/dataset_archive/S2301Employment Status/ACSST5Y2018.S2301-Table-Notes.txt,txt,5.96,data/raw/misc/dataset_archive/S2301Employment Status,demographics,raw_source,,,,,,,documentation or metadata text file
ACSST5Y2019.S2301-Column-Metadata.csv,data/raw/misc/dataset_archive/S2301Employment Status/ACSST5Y2019.S2301-Column-Metadata.csv,csv,34.8,data/raw/misc/dataset_archive/S2301Employment Status,demographics,raw_source,281,2,GEO_ID; Geography,,,,csv encoding=utf-8-sig
ACSST5Y2019.S2301-Data.csv,data/raw/misc/dataset_archive/S2301Employment Status/ACSST5Y2019.S2301-Data.csv,csv,92.22,data/raw/misc/dataset_archive/S2301Employment Status,demographics,raw_source,32,283,Geography; Geographic Area Name; Estimate!!Total!!Population 16 years and over; Margin of Error!!Total!!Population 16 years and over; Estimate!!Total!!Population 16 years and over!!AGE!!16 to 19 years; Margin of Error!!Total!!Population 16 years and over!!AGE!!16 to 19 years; Estimate!!Total!!Population 16 years and over!!AGE!!20 to 24 years; Margin of Error!!Total!!Population 16 years and over!!AGE!!20 to 24 years; Estimate!!Total!!Population 16 years and over!!AGE!!25 to 29 years; Margin of Error!!Total!!Population 16 years and over!!AGE!!25 to 29 years; Estimate!!Total!!Population 16 years and over!!AGE!!30 to 34 years; Margin of Error!!Total!!Population 16 years and over!!AGE!!30 to 34 years; Estimate!!Total!!Population 16 years and over!!AGE!!35 to 44 years; Margin of Error!!Total!!Population 16 years and over!!AGE!!35 to 44 years; Estimate!!Total!!Population 16 years and over!!AGE!!45 to 54 years; Margin of Error!!Total!!Population 16 years and over!!AGE!!45 to 54 years; Estimate!!Total!!Population 16 years and over!!AGE!!55 to 59 years; Margin of Error!!Total!!Population 16 years and over!!AGE!!55 to 59 years; Estimate!!Total!!Population 16 years and over!!AGE!!60 to 64 years; Margin of Error!!Total!!Population 16 years and over!!AGE!!60 to 64 years; Estimate!!Total!!Population 16 years and over!!AGE!!65 to 74 years; Margin of Error!!Total!!Population 16 years and over!!AGE!!65 to 74 years; Estimate!!Total!!Population 16 years and over!!AGE!!75 years and over; Margin of Error!!Total!!Population 16 years and over!!AGE!!75 years and over; Estimate!!Total!!Population 16 years and over!!RACE AND HISPANIC OR LATINO ORIGIN!!White alone; ...,,,,csv encoding=utf-8-sig
ACSST5Y2019.S2301-Table-Notes.txt,data/raw/misc/dataset_archive/S2301Employment Status/ACSST5Y2019.S2301-Table-Notes.txt,txt,5.55,data/raw/misc/dataset_archive/S2301Employment Status,demographics,raw_source,,,,,,,documentation or metadata text file
ACSST5Y2020.S2301-Column-Metadata.csv,data/raw/misc/dataset_archive/S2301Employment Status/ACSST5Y2020.S2301-Column-Metadata.csv,csv,34.8,data/raw/misc/dataset_archive/S2301Employment Status,demographics,raw_source,281,2,GEO_ID; Geography,,,,csv encoding=utf-8-sig
ACSST5Y2020.S2301-Data.csv,data/raw/misc/dataset_archive/S2301Employment Status/ACSST5Y2020.S2301-Data.csv,csv,95.75,data/raw/misc/dataset_archive/S2301Employment Status,demographics,raw_source,34,283,Geography; Geographic Area Name; Estimate!!Total!!Population 16 years and over; Margin of Error!!Total!!Population 16 years and over; Estimate!!Total!!Population 16 years and over!!AGE!!16 to 19 years; Margin of Error!!Total!!Population 16 years and over!!AGE!!16 to 19 years; Estimate!!Total!!Population 16 years and over!!AGE!!20 to 24 years; Margin of Error!!Total!!Population 16 years and over!!AGE!!20 to 24 years; Estimate!!Total!!Population 16 years and over!!AGE!!25 to 29 years; Margin of Error!!Total!!Population 16 years and over!!AGE!!25 to 29 years; Estimate!!Total!!Population 16 years and over!!AGE!!30 to 34 years; Margin of Error!!Total!!Population 16 years and over!!AGE!!30 to 34 years; Estimate!!Total!!Population 16 years and over!!AGE!!35 to 44 years; Margin of Error!!Total!!Population 16 years and over!!AGE!!35 to 44 years; Estimate!!Total!!Population 16 years and over!!AGE!!45 to 54 years; Margin of Error!!Total!!Population 16 years and over!!AGE!!45 to 54 years; Estimate!!Total!!Population 16 years and over!!AGE!!55 to 59 years; Margin of Error!!Total!!Population 16 years and over!!AGE!!55 to 59 years; Estimate!!Total!!Population 16 years and over!!AGE!!60 to 64 years; Margin of Error!!Total!!Population 16 years and over!!AGE!!60 to 64 years; Estimate!!Total!!Population 16 years and over!!AGE!!65 to 74 years; Margin of Error!!Total!!Population 16 years and over!!AGE!!65 to 74 years; Estimate!!Total!!Population 16 years and over!!AGE!!75 years and over; Margin of Error!!Total!!Population 16 years and over!!AGE!!75 years and over; Estimate!!Total!!Population 16 years and over!!RACE AND HISPANIC OR LATINO ORIGIN!!White alone; ...,,,,csv encoding=utf-8-sig
ACSST5Y2020.S2301-Table-Notes.txt,data/raw/misc/dataset_archive/S2301Employment Status/ACSST5Y2020.S2301-Table-Notes.txt,txt,5.58,data/raw/misc/dataset_archive/S2301Employment Status,demographics,raw_source,,,,,,,documentation or metadata text file
ACSST5Y2021.S2301-Column-Metadata.csv,data/raw/misc/dataset_archive/S2301Employment Status/ACSST5Y2021.S2301-Column-Metadata.csv,csv,34.8,data/raw/misc/dataset_archive/S2301Employment Status,demographics,raw_source,281,2,GEO_ID; Geography,,,,csv encoding=utf-8-sig
ACSST5Y2021.S2301-Data.csv,data/raw/misc/dataset_archive/S2301Employment Status/ACSST5Y2021.S2301-Data.csv,csv,95.67,data/raw/misc/dataset_archive/S2301Employment Status,demographics,raw_source,34,283,Geography; Geographic Area Name; Estimate!!Total!!Population 16 years and over; Margin of Error!!Total!!Population 16 years and over; Estimate!!Total!!Population 16 years and over!!AGE!!16 to 19 years; Margin of Error!!Total!!Population 16 years and over!!AGE!!16 to 19 years; Estimate!!Total!!Population 16 years and over!!AGE!!20 to 24 years; Margin of Error!!Total!!Population 16 years and over!!AGE!!20 to 24 years; Estimate!!Total!!Population 16 years and over!!AGE!!25 to 29 years; Margin of Error!!Total!!Population 16 years and over!!AGE!!25 to 29 years; Estimate!!Total!!Population 16 years and over!!AGE!!30 to 34 years; Margin of Error!!Total!!Population 16 years and over!!AGE!!30 to 34 years; Estimate!!Total!!Population 16 years and over!!AGE!!35 to 44 years; Margin of Error!!Total!!Population 16 years and over!!AGE!!35 to 44 years; Estimate!!Total!!Population 16 years and over!!AGE!!45 to 54 years; Margin of Error!!Total!!Population 16 years and over!!AGE!!45 to 54 years; Estimate!!Total!!Population 16 years and over!!AGE!!55 to 59 years; Margin of Error!!Total!!Population 16 years and over!!AGE!!55 to 59 years; Estimate!!Total!!Population 16 years and over!!AGE!!60 to 64 years; Margin of Error!!Total!!Population 16 years and over!!AGE!!60 to 64 years; Estimate!!Total!!Population 16 years and over!!AGE!!65 to 74 years; Margin of Error!!Total!!Population 16 years and over!!AGE!!65 to 74 years; Estimate!!Total!!Population 16 years and over!!AGE!!75 years and over; Margin of Error!!Total!!Population 16 years and over!!AGE!!75 years and over; Estimate!!Total!!Population 16 years and over!!RACE AND HISPANIC OR LATINO ORIGIN!!White alone; ...,,,,csv encoding=utf-8-sig
ACSST5Y2021.S2301-Table-Notes.txt,data/raw/misc/dataset_archive/S2301Employment Status/ACSST5Y2021.S2301-Table-Notes.txt,txt,5.56,data/raw/misc/dataset_archive/S2301Employment Status,demographics,raw_source,,,,,,,documentation or metadata text file
ACSST5Y2022.S2301-Column-Metadata.csv,data/raw/misc/dataset_archive/S2301Employment Status/ACSST5Y2022.S2301-Column-Metadata.csv,csv,34.8,data/raw/misc/dataset_archive/S2301Employment Status,demographics,raw_source,281,2,GEO_ID; Geography,,,,csv encoding=utf-8-sig
ACSST5Y2022.S2301-Data.csv,data/raw/misc/dataset_archive/S2301Employment Status/ACSST5Y2022.S2301-Data.csv,csv,95.8,data/raw/misc/dataset_archive/S2301Employment Status,demographics,raw_source,34,283,Geography; Geographic Area Name; Estimate!!Total!!Population 16 years and over; Margin of Error!!Total!!Population 16 years and over; Estimate!!Total!!Population 16 years and over!!AGE!!16 to 19 years; Margin of Error!!Total!!Population 16 years and over!!AGE!!16 to 19 years; Estimate!!Total!!Population 16 years and over!!AGE!!20 to 24 years; Margin of Error!!Total!!Population 16 years and over!!AGE!!20 to 24 years; Estimate!!Total!!Population 16 years and over!!AGE!!25 to 29 years; Margin of Error!!Total!!Population 16 years and over!!AGE!!25 to 29 years; Estimate!!Total!!Population 16 years and over!!AGE!!30 to 34 years; Margin of Error!!Total!!Population 16 years and over!!AGE!!30 to 34 years; Estimate!!Total!!Population 16 years and over!!AGE!!35 to 44 years; Margin of Error!!Total!!Population 16 years and over!!AGE!!35 to 44 years; Estimate!!Total!!Population 16 years and over!!AGE!!45 to 54 years; Margin of Error!!Total!!Population 16 years and over!!AGE!!45 to 54 years; Estimate!!Total!!Population 16 years and over!!AGE!!55 to 59 years; Margin of Error!!Total!!Population 16 years and over!!AGE!!55 to 59 years; Estimate!!Total!!Population 16 years and over!!AGE!!60 to 64 years; Margin of Error!!Total!!Population 16 years and over!!AGE!!60 to 64 years; Estimate!!Total!!Population 16 years and over!!AGE!!65 to 74 years; Margin of Error!!Total!!Population 16 years and over!!AGE!!65 to 74 years; Estimate!!Total!!Population 16 years and over!!AGE!!75 years and over; Margin of Error!!Total!!Population 16 years and over!!AGE!!75 years and over; Estimate!!Total!!Population 16 years and over!!RACE AND HISPANIC OR LATINO ORIGIN!!White alone; ...,,,,csv encoding=utf-8-sig
ACSST5Y2022.S2301-Table-Notes.txt,data/raw/misc/dataset_archive/S2301Employment Status/ACSST5Y2022.S2301-Table-Notes.txt,txt,5.87,data/raw/misc/dataset_archive/S2301Employment Status,demographics,raw_source,,,,,,,documentation or metadata text file
ACSST5Y2023.S2301-Column-Metadata.csv,data/raw/misc/dataset_archive/S2301Employment Status/ACSST5Y2023.S2301-Column-Metadata.csv,csv,34.8,data/raw/misc/dataset_archive/S2301Employment Status,demographics,raw_source,281,2,GEO_ID; Geography,,,,csv encoding=utf-8-sig
ACSST5Y2023.S2301-Data.csv,data/raw/misc/dataset_archive/S2301Employment Status/ACSST5Y2023.S2301-Data.csv,csv,95.73,data/raw/misc/dataset_archive/S2301Employment Status,demographics,raw_source,34,283,Geography; Geographic Area Name; Estimate!!Total!!Population 16 years and over; Margin of Error!!Total!!Population 16 years and over; Estimate!!Total!!Population 16 years and over!!AGE!!16 to 19 years; Margin of Error!!Total!!Population 16 years and over!!AGE!!16 to 19 years; Estimate!!Total!!Population 16 years and over!!AGE!!20 to 24 years; Margin of Error!!Total!!Population 16 years and over!!AGE!!20 to 24 years; Estimate!!Total!!Population 16 years and over!!AGE!!25 to 29 years; Margin of Error!!Total!!Population 16 years and over!!AGE!!25 to 29 years; Estimate!!Total!!Population 16 years and over!!AGE!!30 to 34 years; Margin of Error!!Total!!Population 16 years and over!!AGE!!30 to 34 years; Estimate!!Total!!Population 16 years and over!!AGE!!35 to 44 years; Margin of Error!!Total!!Population 16 years and over!!AGE!!35 to 44 years; Estimate!!Total!!Population 16 years and over!!AGE!!45 to 54 years; Margin of Error!!Total!!Population 16 years and over!!AGE!!45 to 54 years; Estimate!!Total!!Population 16 years and over!!AGE!!55 to 59 years; Margin of Error!!Total!!Population 16 years and over!!AGE!!55 to 59 years; Estimate!!Total!!Population 16 years and over!!AGE!!60 to 64 years; Margin of Error!!Total!!Population 16 years and over!!AGE!!60 to 64 years; Estimate!!Total!!Population 16 years and over!!AGE!!65 to 74 years; Margin of Error!!Total!!Population 16 years and over!!AGE!!65 to 74 years; Estimate!!Total!!Population 16 years and over!!AGE!!75 years and over; Margin of Error!!Total!!Population 16 years and over!!AGE!!75 years and over; Estimate!!Total!!Population 16 years and over!!RACE AND HISPANIC OR LATINO ORIGIN!!White alone; ...,,,,csv encoding=utf-8-sig
ACSST5Y2023.S2301-Table-Notes.txt,data/raw/misc/dataset_archive/S2301Employment Status/ACSST5Y2023.S2301-Table-Notes.txt,txt,6.49,data/raw/misc/dataset_archive/S2301Employment Status,demographics,raw_source,,,,,,,documentation or metadata text file
Student enrollment.xlsx,data/raw/misc/dataset_archive/Student enrollment.xlsx,xlsx,253.56,data/raw/misc/dataset_archive,education,raw_source,,,,Kidscount Export,,data/raw/education/reference_repo/Student enrollment.xlsx,xlsx columns unavailable (openpyxl not installed); sheet names read via zip/xml
Suspensions.xlsx,data/raw/misc/dataset_archive/Suspensions.xlsx,xlsx,96.25,data/raw/misc/dataset_archive,education,raw_source,,,,Kidscount Export,,data/raw/education/reference_repo/Suspensions.xlsx,xlsx columns unavailable (openpyxl not installed); sheet names read via zip/xml
Total children removed from household.xlsx,data/raw/misc/dataset_archive/Total children removed from household.xlsx,xlsx,9.35,data/raw/misc/dataset_archive,social_services,raw_source,,,,Kidscount Export,,data/raw/social_services/reference_repo/Total children removed from household.xlsx,xlsx columns unavailable (openpyxl not installed); sheet names read via zip/xml
"Women, infants, and children (WIC) participants.xlsx","data/raw/misc/dataset_archive/Women, infants, and children (WIC) participants.xlsx",xlsx,480.41,data/raw/misc/dataset_archive,social_services,raw_source,,,,Kidscount Export,,"data/raw/social_services/reference_repo/Women, infants, and children (WIC) participants.xlsx",xlsx columns unavailable (openpyxl not installed); sheet names read via zip/xml
Youth in collaborative care.xlsx,data/raw/misc/dataset_archive/Youth in collaborative care.xlsx,xlsx,8.9,data/raw/misc/dataset_archive,economy,raw_source,,,,Kidscount Export,,data/raw/social_services/reference_repo/Youth in collaborative care.xlsx,xlsx columns unavailable (openpyxl not installed); sheet names read via zip/xml
Child-Food-Insecurity.xlsx,data/raw/misc/dataset_archive/iyi data book monroe/Child-Food-Insecurity.xlsx,xlsx,20.69,data/raw/misc/dataset_archive/iyi data book monroe,other,raw_source,,,,Table Overview; 2021; 2020,,,xlsx columns unavailable (openpyxl not installed); sheet names read via zip/xml
Children-Living-in-Deep-Poverty.xlsx,data/raw/misc/dataset_archive/iyi data book monroe/Children-Living-in-Deep-Poverty.xlsx,xlsx,23.69,data/raw/misc/dataset_archive/iyi data book monroe,demographics,raw_source,,,,Table Overview; 2018-2022,,,xlsx columns unavailable (openpyxl not installed); sheet names read via zip/xml
Children-Living-in-Poverty.xlsx,data/raw/misc/dataset_archive/iyi data book monroe/Children-Living-in-Poverty.xlsx,xlsx,23.31,data/raw/misc/dataset_archive/iyi data book monroe,demographics,raw_source,,,,Table Overview; 2018-2022,,,xlsx columns unavailable (openpyxl not installed); sheet names read via zip/xml
Families-Receiving-SNAP.xlsx,data/raw/misc/dataset_archive/iyi data book monroe/Families-Receiving-SNAP.xlsx,xlsx,20.93,data/raw/misc/dataset_archive/iyi data book monroe,social_services,raw_source,,,,Table Overview; 2012-2017; 2018-2022,,,xlsx columns unavailable (openpyxl not installed); sheet names read via zip/xml
High-Housing-Cost-Burden-Mortgage (1).xlsx,data/raw/misc/dataset_archive/iyi data book monroe/High-Housing-Cost-Burden-Mortgage (1).xlsx,xlsx,22.47,data/raw/misc/dataset_archive/iyi data book monroe,housing,raw_source,,,,Table Overview; 2012-2017; 2018-2022,,,xlsx columns unavailable (openpyxl not installed); sheet names read via zip/xml
High-Housing-Cost-Burden-Mortgage (2).xlsx,data/raw/misc/dataset_archive/iyi data book monroe/High-Housing-Cost-Burden-Mortgage (2).xlsx,xlsx,22.47,data/raw/misc/dataset_archive/iyi data book monroe,housing,raw_source,,,,Table Overview; 2012-2017; 2018-2022,,,xlsx columns unavailable (openpyxl not installed); sheet names read via zip/xml
High-Housing-Cost-Burden-Mortgage (3).xlsx,data/raw/misc/dataset_archive/iyi data book monroe/High-Housing-Cost-Burden-Mortgage (3).xlsx,xlsx,22.47,data/raw/misc/dataset_archive/iyi data book monroe,housing,raw_source,,,,Table Overview; 2012-2017; 2018-2022,,,xlsx columns unavailable (openpyxl not installed); sheet names read via zip/xml
High-Housing-Cost-Burden-Mortgage.xlsx,data/raw/misc/dataset_archive/iyi data book monroe/High-Housing-Cost-Burden-Mortgage.xlsx,xlsx,22.47,data/raw/misc/dataset_archive/iyi data book monroe,housing,raw_source,,,,Table Overview; 2012-2017; 2018-2022,,,xlsx columns unavailable (openpyxl not installed); sheet names read via zip/xml
Homeless-Students (1).xlsx,data/raw/misc/dataset_archive/iyi data book monroe/Homeless-Students (1).xlsx,xlsx,22.41,data/raw/misc/dataset_archive/iyi data book monroe,education,raw_source,,,,Table Overview; 2023,,,xlsx columns unavailable (openpyxl not installed); sheet names read via zip/xml
Homeless-Students.xlsx,data/raw/misc/dataset_archive/iyi data book monroe/Homeless-Students.xlsx,xlsx,22.41,data/raw/misc/dataset_archive/iyi data book monroe,education,raw_source,,,,Table Overview; 2023,,,xlsx columns unavailable (openpyxl not installed); sheet names read via zip/xml
ACSDT5Y2013.B09001-2025-07-26T045521.csv,data/raw/misc/dataset_archive/mc3_snap- us bureau/B09001/ACSDT5Y2013.B09001-2025-07-26T045521.csv,csv,0.53,data/raw/misc/dataset_archive/mc3_snap- us bureau/B09001,demographics,raw_source,10,3,"Label (Grouping); Monroe County, Indiana!!Estimate; Monroe County, Indiana!!Margin of Error",,,,csv encoding=utf-8-sig
ACSDT5Y2014.B09001-2025-07-26T045538.csv,data/raw/misc/dataset_archive/mc3_snap- us bureau/B09001/ACSDT5Y2014.B09001-2025-07-26T045538.csv,csv,0.53,data/raw/misc/dataset_archive/mc3_snap- us bureau/B09001,demographics,raw_source,10,3,"Label (Grouping); Monroe County, Indiana!!Estimate; Monroe County, Indiana!!Margin of Error",,,,csv encoding=utf-8-sig
ACSDT5Y2015.B09001-2025-07-26T045609.csv,data/raw/misc/dataset_archive/mc3_snap- us bureau/B09001/ACSDT5Y2015.B09001-2025-07-26T045609.csv,csv,0.53,data/raw/misc/dataset_archive/mc3_snap- us bureau/B09001,demographics,raw_source,10,3,"Label (Grouping); Monroe County, Indiana!!Estimate; Monroe County, Indiana!!Margin of Error",,,,csv encoding=utf-8-sig
ACSDT5Y2016.B09001-2025-07-26T045624.csv,data/raw/misc/dataset_archive/mc3_snap- us bureau/B09001/ACSDT5Y2016.B09001-2025-07-26T045624.csv,csv,0.53,data/raw/misc/dataset_archive/mc3_snap- us bureau/B09001,demographics,raw_source,10,3,"Label (Grouping); Monroe County, Indiana!!Estimate; Monroe County, Indiana!!Margin of Error",,,,csv encoding=utf-8-sig
ACSDT5Y2017.B09001-2025-07-26T045645.csv,data/raw/misc/dataset_archive/mc3_snap- us bureau/B09001/ACSDT5Y2017.B09001-2025-07-26T045645.csv,csv,0.53,data/raw/misc/dataset_archive/mc3_snap- us bureau/B09001,demographics,raw_source,10,3,"Label (Grouping); Monroe County, Indiana!!Estimate; Monroe County, Indiana!!Margin of Error",,,,csv encoding=utf-8-sig
ACSDT5Y2018.B09001-2025-07-26T045749.csv,data/raw/misc/dataset_archive/mc3_snap- us bureau/B09001/ACSDT5Y2018.B09001-2025-07-26T045749.csv,csv,0.53,data/raw/misc/dataset_archive/mc3_snap- us bureau/B09001,demographics,raw_source,10,3,"Label (Grouping); Monroe County, Indiana!!Estimate; Monroe County, Indiana!!Margin of Error",,,,csv encoding=utf-8-sig
ACSDT5Y2020.B09001-2025-07-26T045904.csv,data/raw/misc/dataset_archive/mc3_snap- us bureau/B09001/ACSDT5Y2020.B09001-2025-07-26T045904.csv,csv,0.53,data/raw/misc/dataset_archive/mc3_snap- us bureau/B09001,demographics,raw_source,10,3,"Label (Grouping); Monroe County, Indiana!!Estimate; Monroe County, Indiana!!Margin of Error",,,,csv encoding=utf-8-sig
ACSDT5Y2021.B09001-2025-07-26T045921.csv,data/raw/misc/dataset_archive/mc3_snap- us bureau/B09001/ACSDT5Y2021.B09001-2025-07-26T045921.csv,csv,0.53,data/raw/misc/dataset_archive/mc3_snap- us bureau/B09001,demographics,raw_source,10,3,"Label (Grouping); Monroe County, Indiana!!Estimate; Monroe County, Indiana!!Margin of Error",,,,csv encoding=utf-8-sig
ACSDT5Y2022.B09001-2025-07-26T045941.csv,data/raw/misc/dataset_archive/mc3_snap- us bureau/B09001/ACSDT5Y2022.B09001-2025-07-26T045941.csv,csv,0.53,data/raw/misc/dataset_archive/mc3_snap- us bureau/B09001,demographics,raw_source,10,3,"Label (Grouping); Monroe County, Indiana!!Estimate; Monroe County, Indiana!!Margin of Error",,,,csv encoding=utf-8-sig
ACSDT5Y2013.B17001-2025-07-26T052124.csv,data/raw/misc/dataset_archive/mc3_snap- us bureau/B17001/ACSDT5Y2013.B17001-2025-07-26T052124.csv,csv,3.29,data/raw/misc/dataset_archive/mc3_snap- us bureau/B17001,demographics,raw_source,59,3,"Label (Grouping); Monroe County, Indiana!!Estimate; Monroe County, Indiana!!Margin of Error",,,,csv encoding=utf-8-sig
ACSDT5Y2014.B17001-2025-07-26T052139.csv,data/raw/misc/dataset_archive/mc3_snap- us bureau/B17001/ACSDT5Y2014.B17001-2025-07-26T052139.csv,csv,3.29,data/raw/misc/dataset_archive/mc3_snap- us bureau/B17001,demographics,raw_source,59,3,"Label (Grouping); Monroe County, Indiana!!Estimate; Monroe County, Indiana!!Margin of Error",,,,csv encoding=utf-8-sig
ACSDT5Y2015.B17001-2025-07-28T044008.csv,data/raw/misc/dataset_archive/mc3_snap- us bureau/B17001/ACSDT5Y2015.B17001-2025-07-28T044008.csv,csv,3.29,data/raw/misc/dataset_archive/mc3_snap- us bureau/B17001,demographics,raw_source,59,3,"Label (Grouping); Monroe County, Indiana!!Estimate; Monroe County, Indiana!!Margin of Error",,,,csv encoding=utf-8-sig
ACSDT5Y2016.B17001-2025-07-26T052215.csv,data/raw/misc/dataset_archive/mc3_snap- us bureau/B17001/ACSDT5Y2016.B17001-2025-07-26T052215.csv,csv,3.29,data/raw/misc/dataset_archive/mc3_snap- us bureau/B17001,demographics,raw_source,59,3,"Label (Grouping); Monroe County, Indiana!!Estimate; Monroe County, Indiana!!Margin of Error",,,,csv encoding=utf-8-sig
ACSDT5Y2017.B17001-2025-07-26T052232.csv,data/raw/misc/dataset_archive/mc3_snap- us bureau/B17001/ACSDT5Y2017.B17001-2025-07-26T052232.csv,csv,3.3,data/raw/misc/dataset_archive/mc3_snap- us bureau/B17001,demographics,raw_source,59,3,"Label (Grouping); Monroe County, Indiana!!Estimate; Monroe County, Indiana!!Margin of Error",,,,csv encoding=utf-8-sig
ACSDT5Y2018.B17001-2025-07-26T052246.csv,data/raw/misc/dataset_archive/mc3_snap- us bureau/B17001/ACSDT5Y2018.B17001-2025-07-26T052246.csv,csv,3.3,data/raw/misc/dataset_archive/mc3_snap- us bureau/B17001,demographics,raw_source,59,3,"Label (Grouping); Monroe County, Indiana!!Estimate; Monroe County, Indiana!!Margin of Error",,,,csv encoding=utf-8-sig
ACSDT5Y2020.B17001-2025-07-26T052320.csv,data/raw/misc/dataset_archive/mc3_snap- us bureau/B17001/ACSDT5Y2020.B17001-2025-07-26T052320.csv,csv,3.31,data/raw/misc/dataset_archive/mc3_snap- us bureau/B17001,demographics,raw_source,59,3,"Label (Grouping); Monroe County, Indiana!!Estimate; Monroe County, Indiana!!Margin of Error",,,,csv encoding=utf-8-sig
ACSDT5Y2021.B17001-2025-07-28T044025.csv,data/raw/misc/dataset_archive/mc3_snap- us bureau/B17001/ACSDT5Y2021.B17001-2025-07-28T044025.csv,csv,3.3,data/raw/misc/dataset_archive/mc3_snap- us bureau/B17001,demographics,raw_source,59,3,"Label (Grouping); Monroe County, Indiana!!Estimate; Monroe County, Indiana!!Margin of Error",,,,csv encoding=utf-8-sig
ACSDT5Y2022.B17001-2025-07-26T052354.csv,data/raw/misc/dataset_archive/mc3_snap- us bureau/B17001/ACSDT5Y2022.B17001-2025-07-26T052354.csv,csv,3.3,data/raw/misc/dataset_archive/mc3_snap- us bureau/B17001,demographics,raw_source,59,3,"Label (Grouping); Monroe County, Indiana!!Estimate; Monroe County, Indiana!!Margin of Error",,,,csv encoding=utf-8-sig
ACSDT5YSPT2015.B17001-2025-07-26T052157.csv,data/raw/misc/dataset_archive/mc3_snap- us bureau/B17001/ACSDT5YSPT2015.B17001-2025-07-26T052157.csv,csv,3.33,data/raw/misc/dataset_archive/mc3_snap- us bureau/B17001,demographics,raw_source,59,3,"Label (Grouping); Monroe County, Indiana!!Total population!!Estimate; Monroe County, Indiana!!Total population!!Margin of Error",,,,csv encoding=utf-8-sig
ACSDT5YSPT2021.B17001-2025-07-26T052339.csv,data/raw/misc/dataset_archive/mc3_snap- us bureau/B17001/ACSDT5YSPT2021.B17001-2025-07-26T052339.csv,csv,3.34,data/raw/misc/dataset_archive/mc3_snap- us bureau/B17001,demographics,raw_source,59,3,"Label (Grouping); Monroe County, Indiana!!Total population!!Estimate; Monroe County, Indiana!!Total population!!Margin of Error",,,,csv encoding=utf-8-sig
ACSDT5Y2013.B19126-2025-07-26T053107.csv,data/raw/misc/dataset_archive/mc3_snap- us bureau/B19126/ACSDT5Y2013.B19126-2025-07-26T053107.csv,csv,1.05,data/raw/misc/dataset_archive/mc3_snap- us bureau/B19126,demographics,raw_source,16,3,"Label (Grouping); Monroe County, Indiana!!Estimate; Monroe County, Indiana!!Margin of Error",,,,csv encoding=utf-8-sig
ACSDT5Y2014.B19126-2025-07-26T053123.csv,data/raw/misc/dataset_archive/mc3_snap- us bureau/B19126/ACSDT5Y2014.B19126-2025-07-26T053123.csv,csv,1.05,data/raw/misc/dataset_archive/mc3_snap- us bureau/B19126,demographics,raw_source,16,3,"Label (Grouping); Monroe County, Indiana!!Estimate; Monroe County, Indiana!!Margin of Error",,,,csv encoding=utf-8-sig
ACSDT5Y2015.B19126-2025-07-26T053137.csv,data/raw/misc/dataset_archive/mc3_snap- us bureau/B19126/ACSDT5Y2015.B19126-2025-07-26T053137.csv,csv,1.16,data/raw/misc/dataset_archive/mc3_snap- us bureau/B19126,demographics,raw_source,16,3,"Label (Grouping); Monroe County, Indiana!!Estimate; Monroe County, Indiana!!Margin of Error",,,,csv encoding=utf-8-sig
ACSDT5Y2016.B19126-2025-07-26T053154.csv,data/raw/misc/dataset_archive/mc3_snap- us bureau/B19126/ACSDT5Y2016.B19126-2025-07-26T053154.csv,csv,1.16,data/raw/misc/dataset_archive/mc3_snap- us bureau/B19126,demographics,raw_source,16,3,"Label (Grouping); Monroe County, Indiana!!Estimate; Monroe County, Indiana!!Margin of Error",,,,csv encoding=utf-8-sig
ACSDT5Y2017.B19126-2025-07-26T053210.csv,data/raw/misc/dataset_archive/mc3_snap- us bureau/B19126/ACSDT5Y2017.B19126-2025-07-26T053210.csv,csv,1.21,data/raw/misc/dataset_archive/mc3_snap- us bureau/B19126,demographics,raw_source,16,3,"Label (Grouping); Monroe County, Indiana!!Estimate; Monroe County, Indiana!!Margin of Error",,,,csv encoding=utf-8-sig
ACSDT5Y2018.B19126-2025-07-26T053230.csv,data/raw/misc/dataset_archive/mc3_snap- us bureau/B19126/ACSDT5Y2018.B19126-2025-07-26T053230.csv,csv,1.21,data/raw/misc/dataset_archive/mc3_snap- us bureau/B19126,demographics,raw_source,16,3,"Label (Grouping); Monroe County, Indiana!!Estimate; Monroe County, Indiana!!Margin of Error",,,,csv encoding=utf-8-sig
ACSDT5Y2019.B19126-2025-07-26T053244.csv,data/raw/misc/dataset_archive/mc3_snap- us bureau/B19126/ACSDT5Y2019.B19126-2025-07-26T053244.csv,csv,1.38,data/raw/misc/dataset_archive/mc3_snap- us bureau/B19126,demographics,raw_source,16,3,"Label (Grouping); Monroe County, Indiana!!Estimate; Monroe County, Indiana!!Margin of Error",,,,csv encoding=utf-8-sig
ACSDT5Y2020.B19126-2025-07-26T053300.csv,data/raw/misc/dataset_archive/mc3_snap- us bureau/B19126/ACSDT5Y2020.B19126-2025-07-26T053300.csv,csv,1.38,data/raw/misc/dataset_archive/mc3_snap- us bureau/B19126,demographics,raw_source,16,3,"Label (Grouping); Monroe County, Indiana!!Estimate; Monroe County, Indiana!!Margin of Error",,,,csv encoding=utf-8-sig
ACSDT5Y2021.B19126-2025-07-26T053320.csv,data/raw/misc/dataset_archive/mc3_snap- us bureau/B19126/ACSDT5Y2021.B19126-2025-07-26T053320.csv,csv,1.38,data/raw/misc/dataset_archive/mc3_snap- us bureau/B19126,demographics,raw_source,16,3,"Label (Grouping); Monroe County, Indiana!!Estimate; Monroe County, Indiana!!Margin of Error",,,,csv encoding=utf-8-sig
ACSDT5Y2022.B19126-2025-07-26T053334.csv,data/raw/misc/dataset_archive/mc3_snap- us bureau/B19126/ACSDT5Y2022.B19126-2025-07-26T053334.csv,csv,1.39,data/raw/misc/dataset_archive/mc3_snap- us bureau/B19126,demographics,raw_source,16,3,"Label (Grouping); Monroe County, Indiana!!Estimate; Monroe County, Indiana!!Margin of Error",,,,csv encoding=utf-8-sig
ACSDT5Y2023.B19126-2025-07-26T053352.csv,data/raw/misc/dataset_archive/mc3_snap- us bureau/B19126/ACSDT5Y2023.B19126-2025-07-26T053352.csv,csv,1.39,data/raw/misc/dataset_archive/mc3_snap- us bureau/B19126,demographics,raw_source,16,3,"Label (Grouping); Monroe County, Indiana!!Estimate; Monroe County, Indiana!!Margin of Error",,,,csv encoding=utf-8-sig
ACSDT5Y2013.B22001-2025-07-26T012224.csv,data/raw/misc/dataset_archive/mc3_snap- us bureau/B22001/ACSDT5Y2013.B22001-2025-07-26T012224.csv,csv,0.61,data/raw/misc/dataset_archive/mc3_snap- us bureau/B22001,demographics,raw_source,7,3,"Label (Grouping); Monroe County, Indiana!!Estimate; Monroe County, Indiana!!Margin of Error",,,,csv encoding=utf-8-sig
ACSDT5Y2014.B22001-2025-07-26T012251.csv,data/raw/misc/dataset_archive/mc3_snap- us bureau/B22001/ACSDT5Y2014.B22001-2025-07-26T012251.csv,csv,0.61,data/raw/misc/dataset_archive/mc3_snap- us bureau/B22001,demographics,raw_source,7,3,"Label (Grouping); Monroe County, Indiana!!Estimate; Monroe County, Indiana!!Margin of Error",,,,csv encoding=utf-8-sig
ACSDT5Y2015.B22001-2025-07-26T013608.csv,data/raw/misc/dataset_archive/mc3_snap- us bureau/B22001/ACSDT5Y2015.B22001-2025-07-26T013608.csv,csv,0.61,data/raw/misc/dataset_archive/mc3_snap- us bureau/B22001,demographics,raw_source,7,3,"Label (Grouping); Monroe County, Indiana!!Estimate; Monroe County, Indiana!!Margin of Error",,,,csv encoding=utf-8-sig
ACSDT5Y2016.B22001-2025-07-26T013653.csv,data/raw/misc/dataset_archive/mc3_snap- us bureau/B22001/ACSDT5Y2016.B22001-2025-07-26T013653.csv,csv,0.61,data/raw/misc/dataset_archive/mc3_snap- us bureau/B22001,demographics,raw_source,7,3,"Label (Grouping); Monroe County, Indiana!!Estimate; Monroe County, Indiana!!Margin of Error",,,,csv encoding=utf-8-sig
ACSDT5Y2017.B22001-2025-07-26T013727.csv,data/raw/misc/dataset_archive/mc3_snap- us bureau/B22001/ACSDT5Y2017.B22001-2025-07-26T013727.csv,csv,0.61,data/raw/misc/dataset_archive/mc3_snap- us bureau/B22001,demographics,raw_source,7,3,"Label (Grouping); Monroe County, Indiana!!Estimate; Monroe County, Indiana!!Margin of Error",,,,csv encoding=utf-8-sig
ACSDT5Y2018.B22001-2025-07-26T013745.csv,data/raw/misc/dataset_archive/mc3_snap- us bureau/B22001/ACSDT5Y2018.B22001-2025-07-26T013745.csv,csv,0.61,data/raw/misc/dataset_archive/mc3_snap- us bureau/B22001,demographics,raw_source,7,3,"Label (Grouping); Monroe County, Indiana!!Estimate; Monroe County, Indiana!!Margin of Error",,,,csv encoding=utf-8-sig
ACSDT5Y2019.B22001-2025-07-26T013809.csv,data/raw/misc/dataset_archive/mc3_snap- us bureau/B22001/ACSDT5Y2019.B22001-2025-07-26T013809.csv,csv,0.61,data/raw/misc/dataset_archive/mc3_snap- us bureau/B22001,demographics,raw_source,7,3,"Label (Grouping); Monroe County, Indiana!!Estimate; Monroe County, Indiana!!Margin of Error",,,,csv encoding=utf-8-sig
ACSDT5Y2019.B22001-2025-07-26T013823.csv,data/raw/misc/dataset_archive/mc3_snap- us bureau/B22001/ACSDT5Y2019.B22001-2025-07-26T013823.csv,csv,0.61,data/raw/misc/dataset_archive/mc3_snap- us bureau/B22001,demographics,raw_source,7,3,"Label (Grouping); Monroe County, Indiana!!Estimate; Monroe County, Indiana!!Margin of Error",,,,csv encoding=utf-8-sig
ACSDT5Y2020.B22001-2025-07-26T220906.csv,data/raw/misc/dataset_archive/mc3_snap- us bureau/B22001/ACSDT5Y2020.B22001-2025-07-26T220906.csv,csv,0.61,data/raw/misc/dataset_archive/mc3_snap- us bureau/B22001,demographics,raw_source,7,3,"Label (Grouping); Monroe County, Indiana!!Estimate; Monroe County, Indiana!!Margin of Error",,,,csv encoding=utf-8-sig
ACSDT5Y2021.B22001-2025-07-26T220918.csv,data/raw/misc/dataset_archive/mc3_snap- us bureau/B22001/ACSDT5Y2021.B22001-2025-07-26T220918.csv,csv,0.61,data/raw/misc/dataset_archive/mc3_snap- us bureau/B22001,demographics,raw_source,7,3,"Label (Grouping); Monroe County, Indiana!!Estimate; Monroe County, Indiana!!Margin of Error",,,,csv encoding=utf-8-sig
ACSDT5Y2022.B22001-2025-07-26T013856.csv,data/raw/misc/dataset_archive/mc3_snap- us bureau/B22001/ACSDT5Y2022.B22001-2025-07-26T013856.csv,csv,0.61,data/raw/misc/dataset_archive/mc3_snap- us bureau/B22001,demographics,raw_source,7,3,"Label (Grouping); Monroe County, Indiana!!Estimate; Monroe County, Indiana!!Margin of Error",,,,csv encoding=utf-8-sig
ACSDT5Y2023.B22001-2025-07-26T013909.csv,data/raw/misc/dataset_archive/mc3_snap- us bureau/B22001/ACSDT5Y2023.B22001-2025-07-26T013909.csv,csv,0.61,data/raw/misc/dataset_archive/mc3_snap- us bureau/B22001,demographics,raw_source,7,3,"Label (Grouping); Monroe County, Indiana!!Estimate; Monroe County, Indiana!!Margin of Error",,,,csv encoding=utf-8-sig
ACSDT5YSPT2021.B22001-2025-07-26T013838.csv,data/raw/misc/dataset_archive/mc3_snap- us bureau/B22001/ACSDT5YSPT2021.B22001-2025-07-26T013838.csv,csv,0.65,data/raw/misc/dataset_archive/mc3_snap- us bureau/B22001,demographics,raw_source,7,3,"Label (Grouping); Monroe County, Indiana!!Total population!!Estimate; Monroe County, Indiana!!Total population!!Margin of Error",,,,csv encoding=utf-8-sig
ACSDT5YSPT2021.B22001-2025-07-26T220928.csv,data/raw/misc/dataset_archive/mc3_snap- us bureau/B22001/ACSDT5YSPT2021.B22001-2025-07-26T220928.csv,csv,0.65,data/raw/misc/dataset_archive/mc3_snap- us bureau/B22001,demographics,raw_source,7,3,"Label (Grouping); Monroe County, Indiana!!Total population!!Estimate; Monroe County, Indiana!!Total population!!Margin of Error",,,,csv encoding=utf-8-sig
ACSDT5Y2013.B22003-2025-07-25T225102.csv,data/raw/misc/dataset_archive/mc3_snap- us bureau/B22003/ACSDT5Y2013.B22003-2025-07-25T225102.csv,csv,0.64,data/raw/misc/dataset_archive/mc3_snap- us bureau/B22003,demographics,raw_source,7,3,"Label (Grouping); Monroe County, Indiana!!Estimate; Monroe County, Indiana!!Margin of Error",,,,csv encoding=utf-8-sig
ACSDT5Y2014.B22003-2025-07-25T225130.csv,data/raw/misc/dataset_archive/mc3_snap- us bureau/B22003/ACSDT5Y2014.B22003-2025-07-25T225130.csv,csv,0.64,data/raw/misc/dataset_archive/mc3_snap- us bureau/B22003,demographics,raw_source,7,3,"Label (Grouping); Monroe County, Indiana!!Estimate; Monroe County, Indiana!!Margin of Error",,,,csv encoding=utf-8-sig
ACSDT5Y2015.B22003-2025-07-25T225154.csv,data/raw/misc/dataset_archive/mc3_snap- us bureau/B22003/ACSDT5Y2015.B22003-2025-07-25T225154.csv,csv,0.64,data/raw/misc/dataset_archive/mc3_snap- us bureau/B22003,demographics,raw_source,7,3,"Label (Grouping); Monroe County, Indiana!!Estimate; Monroe County, Indiana!!Margin of Error",,,,csv encoding=utf-8-sig
ACSDT5Y2016.B22003-2025-07-25T225240.csv,data/raw/misc/dataset_archive/mc3_snap- us bureau/B22003/ACSDT5Y2016.B22003-2025-07-25T225240.csv,csv,0.64,data/raw/misc/dataset_archive/mc3_snap- us bureau/B22003,demographics,raw_source,7,3,"Label (Grouping); Monroe County, Indiana!!Estimate; Monroe County, Indiana!!Margin of Error",,,,csv encoding=utf-8-sig
ACSDT5Y2017.B22003-2025-07-26T220558.csv,data/raw/misc/dataset_archive/mc3_snap- us bureau/B22003/ACSDT5Y2017.B22003-2025-07-26T220558.csv,csv,0.64,data/raw/misc/dataset_archive/mc3_snap- us bureau/B22003,demographics,raw_source,7,3,"Label (Grouping); Monroe County, Indiana!!Estimate; Monroe County, Indiana!!Margin of Error",,,,csv encoding=utf-8-sig
ACSDT5Y2018.B22003-2025-07-25T225339.csv,data/raw/misc/dataset_archive/mc3_snap- us bureau/B22003/ACSDT5Y2018.B22003-2025-07-25T225339.csv,csv,0.64,data/raw/misc/dataset_archive/mc3_snap- us bureau/B22003,demographics,raw_source,7,3,"Label (Grouping); Monroe County, Indiana!!Estimate; Monroe County, Indiana!!Margin of Error",,,,csv encoding=utf-8-sig
ACSDT5Y2018.B22003-2025-07-25T225354.csv,data/raw/misc/dataset_archive/mc3_snap- us bureau/B22003/ACSDT5Y2018.B22003-2025-07-25T225354.csv,csv,0.64,data/raw/misc/dataset_archive/mc3_snap- us bureau/B22003,demographics,raw_source,7,3,"Label (Grouping); Monroe County, Indiana!!Estimate; Monroe County, Indiana!!Margin of Error",,,,csv encoding=utf-8-sig
ACSDT5Y2019.B22003-2025-07-25T225459.csv,data/raw/misc/dataset_archive/mc3_snap- us bureau/B22003/ACSDT5Y2019.B22003-2025-07-25T225459.csv,csv,0.64,data/raw/misc/dataset_archive/mc3_snap- us bureau/B22003,demographics,raw_source,7,3,"Label (Grouping); Monroe County, Indiana!!Estimate; Monroe County, Indiana!!Margin of Error",,,,csv encoding=utf-8-sig
ACSDT5Y2020.B22003-2025-07-25T225519.csv,data/raw/misc/dataset_archive/mc3_snap- us bureau/B22003/ACSDT5Y2020.B22003-2025-07-25T225519.csv,csv,0.64,data/raw/misc/dataset_archive/mc3_snap- us bureau/B22003,demographics,raw_source,7,3,"Label (Grouping); Monroe County, Indiana!!Estimate; Monroe County, Indiana!!Margin of Error",,,,csv encoding=utf-8-sig
ACSDT5Y2021.B22003-2025-07-25T225613.csv,data/raw/misc/dataset_archive/mc3_snap- us bureau/B22003/ACSDT5Y2021.B22003-2025-07-25T225613.csv,csv,0.64,data/raw/misc/dataset_archive/mc3_snap- us bureau/B22003,demographics,raw_source,7,3,"Label (Grouping); Monroe County, Indiana!!Estimate; Monroe County, Indiana!!Margin of Error",,,,csv encoding=utf-8-sig
ACSDT5Y2022.B22003-2025-07-25T225657.csv,data/raw/misc/dataset_archive/mc3_snap- us bureau/B22003/ACSDT5Y2022.B22003-2025-07-25T225657.csv,csv,0.64,data/raw/misc/dataset_archive/mc3_snap- us bureau/B22003,demographics,raw_source,7,3,"Label (Grouping); Monroe County, Indiana!!Estimate; Monroe County, Indiana!!Margin of Error",,,,csv encoding=utf-8-sig
ACSDT5Y2023.B22003-2025-07-25T225716.csv,data/raw/misc/dataset_archive/mc3_snap- us bureau/B22003/ACSDT5Y2023.B22003-2025-07-25T225716.csv,csv,0.64,data/raw/misc/dataset_archive/mc3_snap- us bureau/B22003,demographics,raw_source,7,3,"Label (Grouping); Monroe County, Indiana!!Estimate; Monroe County, Indiana!!Margin of Error",,,,csv encoding=utf-8-sig
ACSDT5Y2013.B23003-2025-07-26T050414.csv,data/raw/misc/dataset_archive/mc3_snap- us bureau/B23003/ACSDT5Y2013.B23003-2025-07-26T050414.csv,csv,1.85,data/raw/misc/dataset_archive/mc3_snap- us bureau/B23003,demographics,raw_source,30,3,"Label (Grouping); Monroe County, Indiana!!Estimate; Monroe County, Indiana!!Margin of Error",,,,csv encoding=utf-8-sig
ACSDT5Y2014.B23003-2025-07-26T050427.csv,data/raw/misc/dataset_archive/mc3_snap- us bureau/B23003/ACSDT5Y2014.B23003-2025-07-26T050427.csv,csv,1.85,data/raw/misc/dataset_archive/mc3_snap- us bureau/B23003,demographics,raw_source,30,3,"Label (Grouping); Monroe County, Indiana!!Estimate; Monroe County, Indiana!!Margin of Error",,,,csv encoding=utf-8-sig
ACSDT5Y2015.B23003-2025-07-26T050455.csv,data/raw/misc/dataset_archive/mc3_snap- us bureau/B23003/ACSDT5Y2015.B23003-2025-07-26T050455.csv,csv,1.89,data/raw/misc/dataset_archive/mc3_snap- us bureau/B23003,demographics,raw_source,30,3,"Label (Grouping); Monroe County, Indiana!!Estimate; Monroe County, Indiana!!Margin of Error",,,,csv encoding=utf-8-sig
ACSDT5Y2016.B23003-2025-07-26T050509.csv,data/raw/misc/dataset_archive/mc3_snap- us bureau/B23003/ACSDT5Y2016.B23003-2025-07-26T050509.csv,csv,1.89,data/raw/misc/dataset_archive/mc3_snap- us bureau/B23003,demographics,raw_source,30,3,"Label (Grouping); Monroe County, Indiana!!Estimate; Monroe County, Indiana!!Margin of Error",,,,csv encoding=utf-8-sig
ACSDT5Y2017.B23003-2025-07-26T050525.csv,data/raw/misc/dataset_archive/mc3_snap- us bureau/B23003/ACSDT5Y2017.B23003-2025-07-26T050525.csv,csv,1.89,data/raw/misc/dataset_archive/mc3_snap- us bureau/B23003,demographics,raw_source,30,3,"Label (Grouping); Monroe County, Indiana!!Estimate; Monroe County, Indiana!!Margin of Error",,,,csv encoding=utf-8-sig
ACSDT5Y2018.B23003-2025-07-26T050543.csv,data/raw/misc/dataset_archive/mc3_snap- us bureau/B23003/ACSDT5Y2018.B23003-2025-07-26T050543.csv,csv,1.89,data/raw/misc/dataset_archive/mc3_snap- us bureau/B23003,demographics,raw_source,30,3,"Label (Grouping); Monroe County, Indiana!!Estimate; Monroe County, Indiana!!Margin of Error",,,,csv encoding=utf-8-sig
ACSDT5Y2019.B23003-2025-07-26T050623.csv,data/raw/misc/dataset_archive/mc3_snap- us bureau/B23003/ACSDT5Y2019.B23003-2025-07-26T050623.csv,csv,1.89,data/raw/misc/dataset_archive/mc3_snap- us bureau/B23003,demographics,raw_source,30,3,"Label (Grouping); Monroe County, Indiana!!Estimate; Monroe County, Indiana!!Margin of Error",,,,csv encoding=utf-8-sig
ACSDT5Y2020.B23003-2025-07-26T050636.csv,data/raw/misc/dataset_archive/mc3_snap- us bureau/B23003/ACSDT5Y2020.B23003-2025-07-26T050636.csv,csv,1.89,data/raw/misc/dataset_archive/mc3_snap- us bureau/B23003,demographics,raw_source,30,3,"Label (Grouping); Monroe County, Indiana!!Estimate; Monroe County, Indiana!!Margin of Error",,,,csv encoding=utf-8-sig
ACSDT5Y2021.B23003-2025-07-26T050651.csv,data/raw/misc/dataset_archive/mc3_snap- us bureau/B23003/ACSDT5Y2021.B23003-2025-07-26T050651.csv,csv,1.89,data/raw/misc/dataset_archive/mc3_snap- us bureau/B23003,demographics,raw_source,30,3,"Label (Grouping); Monroe County, Indiana!!Estimate; Monroe County, Indiana!!Margin of Error",,,,csv encoding=utf-8-sig
ACSDT5Y2022.B23003-2025-07-26T050707.csv,data/raw/misc/dataset_archive/mc3_snap- us bureau/B23003/ACSDT5Y2022.B23003-2025-07-26T050707.csv,csv,1.89,data/raw/misc/dataset_archive/mc3_snap- us bureau/B23003,demographics,raw_source,30,3,"Label (Grouping); Monroe County, Indiana!!Estimate; Monroe County, Indiana!!Margin of Error",,,,csv encoding=utf-8-sig
ACSDT5Y2023.B23003-2025-07-26T050723.csv,data/raw/misc/dataset_archive/mc3_snap- us bureau/B23003/ACSDT5Y2023.B23003-2025-07-26T050723.csv,csv,1.89,data/raw/misc/dataset_archive/mc3_snap- us bureau/B23003,demographics,raw_source,30,3,"Label (Grouping); Monroe County, Indiana!!Estimate; Monroe County, Indiana!!Margin of Error",,,,csv encoding=utf-8-sig
ACSDT5Y2013.B23008-2025-07-28T043521.csv,data/raw/misc/dataset_archive/mc3_snap- us bureau/B23008/ACSDT5Y2013.B23008-2025-07-28T043521.csv,csv,1.74,data/raw/misc/dataset_archive/mc3_snap- us bureau/B23008,demographics,raw_source,27,3,"Label (Grouping); Monroe County, Indiana!!Estimate; Monroe County, Indiana!!Margin of Error",,,,csv encoding=utf-8-sig
ACSDT5Y2014.B23008-2025-07-26T020001.csv,data/raw/misc/dataset_archive/mc3_snap- us bureau/B23008/ACSDT5Y2014.B23008-2025-07-26T020001.csv,csv,1.74,data/raw/misc/dataset_archive/mc3_snap- us bureau/B23008,demographics,raw_source,27,3,"Label (Grouping); Monroe County, Indiana!!Estimate; Monroe County, Indiana!!Margin of Error",,,,csv encoding=utf-8-sig
ACSDT5Y2015.B23008-2025-07-26T020054.csv,data/raw/misc/dataset_archive/mc3_snap- us bureau/B23008/ACSDT5Y2015.B23008-2025-07-26T020054.csv,csv,1.74,data/raw/misc/dataset_archive/mc3_snap- us bureau/B23008,demographics,raw_source,27,3,"Label (Grouping); Monroe County, Indiana!!Estimate; Monroe County, Indiana!!Margin of Error",,,,csv encoding=utf-8-sig
ACSDT5Y2016.B23008-2025-07-26T020117.csv,data/raw/misc/dataset_archive/mc3_snap- us bureau/B23008/ACSDT5Y2016.B23008-2025-07-26T020117.csv,csv,1.74,data/raw/misc/dataset_archive/mc3_snap- us bureau/B23008,demographics,raw_source,27,3,"Label (Grouping); Monroe County, Indiana!!Estimate; Monroe County, Indiana!!Margin of Error",,,,csv encoding=utf-8-sig
ACSDT5Y2017.B23008-2025-07-26T020140.csv,data/raw/misc/dataset_archive/mc3_snap- us bureau/B23008/ACSDT5Y2017.B23008-2025-07-26T020140.csv,csv,1.74,data/raw/misc/dataset_archive/mc3_snap- us bureau/B23008,demographics,raw_source,27,3,"Label (Grouping); Monroe County, Indiana!!Estimate; Monroe County, Indiana!!Margin of Error",,,,csv encoding=utf-8-sig
ACSDT5Y2017.B23008-2025-07-26T020223.csv,data/raw/misc/dataset_archive/mc3_snap- us bureau/B23008/ACSDT5Y2017.B23008-2025-07-26T020223.csv,csv,1.74,data/raw/misc/dataset_archive/mc3_snap- us bureau/B23008,demographics,raw_source,27,3,"Label (Grouping); Monroe County, Indiana!!Estimate; Monroe County, Indiana!!Margin of Error",,,,csv encoding=utf-8-sig
ACSDT5Y2018.B23008-2025-07-26T020300.csv,data/raw/misc/dataset_archive/mc3_snap- us bureau/B23008/ACSDT5Y2018.B23008-2025-07-26T020300.csv,csv,1.74,data/raw/misc/dataset_archive/mc3_snap- us bureau/B23008,demographics,raw_source,27,3,"Label (Grouping); Monroe County, Indiana!!Estimate; Monroe County, Indiana!!Margin of Error",,,,csv encoding=utf-8-sig
ACSDT5Y2019.B23008-2025-07-26T020317.csv,data/raw/misc/dataset_archive/mc3_snap- us bureau/B23008/ACSDT5Y2019.B23008-2025-07-26T020317.csv,csv,1.74,data/raw/misc/dataset_archive/mc3_snap- us bureau/B23008,demographics,raw_source,27,3,"Label (Grouping); Monroe County, Indiana!!Estimate; Monroe County, Indiana!!Margin of Error",,,,csv encoding=utf-8-sig
ACSDT5Y2020.B23008-2025-07-26T020334.csv,data/raw/misc/dataset_archive/mc3_snap- us bureau/B23008/ACSDT5Y2020.B23008-2025-07-26T020334.csv,csv,1.74,data/raw/misc/dataset_archive/mc3_snap- us bureau/B23008,demographics,raw_source,27,3,"Label (Grouping); Monroe County, Indiana!!Estimate; Monroe County, Indiana!!Margin of Error",,,,csv encoding=utf-8-sig
ACSDT5Y2021.B23008-2025-07-28T043551.csv,data/raw/misc/dataset_archive/mc3_snap- us bureau/B23008/ACSDT5Y2021.B23008-2025-07-28T043551.csv,csv,1.74,data/raw/misc/dataset_archive/mc3_snap- us bureau/B23008,demographics,raw_source,27,3,"Label (Grouping); Monroe County, Indiana!!Estimate; Monroe County, Indiana!!Margin of Error",,,,csv encoding=utf-8-sig
ACSDT5Y2022.B23008-2025-07-26T020412.csv,data/raw/misc/dataset_archive/mc3_snap- us bureau/B23008/ACSDT5Y2022.B23008-2025-07-26T020412.csv,csv,1.74,data/raw/misc/dataset_archive/mc3_snap- us bureau/B23008,demographics,raw_source,27,3,"Label (Grouping); Monroe County, Indiana!!Estimate; Monroe County, Indiana!!Margin of Error",,,,csv encoding=utf-8-sig
ACSDT5Y2023.B23008-2025-07-26T020447.csv,data/raw/misc/dataset_archive/mc3_snap- us bureau/B23008/ACSDT5Y2023.B23008-2025-07-26T020447.csv,csv,1.74,data/raw/misc/dataset_archive/mc3_snap- us bureau/B23008,demographics,raw_source,27,3,"Label (Grouping); Monroe County, Indiana!!Estimate; Monroe County, Indiana!!Margin of Error",,,,csv encoding=utf-8-sig
ACSDT5YSPT2021.B23008-2025-07-26T020354.csv,data/raw/misc/dataset_archive/mc3_snap- us bureau/B23008/ACSDT5YSPT2021.B23008-2025-07-26T020354.csv,csv,1.78,data/raw/misc/dataset_archive/mc3_snap- us bureau/B23008,demographics,raw_source,27,3,"Label (Grouping); Monroe County, Indiana!!Total population!!Estimate; Monroe County, Indiana!!Total population!!Margin of Error",,,,csv encoding=utf-8-sig
ACSDT5Y2013.B25004-2025-07-26T054247.csv,data/raw/misc/dataset_archive/mc3_snap- us bureau/B25004/ACSDT5Y2013.B25004-2025-07-26T054247.csv,csv,0.44,data/raw/misc/dataset_archive/mc3_snap- us bureau/B25004,demographics,raw_source,8,3,"Label (Grouping); Monroe County, Indiana!!Estimate; Monroe County, Indiana!!Margin of Error",,,,csv encoding=utf-8-sig
ACSDT5Y2014.B25004-2025-07-26T054300.csv,data/raw/misc/dataset_archive/mc3_snap- us bureau/B25004/ACSDT5Y2014.B25004-2025-07-26T054300.csv,csv,0.44,data/raw/misc/dataset_archive/mc3_snap- us bureau/B25004,demographics,raw_source,8,3,"Label (Grouping); Monroe County, Indiana!!Estimate; Monroe County, Indiana!!Margin of Error",,,,csv encoding=utf-8-sig
ACSDT5Y2015.B25004-2025-07-26T054311.csv,data/raw/misc/dataset_archive/mc3_snap- us bureau/B25004/ACSDT5Y2015.B25004-2025-07-26T054311.csv,csv,0.43,data/raw/misc/dataset_archive/mc3_snap- us bureau/B25004,demographics,raw_source,8,3,"Label (Grouping); Monroe County, Indiana!!Estimate; Monroe County, Indiana!!Margin of Error",,,,csv encoding=utf-8-sig
ACSDT5Y2016.B25004-2025-07-26T054326.csv,data/raw/misc/dataset_archive/mc3_snap- us bureau/B25004/ACSDT5Y2016.B25004-2025-07-26T054326.csv,csv,0.43,data/raw/misc/dataset_archive/mc3_snap- us bureau/B25004,demographics,raw_source,8,3,"Label (Grouping); Monroe County, Indiana!!Estimate; Monroe County, Indiana!!Margin of Error",,,,csv encoding=utf-8-sig
ACSDT5Y2017.B25004-2025-07-26T054343.csv,data/raw/misc/dataset_archive/mc3_snap- us bureau/B25004/ACSDT5Y2017.B25004-2025-07-26T054343.csv,csv,0.43,data/raw/misc/dataset_archive/mc3_snap- us bureau/B25004,demographics,raw_source,8,3,"Label (Grouping); Monroe County, Indiana!!Estimate; Monroe County, Indiana!!Margin of Error",,,,csv encoding=utf-8-sig
ACSDT5Y2018.B25004-2025-07-26T054358.csv,data/raw/misc/dataset_archive/mc3_snap- us bureau/B25004/ACSDT5Y2018.B25004-2025-07-26T054358.csv,csv,0.43,data/raw/misc/dataset_archive/mc3_snap- us bureau/B25004,demographics,raw_source,8,3,"Label (Grouping); Monroe County, Indiana!!Estimate; Monroe County, Indiana!!Margin of Error",,,,csv encoding=utf-8-sig
ACSDT5Y2019.B25004-2025-07-26T054411.csv,data/raw/misc/dataset_archive/mc3_snap- us bureau/B25004/ACSDT5Y2019.B25004-2025-07-26T054411.csv,csv,0.43,data/raw/misc/dataset_archive/mc3_snap- us bureau/B25004,demographics,raw_source,8,3,"Label (Grouping); Monroe County, Indiana!!Estimate; Monroe County, Indiana!!Margin of Error",,,,csv encoding=utf-8-sig
ACSDT5Y2020.B25004-2025-07-26T054428.csv,data/raw/misc/dataset_archive/mc3_snap- us bureau/B25004/ACSDT5Y2020.B25004-2025-07-26T054428.csv,csv,0.43,data/raw/misc/dataset_archive/mc3_snap- us bureau/B25004,demographics,raw_source,8,3,"Label (Grouping); Monroe County, Indiana!!Estimate; Monroe County, Indiana!!Margin of Error",,,,csv encoding=utf-8-sig
ACSDT5Y2021.B25004-2025-07-26T054447.csv,data/raw/misc/dataset_archive/mc3_snap- us bureau/B25004/ACSDT5Y2021.B25004-2025-07-26T054447.csv,csv,0.43,data/raw/misc/dataset_archive/mc3_snap- us bureau/B25004,demographics,raw_source,8,3,"Label (Grouping); Monroe County, Indiana!!Estimate; Monroe County, Indiana!!Margin of Error",,,,csv encoding=utf-8-sig
ACSDT5Y2022.B25004-2025-07-26T054500.csv,data/raw/misc/dataset_archive/mc3_snap- us bureau/B25004/ACSDT5Y2022.B25004-2025-07-26T054500.csv,csv,0.43,data/raw/misc/dataset_archive/mc3_snap- us bureau/B25004,demographics,raw_source,8,3,"Label (Grouping); Monroe County, Indiana!!Estimate; Monroe County, Indiana!!Margin of Error",,,,csv encoding=utf-8-sig
ACSDT5Y2023.B25004-2025-07-26T054515.csv,data/raw/misc/dataset_archive/mc3_snap- us bureau/B25004/ACSDT5Y2023.B25004-2025-07-26T054515.csv,csv,0.43,data/raw/misc/dataset_archive/mc3_snap- us bureau/B25004,demographics,raw_source,8,3,"Label (Grouping); Monroe County, Indiana!!Estimate; Monroe County, Indiana!!Margin of Error",,,,csv encoding=utf-8-sig
ACSDT5Y2013.B25014-2025-07-26T054708.csv,data/raw/misc/dataset_archive/mc3_snap- us bureau/B25014/ACSDT5Y2013.B25014-2025-07-26T054708.csv,csv,0.85,data/raw/misc/dataset_archive/mc3_snap- us bureau/B25014,demographics,raw_source,13,3,"Label (Grouping); Monroe County, Indiana!!Estimate; Monroe County, Indiana!!Margin of Error",,,,csv encoding=utf-8-sig
ACSDT5Y2014.B25014-2025-07-26T054723.csv,data/raw/misc/dataset_archive/mc3_snap- us bureau/B25014/ACSDT5Y2014.B25014-2025-07-26T054723.csv,csv,0.84,data/raw/misc/dataset_archive/mc3_snap- us bureau/B25014,demographics,raw_source,13,3,"Label (Grouping); Monroe County, Indiana!!Estimate; Monroe County, Indiana!!Margin of Error",,,,csv encoding=utf-8-sig
ACSDT5Y2015.B25014-2025-07-26T054738.csv,data/raw/misc/dataset_archive/mc3_snap- us bureau/B25014/ACSDT5Y2015.B25014-2025-07-26T054738.csv,csv,0.84,data/raw/misc/dataset_archive/mc3_snap- us bureau/B25014,demographics,raw_source,13,3,"Label (Grouping); Monroe County, Indiana!!Estimate; Monroe County, Indiana!!Margin of Error",,,,csv encoding=utf-8-sig
ACSDT5Y2016.B25014-2025-07-26T054804.csv,data/raw/misc/dataset_archive/mc3_snap- us bureau/B25014/ACSDT5Y2016.B25014-2025-07-26T054804.csv,csv,0.84,data/raw/misc/dataset_archive/mc3_snap- us bureau/B25014,demographics,raw_source,13,3,"Label (Grouping); Monroe County, Indiana!!Estimate; Monroe County, Indiana!!Margin of Error",,,,csv encoding=utf-8-sig
ACSDT5Y2017.B25014-2025-07-26T054818.csv,data/raw/misc/dataset_archive/mc3_snap- us bureau/B25014/ACSDT5Y2017.B25014-2025-07-26T054818.csv,csv,0.84,data/raw/misc/dataset_archive/mc3_snap- us bureau/B25014,demographics,raw_source,13,3,"Label (Grouping); Monroe County, Indiana!!Estimate; Monroe County, Indiana!!Margin of Error",,,,csv encoding=utf-8-sig
ACSDT5Y2018.B25014-2025-07-26T054833.csv,data/raw/misc/dataset_archive/mc3_snap- us bureau/B25014/ACSDT5Y2018.B25014-2025-07-26T054833.csv,csv,0.84,data/raw/misc/dataset_archive/mc3_snap- us bureau/B25014,demographics,raw_source,13,3,"Label (Grouping); Monroe County, Indiana!!Estimate; Monroe County, Indiana!!Margin of Error",,,,csv encoding=utf-8-sig
ACSDT5Y2019.B25014-2025-07-26T054847.csv,data/raw/misc/dataset_archive/mc3_snap- us bureau/B25014/ACSDT5Y2019.B25014-2025-07-26T054847.csv,csv,0.85,data/raw/misc/dataset_archive/mc3_snap- us bureau/B25014,demographics,raw_source,13,3,"Label (Grouping); Monroe County, Indiana!!Estimate; Monroe County, Indiana!!Margin of Error",,,,csv encoding=utf-8-sig
ACSDT5Y2020.B25014-2025-07-26T054909.csv,data/raw/misc/dataset_archive/mc3_snap- us bureau/B25014/ACSDT5Y2020.B25014-2025-07-26T054909.csv,csv,0.84,data/raw/misc/dataset_archive/mc3_snap- us bureau/B25014,demographics,raw_source,13,3,"Label (Grouping); Monroe County, Indiana!!Estimate; Monroe County, Indiana!!Margin of Error",,,,csv encoding=utf-8-sig
ACSDT5Y2021.B25014-2025-07-28T043158.csv,data/raw/misc/dataset_archive/mc3_snap- us bureau/B25014/ACSDT5Y2021.B25014-2025-07-28T043158.csv,csv,0.85,data/raw/misc/dataset_archive/mc3_snap- us bureau/B25014,demographics,raw_source,13,3,"Label (Grouping); Monroe County, Indiana!!Estimate; Monroe County, Indiana!!Margin of Error",,,,csv encoding=utf-8-sig
ACSDT5Y2022.B25014-2025-07-26T054938.csv,data/raw/misc/dataset_archive/mc3_snap- us bureau/B25014/ACSDT5Y2022.B25014-2025-07-26T054938.csv,csv,0.85,data/raw/misc/dataset_archive/mc3_snap- us bureau/B25014,demographics,raw_source,13,3,"Label (Grouping); Monroe County, Indiana!!Estimate; Monroe County, Indiana!!Margin of Error",,,,csv encoding=utf-8-sig
ACSDT5Y2023.B25014-2025-07-26T054952.csv,data/raw/misc/dataset_archive/mc3_snap- us bureau/B25014/ACSDT5Y2023.B25014-2025-07-26T054952.csv,csv,0.84,data/raw/misc/dataset_archive/mc3_snap- us bureau/B25014,demographics,raw_source,13,3,"Label (Grouping); Monroe County, Indiana!!Estimate; Monroe County, Indiana!!Margin of Error",,,,csv encoding=utf-8-sig
ACSDT5YSPT2021.B25014-2025-07-26T054921.csv,data/raw/misc/dataset_archive/mc3_snap- us bureau/B25014/ACSDT5YSPT2021.B25014-2025-07-26T054921.csv,csv,0.88,data/raw/misc/dataset_archive/mc3_snap- us bureau/B25014,demographics,raw_source,13,3,"Label (Grouping); Monroe County, Indiana!!Total population!!Estimate; Monroe County, Indiana!!Total population!!Margin of Error",,,,csv encoding=utf-8-sig
ACSDT5YSPT2021.B25014-2025-07-28T043210.csv,data/raw/misc/dataset_archive/mc3_snap- us bureau/B25014/ACSDT5YSPT2021.B25014-2025-07-28T043210.csv,csv,0.88,data/raw/misc/dataset_archive/mc3_snap- us bureau/B25014,demographics,raw_source,13,3,"Label (Grouping); Monroe County, Indiana!!Total population!!Estimate; Monroe County, Indiana!!Total population!!Margin of Error",,,,csv encoding=utf-8-sig
ACSDT5Y2013.B25024-2025-07-26T053547.csv,data/raw/misc/dataset_archive/mc3_snap- us bureau/B25024/ACSDT5Y2013.B25024-2025-07-26T053547.csv,csv,0.48,data/raw/misc/dataset_archive/mc3_snap- us bureau/B25024,demographics,raw_source,11,3,"Label (Grouping); Monroe County, Indiana!!Estimate; Monroe County, Indiana!!Margin of Error",,,,csv encoding=utf-8-sig
ACSDT5Y2014.B25024-2025-07-26T053604.csv,data/raw/misc/dataset_archive/mc3_snap- us bureau/B25024/ACSDT5Y2014.B25024-2025-07-26T053604.csv,csv,0.48,data/raw/misc/dataset_archive/mc3_snap- us bureau/B25024,demographics,raw_source,11,3,"Label (Grouping); Monroe County, Indiana!!Estimate; Monroe County, Indiana!!Margin of Error",,,,csv encoding=utf-8-sig
ACSDT5Y2015.B25024-2025-07-26T053628.csv,data/raw/misc/dataset_archive/mc3_snap- us bureau/B25024/ACSDT5Y2015.B25024-2025-07-26T053628.csv,csv,0.48,data/raw/misc/dataset_archive/mc3_snap- us bureau/B25024,demographics,raw_source,11,3,"Label (Grouping); Monroe County, Indiana!!Estimate; Monroe County, Indiana!!Margin of Error",,,,csv encoding=utf-8-sig
ACSDT5Y2016.B25024-2025-07-26T053648.csv,data/raw/misc/dataset_archive/mc3_snap- us bureau/B25024/ACSDT5Y2016.B25024-2025-07-26T053648.csv,csv,0.48,data/raw/misc/dataset_archive/mc3_snap- us bureau/B25024,demographics,raw_source,11,3,"Label (Grouping); Monroe County, Indiana!!Estimate; Monroe County, Indiana!!Margin of Error",,,,csv encoding=utf-8-sig
ACSDT5Y2017.B25024-2025-07-26T053704.csv,data/raw/misc/dataset_archive/mc3_snap- us bureau/B25024/ACSDT5Y2017.B25024-2025-07-26T053704.csv,csv,0.48,data/raw/misc/dataset_archive/mc3_snap- us bureau/B25024,demographics,raw_source,11,3,"Label (Grouping); Monroe County, Indiana!!Estimate; Monroe County, Indiana!!Margin of Error",,,,csv encoding=utf-8-sig
ACSDT5Y2018.B25024-2025-07-26T053731.csv,data/raw/misc/dataset_archive/mc3_snap- us bureau/B25024/ACSDT5Y2018.B25024-2025-07-26T053731.csv,csv,0.48,data/raw/misc/dataset_archive/mc3_snap- us bureau/B25024,demographics,raw_source,11,3,"Label (Grouping); Monroe County, Indiana!!Estimate; Monroe County, Indiana!!Margin of Error",,,,csv encoding=utf-8-sig
ACSDT5Y2019.B25024-2025-07-26T053753.csv,data/raw/misc/dataset_archive/mc3_snap- us bureau/B25024/ACSDT5Y2019.B25024-2025-07-26T053753.csv,csv,0.48,data/raw/misc/dataset_archive/mc3_snap- us bureau/B25024,demographics,raw_source,11,3,"Label (Grouping); Monroe County, Indiana!!Estimate; Monroe County, Indiana!!Margin of Error",,,,csv encoding=utf-8-sig
ACSDT5Y2020.B25024-2025-07-26T053807.csv,data/raw/misc/dataset_archive/mc3_snap- us bureau/B25024/ACSDT5Y2020.B25024-2025-07-26T053807.csv,csv,0.48,data/raw/misc/dataset_archive/mc3_snap- us bureau/B25024,demographics,raw_source,11,3,"Label (Grouping); Monroe County, Indiana!!Estimate; Monroe County, Indiana!!Margin of Error",,,,csv encoding=utf-8-sig
ACSDT5Y2021.B25024-2025-07-26T053827.csv,data/raw/misc/dataset_archive/mc3_snap- us bureau/B25024/ACSDT5Y2021.B25024-2025-07-26T053827.csv,csv,0.48,data/raw/misc/dataset_archive/mc3_snap- us bureau/B25024,demographics,raw_source,11,3,"Label (Grouping); Monroe County, Indiana!!Estimate; Monroe County, Indiana!!Margin of Error",,,,csv encoding=utf-8-sig
ACSDT5Y2022.B25024-2025-07-26T053847.csv,data/raw/misc/dataset_archive/mc3_snap- us bureau/B25024/ACSDT5Y2022.B25024-2025-07-26T053847.csv,csv,0.48,data/raw/misc/dataset_archive/mc3_snap- us bureau/B25024,demographics,raw_source,11,3,"Label (Grouping); Monroe County, Indiana!!Estimate; Monroe County, Indiana!!Margin of Error",,,,csv encoding=utf-8-sig
ACSDT5Y2023.B25024-2025-07-26T053901.csv,data/raw/misc/dataset_archive/mc3_snap- us bureau/B25024/ACSDT5Y2023.B25024-2025-07-26T053901.csv,csv,0.48,data/raw/misc/dataset_archive/mc3_snap- us bureau/B25024,demographics,raw_source,11,3,"Label (Grouping); Monroe County, Indiana!!Estimate; Monroe County, Indiana!!Margin of Error",,,,csv encoding=utf-8-sig
ACSDT5Y2013.B25070-2025-07-26T051056.csv,data/raw/misc/dataset_archive/mc3_snap- us bureau/B25070/ACSDT5Y2013.B25070-2025-07-26T051056.csv,csv,0.58,data/raw/misc/dataset_archive/mc3_snap- us bureau/B25070,demographics,raw_source,11,3,"Label (Grouping); Monroe County, Indiana!!Estimate; Monroe County, Indiana!!Margin of Error",,,,csv encoding=utf-8-sig
ACSDT5Y2014.B25070-2025-07-26T051112.csv,data/raw/misc/dataset_archive/mc3_snap- us bureau/B25070/ACSDT5Y2014.B25070-2025-07-26T051112.csv,csv,0.58,data/raw/misc/dataset_archive/mc3_snap- us bureau/B25070,demographics,raw_source,11,3,"Label (Grouping); Monroe County, Indiana!!Estimate; Monroe County, Indiana!!Margin of Error",,,,csv encoding=utf-8-sig
ACSDT5Y2015.B25070-2025-07-26T051147.csv,data/raw/misc/dataset_archive/mc3_snap- us bureau/B25070/ACSDT5Y2015.B25070-2025-07-26T051147.csv,csv,0.58,data/raw/misc/dataset_archive/mc3_snap- us bureau/B25070,demographics,raw_source,11,3,"Label (Grouping); Monroe County, Indiana!!Estimate; Monroe County, Indiana!!Margin of Error",,,,csv encoding=utf-8-sig
ACSDT5Y2016.B25070-2025-07-26T051214.csv,data/raw/misc/dataset_archive/mc3_snap- us bureau/B25070/ACSDT5Y2016.B25070-2025-07-26T051214.csv,csv,0.58,data/raw/misc/dataset_archive/mc3_snap- us bureau/B25070,demographics,raw_source,11,3,"Label (Grouping); Monroe County, Indiana!!Estimate; Monroe County, Indiana!!Margin of Error",,,,csv encoding=utf-8-sig
ACSDT5Y2017.B25070-2025-07-26T051229.csv,data/raw/misc/dataset_archive/mc3_snap- us bureau/B25070/ACSDT5Y2017.B25070-2025-07-26T051229.csv,csv,0.58,data/raw/misc/dataset_archive/mc3_snap- us bureau/B25070,demographics,raw_source,11,3,"Label (Grouping); Monroe County, Indiana!!Estimate; Monroe County, Indiana!!Margin of Error",,,,csv encoding=utf-8-sig
ACSDT5Y2018.B25070-2025-07-26T051248.csv,data/raw/misc/dataset_archive/mc3_snap- us bureau/B25070/ACSDT5Y2018.B25070-2025-07-26T051248.csv,csv,0.58,data/raw/misc/dataset_archive/mc3_snap- us bureau/B25070,demographics,raw_source,11,3,"Label (Grouping); Monroe County, Indiana!!Estimate; Monroe County, Indiana!!Margin of Error",,,,csv encoding=utf-8-sig
ACSDT5Y2019.B25070-2025-07-26T051303.csv,data/raw/misc/dataset_archive/mc3_snap- us bureau/B25070/ACSDT5Y2019.B25070-2025-07-26T051303.csv,csv,0.58,data/raw/misc/dataset_archive/mc3_snap- us bureau/B25070,demographics,raw_source,11,3,"Label (Grouping); Monroe County, Indiana!!Estimate; Monroe County, Indiana!!Margin of Error",,,,csv encoding=utf-8-sig
ACSDT5Y2020.B25070-2025-07-26T051318.csv,data/raw/misc/dataset_archive/mc3_snap- us bureau/B25070/ACSDT5Y2020.B25070-2025-07-26T051318.csv,csv,0.58,data/raw/misc/dataset_archive/mc3_snap- us bureau/B25070,demographics,raw_source,11,3,"Label (Grouping); Monroe County, Indiana!!Estimate; Monroe County, Indiana!!Margin of Error",,,,csv encoding=utf-8-sig
ACSDT5Y2021.B25070-2025-07-28T043018.csv,data/raw/misc/dataset_archive/mc3_snap- us bureau/B25070/ACSDT5Y2021.B25070-2025-07-28T043018.csv,csv,0.58,data/raw/misc/dataset_archive/mc3_snap- us bureau/B25070,demographics,raw_source,11,3,"Label (Grouping); Monroe County, Indiana!!Estimate; Monroe County, Indiana!!Margin of Error",,,,csv encoding=utf-8-sig
ACSDT5Y2022.B25070-2025-07-26T051348.csv,data/raw/misc/dataset_archive/mc3_snap- us bureau/B25070/ACSDT5Y2022.B25070-2025-07-26T051348.csv,csv,0.58,data/raw/misc/dataset_archive/mc3_snap- us bureau/B25070,demographics,raw_source,11,3,"Label (Grouping); Monroe County, Indiana!!Estimate; Monroe County, Indiana!!Margin of Error",,,,csv encoding=utf-8-sig
ACSDT5Y2023.B25070-2025-07-26T051415.csv,data/raw/misc/dataset_archive/mc3_snap- us bureau/B25070/ACSDT5Y2023.B25070-2025-07-26T051415.csv,csv,0.58,data/raw/misc/dataset_archive/mc3_snap- us bureau/B25070,demographics,raw_source,11,3,"Label (Grouping); Monroe County, Indiana!!Estimate; Monroe County, Indiana!!Margin of Error",,,,csv encoding=utf-8-sig
ACSDT5YSPT2021.B25070-2025-07-26T051332.csv,data/raw/misc/dataset_archive/mc3_snap- us bureau/B25070/ACSDT5YSPT2021.B25070-2025-07-26T051332.csv,csv,0.62,data/raw/misc/dataset_archive/mc3_snap- us bureau/B25070,demographics,raw_source,11,3,"Label (Grouping); Monroe County, Indiana!!Total population!!Estimate; Monroe County, Indiana!!Total population!!Margin of Error",,,,csv encoding=utf-8-sig
ACSDT5Y2013.B25091-2025-07-26T051640.csv,data/raw/misc/dataset_archive/mc3_snap- us bureau/B25091/ACSDT5Y2013.B25091-2025-07-26T051640.csv,csv,1.3,data/raw/misc/dataset_archive/mc3_snap- us bureau/B25091,demographics,raw_source,23,3,"Label (Grouping); Monroe County, Indiana!!Estimate; Monroe County, Indiana!!Margin of Error",,,,csv encoding=utf-8-sig
ACSDT5Y2014.B25091-2025-07-26T051653.csv,data/raw/misc/dataset_archive/mc3_snap- us bureau/B25091/ACSDT5Y2014.B25091-2025-07-26T051653.csv,csv,1.3,data/raw/misc/dataset_archive/mc3_snap- us bureau/B25091,demographics,raw_source,23,3,"Label (Grouping); Monroe County, Indiana!!Estimate; Monroe County, Indiana!!Margin of Error",,,,csv encoding=utf-8-sig
ACSDT5Y2015.B25091-2025-07-28T042805.csv,data/raw/misc/dataset_archive/mc3_snap- us bureau/B25091/ACSDT5Y2015.B25091-2025-07-28T042805.csv,csv,1.29,data/raw/misc/dataset_archive/mc3_snap- us bureau/B25091,demographics,raw_source,23,3,"Label (Grouping); Monroe County, Indiana!!Estimate; Monroe County, Indiana!!Margin of Error",,,,csv encoding=utf-8-sig
ACSDT5Y2016.B25091-2025-07-26T051724.csv,data/raw/misc/dataset_archive/mc3_snap- us bureau/B25091/ACSDT5Y2016.B25091-2025-07-26T051724.csv,csv,1.3,data/raw/misc/dataset_archive/mc3_snap- us bureau/B25091,demographics,raw_source,23,3,"Label (Grouping); Monroe County, Indiana!!Estimate; Monroe County, Indiana!!Margin of Error",,,,csv encoding=utf-8-sig
ACSDT5Y2017.B25091-2025-07-26T051739.csv,data/raw/misc/dataset_archive/mc3_snap- us bureau/B25091/ACSDT5Y2017.B25091-2025-07-26T051739.csv,csv,1.29,data/raw/misc/dataset_archive/mc3_snap- us bureau/B25091,demographics,raw_source,23,3,"Label (Grouping); Monroe County, Indiana!!Estimate; Monroe County, Indiana!!Margin of Error",,,,csv encoding=utf-8-sig
ACSDT5Y2018.B25091-2025-07-26T051751.csv,data/raw/misc/dataset_archive/mc3_snap- us bureau/B25091/ACSDT5Y2018.B25091-2025-07-26T051751.csv,csv,1.29,data/raw/misc/dataset_archive/mc3_snap- us bureau/B25091,demographics,raw_source,23,3,"Label (Grouping); Monroe County, Indiana!!Estimate; Monroe County, Indiana!!Margin of Error",,,,csv encoding=utf-8-sig
ACSDT5Y2019.B25091-2025-07-26T051807.csv,data/raw/misc/dataset_archive/mc3_snap- us bureau/B25091/ACSDT5Y2019.B25091-2025-07-26T051807.csv,csv,1.3,data/raw/misc/dataset_archive/mc3_snap- us bureau/B25091,demographics,raw_source,23,3,"Label (Grouping); Monroe County, Indiana!!Estimate; Monroe County, Indiana!!Margin of Error",,,,csv encoding=utf-8-sig
ACSDT5Y2020.B25091-2025-07-26T051823.csv,data/raw/misc/dataset_archive/mc3_snap- us bureau/B25091/ACSDT5Y2020.B25091-2025-07-26T051823.csv,csv,1.29,data/raw/misc/dataset_archive/mc3_snap- us bureau/B25091,demographics,raw_source,23,3,"Label (Grouping); Monroe County, Indiana!!Estimate; Monroe County, Indiana!!Margin of Error",,,,csv encoding=utf-8-sig
ACSDT5Y2021.B25091-2025-07-28T042912.csv,data/raw/misc/dataset_archive/mc3_snap- us bureau/B25091/ACSDT5Y2021.B25091-2025-07-28T042912.csv,csv,1.3,data/raw/misc/dataset_archive/mc3_snap- us bureau/B25091,demographics,raw_source,23,3,"Label (Grouping); Monroe County, Indiana!!Estimate; Monroe County, Indiana!!Margin of Error",,,,csv encoding=utf-8-sig
ACSDT5Y2022.B25091-2025-07-26T051854.csv,data/raw/misc/dataset_archive/mc3_snap- us bureau/B25091/ACSDT5Y2022.B25091-2025-07-26T051854.csv,csv,1.29,data/raw/misc/dataset_archive/mc3_snap- us bureau/B25091,demographics,raw_source,23,3,"Label (Grouping); Monroe County, Indiana!!Estimate; Monroe County, Indiana!!Margin of Error",,,,csv encoding=utf-8-sig
ACSDT5Y2023.B25091-2025-07-26T051909.csv,data/raw/misc/dataset_archive/mc3_snap- us bureau/B25091/ACSDT5Y2023.B25091-2025-07-26T051909.csv,csv,1.29,data/raw/misc/dataset_archive/mc3_snap- us bureau/B25091,demographics,raw_source,23,3,"Label (Grouping); Monroe County, Indiana!!Estimate; Monroe County, Indiana!!Margin of Error",,,,csv encoding=utf-8-sig
ACSDT5YSPT2015.B25091-2025-07-26T051711.csv,data/raw/misc/dataset_archive/mc3_snap- us bureau/B25091/ACSDT5YSPT2015.B25091-2025-07-26T051711.csv,csv,1.33,data/raw/misc/dataset_archive/mc3_snap- us bureau/B25091,demographics,raw_source,23,3,"Label (Grouping); Monroe County, Indiana!!Total population!!Estimate; Monroe County, Indiana!!Total population!!Margin of Error",,,,csv encoding=utf-8-sig
ACSDT5YSPT2021.B25091-2025-07-26T051839.csv,data/raw/misc/dataset_archive/mc3_snap- us bureau/B25091/ACSDT5YSPT2021.B25091-2025-07-26T051839.csv,csv,1.33,data/raw/misc/dataset_archive/mc3_snap- us bureau/B25091,demographics,raw_source,23,3,"Label (Grouping); Monroe County, Indiana!!Total population!!Estimate; Monroe County, Indiana!!Total population!!Margin of Error",,,,csv encoding=utf-8-sig
school-enrollment-grade-2006-25.xlsx,data/raw/misc/dataset_archive/school-enrollment-grade-2006-25.xlsx,xlsx,3779.42,data/raw/misc/dataset_archive,education,raw_source,,,,2025; 2024; 2023; 2022; 2021; 2020; 2019; 2018; 2017; 2016; 2015; 2014; 2013; 2012; 2011; 2010; 2009; 2008; 2007; 2006,,,xlsx columns unavailable (openpyxl not installed); sheet names read via zip/xml
tl_2010_18105_tract10.shp,data/raw/misc/dataset_archive/tl_2010_18105_tract10/tl_2010_18105_tract10.shp,shp,199.26,data/raw/misc/dataset_archive/tl_2010_18105_tract10,geography,raw_source,,,,,,data/raw/geography/reference_repo/Census_Tracts_2010/tl_2010_18105_tract10.shp,"shapefile components: tl_2010_18105_tract10.dbf, tl_2010_18105_tract10.prj, tl_2010_18105_tract10.shp, tl_2010_18105_tract10.shp.xml, tl_2010_18105_tract10.shx"
tl_2010_18105_tract10.shp.xml,data/raw/misc/dataset_archive/tl_2010_18105_tract10/tl_2010_18105_tract10.shp.xml,xml,20.66,data/raw/misc/dataset_archive/tl_2010_18105_tract10,geography,raw_source,,,,,,,xml metadata file
tl_2024_18_tract.shp,data/raw/misc/dataset_archive/tl_2024_18_tract/tl_2024_18_tract.shp,shp,10682.02,data/raw/misc/dataset_archive/tl_2024_18_tract,geography,raw_source,,,,,,data/raw/geography/reference_repo/Census_Tracts_2024/tl_2024_18_tract.shp,"shapefile components: tl_2024_18_tract.cpg, tl_2024_18_tract.dbf, tl_2024_18_tract.prj, tl_2024_18_tract.shp, tl_2024_18_tract.shp.ea.iso.xml, tl_2024_18_tract.shp.iso.xml, tl_2024_18_tract.shx"
tl_2024_18_tract.shp.ea.iso.xml,data/raw/misc/dataset_archive/tl_2024_18_tract/tl_2024_18_tract.shp.ea.iso.xml,xml,22.6,data/raw/misc/dataset_archive/tl_2024_18_tract,geography,raw_source,,,,,,,xml metadata file
tl_2024_18_tract.shp.iso.xml,data/raw/misc/dataset_archive/tl_2024_18_tract/tl_2024_18_tract.shp.iso.xml,xml,49.94,data/raw/misc/dataset_archive/tl_2024_18_tract,geography,raw_source,,,,,,,xml metadata file
"Child abuse and neglect rate per 1,000 children under age 18.xlsx","data/raw/social_services/reference_repo/Child abuse and neglect rate per 1,000 children under age 18.xlsx",xlsx,54.99,data/raw/social_services/reference_repo,social_services,raw_source,,,,Kidscount Export,,,xlsx columns unavailable (openpyxl not installed); sheet names read via zip/xml
Child care cost-to-income ratio.xlsx,data/raw/social_services/reference_repo/Child care cost-to-income ratio.xlsx,xlsx,9.21,data/raw/social_services/reference_repo,social_services,raw_source,,,,Kidscount Export,,data/raw/misc/dataset_archive/Child care cost-to-income ratio.xlsx,xlsx columns unavailable (openpyxl not installed); sheet names read via zip/xml
Child food insecurity.xlsx,data/raw/social_services/reference_repo/Child food insecurity.xlsx,xlsx,9.4,data/raw/social_services/reference_repo,social_services,raw_source,,,,Kidscount Export,,,xlsx columns unavailable (openpyxl not installed); sheet names read via zip/xml
Child population by age group.xlsx,data/raw/social_services/reference_repo/Child population by age group.xlsx,xlsx,523.74,data/raw/social_services/reference_repo,demographics,raw_source,,,,Kidscount Export,,,xlsx columns unavailable (openpyxl not installed); sheet names read via zip/xml
Children in foster care at some point.xlsx,data/raw/social_services/reference_repo/Children in foster care at some point.xlsx,xlsx,22.76,data/raw/social_services/reference_repo,social_services,raw_source,,,,Kidscount Export,,data/raw/misc/dataset_archive/Children in foster care at some point.xlsx,xlsx columns unavailable (openpyxl not installed); sheet names read via zip/xml
Juvenile case filings by type.xlsx,data/raw/social_services/reference_repo/Juvenile case filings by type.xlsx,xlsx,206.54,data/raw/social_services/reference_repo,social_services,raw_source,,,,Kidscount Export,,data/raw/misc/dataset_archive/Juvenile case filings by type.xlsx,xlsx columns unavailable (openpyxl not installed); sheet names read via zip/xml
Juvenile releases.xlsx,data/raw/social_services/reference_repo/Juvenile releases.xlsx,xlsx,12.18,data/raw/social_services/reference_repo,social_services,raw_source,,,,Kidscount Export,,data/raw/misc/dataset_archive/Juvenile releases.xlsx,xlsx columns unavailable (openpyxl not installed); sheet names read via zip/xml
Monthly average number of families receiving TANF.xlsx,data/raw/social_services/reference_repo/Monthly average number of families receiving TANF.xlsx,xlsx,54.97,data/raw/social_services/reference_repo,social_services,raw_source,,,,Kidscount Export,,data/raw/misc/dataset_archive/Monthly average number of families receiving TANF.xlsx,xlsx columns unavailable (openpyxl not installed); sheet names read via zip/xml
Monthly average number of persons issued food stamps (SNAP).xlsx,data/raw/social_services/reference_repo/Monthly average number of persons issued food stamps (SNAP).xlsx,xlsx,81.95,data/raw/social_services/reference_repo,social_services,raw_source,,,,Kidscount Export,,data/raw/misc/dataset_archive/Monthly average number of persons issued food stamps (SNAP).xlsx,xlsx columns unavailable (openpyxl not installed); sheet names read via zip/xml
Total children removed from household.xlsx,data/raw/social_services/reference_repo/Total children removed from household.xlsx,xlsx,9.35,data/raw/social_services/reference_repo,social_services,raw_source,,,,Kidscount Export,,data/raw/misc/dataset_archive/Total children removed from household.xlsx,xlsx columns unavailable (openpyxl not installed); sheet names read via zip/xml
"Women, infants, and children (WIC) participants.xlsx","data/raw/social_services/reference_repo/Women, infants, and children (WIC) participants.xlsx",xlsx,480.41,data/raw/social_services/reference_repo,social_services,raw_source,,,,Kidscount Export,,"data/raw/misc/dataset_archive/Women, infants, and children (WIC) participants.xlsx",xlsx columns unavailable (openpyxl not installed); sheet names read via zip/xml
Youth in collaborative care.xlsx,data/raw/social_services/reference_repo/Youth in collaborative care.xlsx,xlsx,8.9,data/raw/social_services/reference_repo,social_services,raw_source,,,,Kidscount Export,,data/raw/misc/dataset_archive/Youth in collaborative care.xlsx,xlsx columns unavailable (openpyxl not installed); sheet names read via zip/xml
community_resilience.json,data/processed/existing_dashboard_json/community_resilience.json,json,1.53,data/processed/existing_dashboard_json,correlations,processed_dashboard_archive,6,,,,title; description; data; insights; chart_type; chart_config,website/data/processed/community_resilience.json,json object
dashboard_summary.json,data/processed/existing_dashboard_json/dashboard_summary.json,json,0.58,data/processed/existing_dashboard_json,correlations,processed_dashboard_archive,2,,,,summary; key_findings,website/data/processed/dashboard_summary.json,json object
demographics.json,data/processed/existing_dashboard_json/demographics.json,json,0.93,data/processed/existing_dashboard_json,demographics,processed_dashboard_archive,3,,,,metadata; demographics; timeSeries,website/data/processed/demographics.json,json object
economic_indicators.json,data/processed/existing_dashboard_json/economic_indicators.json,json,1.3,data/processed/existing_dashboard_json,economy,processed_dashboard_archive,6,,,,title; description; data; insights; chart_type; chart_config,website/data/processed/economic_indicators.json,json object
economy.json,data/processed/existing_dashboard_json/economy.json,json,1.11,data/processed/existing_dashboard_json,economy,processed_dashboard_archive,3,,,,metadata; economy; timeSeries,website/data/processed/economy.json,json object
education.json,data/processed/existing_dashboard_json/education.json,json,0.99,data/processed/existing_dashboard_json,education,processed_dashboard_archive,3,,,,metadata; education; timeSeries,website/data/processed/education.json,json object
education_analysis.json,data/processed/existing_dashboard_json/education_analysis.json,json,1.25,data/processed/existing_dashboard_json,education,processed_dashboard_archive,6,,,,title; description; data; insights; chart_type; chart_config,website/data/processed/education_analysis.json,json object
health_safety.json,data/processed/existing_dashboard_json/health_safety.json,json,1.25,data/processed/existing_dashboard_json,health,processed_dashboard_archive,6,,,,title; description; data; insights; chart_type; chart_config,website/data/processed/health_safety.json,json object
monroe_county_comprehensive.json,data/processed/existing_dashboard_json/monroe_county_comprehensive.json,json,8.41,data/processed/existing_dashboard_json,correlations,processed_dashboard_archive,6,,,,poverty_trend; education_analysis; economic_indicators; social_services; health_safety; community_resilience,website/data/processed/monroe_county_comprehensive.json,json object
pdf_visualizations_complete.json,data/processed/existing_dashboard_json/pdf_visualizations_complete.json,json,60.53,data/processed/existing_dashboard_json,correlations,processed_dashboard_archive,50,,,,demographics_population_trends; demographics_racial_ethnic_distribution; demographics_geographic_distribution; demographics_household_composition; demographics_immigration_status; demographics_disability_status; demographics_language_at_home; demographics_mobility_patterns; demographics_grandparent_households; demographics_citizenship_status; family_housing_stability; family_food_security; family_transportation_access; family_childcare_arrangements; family_social_support; family_community_engagement; family_technology_access; family_neighborhood_safety; economic_child_poverty_trends; economic_income_distribution; economic_employment_status; economic_housing_costs; economic_food_assistance; economic_asset_poverty; economic_educational_attainment; economic_unemployment_trends; economic_wage_gaps; economic_public_assistance; education_graduation_rates; education_achievement_gaps; ...,website/data/processed/pdf_visualizations_complete.json,json object
poverty_trend.json,data/processed/existing_dashboard_json/poverty_trend.json,json,1.09,data/processed/existing_dashboard_json,demographics,processed_dashboard_archive,6,,,,title; description; data; insights; chart_type; chart_config,website/data/processed/poverty_trend.json,json object
social-services.json,data/processed/existing_dashboard_json/social-services.json,json,1.35,data/processed/existing_dashboard_json,social_services,processed_dashboard_archive,3,,,,metadata; socialServices; timeSeries,website/data/processed/social-services.json,json object
social_services.json,data/processed/existing_dashboard_json/social_services.json,json,1.31,data/processed/existing_dashboard_json,social_services,processed_dashboard_archive,6,,,,title; description; data; insights; chart_type; chart_config,website/data/processed/social_services.json,json object
community_resilience.json,website/data/processed/community_resilience.json,json,1.53,website/data/processed,correlations,processed_dashboard_active,6,,,,title; description; data; insights; chart_type; chart_config,data/processed/existing_dashboard_json/community_resilience.json,json object
dashboard_summary.json,website/data/processed/dashboard_summary.json,json,0.58,website/data/processed,correlations,processed_dashboard_active,2,,,,summary; key_findings,data/processed/existing_dashboard_json/dashboard_summary.json,json object
demographics.json,website/data/processed/demographics.json,json,0.93,website/data/processed,demographics,processed_dashboard_active,3,,,,metadata; demographics; timeSeries,data/processed/existing_dashboard_json/demographics.json,json object
economic_indicators.json,website/data/processed/economic_indicators.json,json,1.3,website/data/processed,economy,processed_dashboard_active,6,,,,title; description; data; insights; chart_type; chart_config,data/processed/existing_dashboard_json/economic_indicators.json,json object
economy.json,website/data/processed/economy.json,json,1.11,website/data/processed,economy,processed_dashboard_active,3,,,,metadata; economy; timeSeries,data/processed/existing_dashboard_json/economy.json,json object
education.json,website/data/processed/education.json,json,0.99,website/data/processed,education,processed_dashboard_active,3,,,,metadata; education; timeSeries,data/processed/existing_dashboard_json/education.json,json object
education_analysis.json,website/data/processed/education_analysis.json,json,1.25,website/data/processed,education,processed_dashboard_active,6,,,,title; description; data; insights; chart_type; chart_config,data/processed/existing_dashboard_json/education_analysis.json,json object
health_safety.json,website/data/processed/health_safety.json,json,1.25,website/data/processed,health,processed_dashboard_active,6,,,,title; description; data; insights; chart_type; chart_config,data/processed/existing_dashboard_json/health_safety.json,json object
monroe_county_comprehensive.json,website/data/processed/monroe_county_comprehensive.json,json,8.41,website/data/processed,correlations,processed_dashboard_active,6,,,,poverty_trend; education_analysis; economic_indicators; social_services; health_safety; community_resilience,data/processed/existing_dashboard_json/monroe_county_comprehensive.json,json object
pdf_visualizations_complete.json,website/data/processed/pdf_visualizations_complete.json,json,60.53,website/data/processed,correlations,processed_dashboard_active,50,,,,demographics_population_trends; demographics_racial_ethnic_distribution; demographics_geographic_distribution; demographics_household_composition; demographics_immigration_status; demographics_disability_status; demographics_language_at_home; demographics_mobility_patterns; demographics_grandparent_households; demographics_citizenship_status; family_housing_stability; family_food_security; family_transportation_access; family_childcare_arrangements; family_social_support; family_community_engagement; family_technology_access; family_neighborhood_safety; economic_child_poverty_trends; economic_income_distribution; economic_employment_status; economic_housing_costs; economic_food_assistance; economic_asset_poverty; economic_educational_attainment; economic_unemployment_trends; economic_wage_gaps; economic_public_assistance; education_graduation_rates; education_achievement_gaps; ...,data/processed/existing_dashboard_json/pdf_visualizations_complete.json,json object
poverty_trend.json,website/data/processed/poverty_trend.json,json,1.09,website/data/processed,demographics,processed_dashboard_active,6,,,,title; description; data; insights; chart_type; chart_config,data/processed/existing_dashboard_json/poverty_trend.json,json object
social-services.json,website/data/processed/social-services.json,json,1.35,website/data/processed,social_services,processed_dashboard_active,3,,,,metadata; socialServices; timeSeries,data/processed/existing_dashboard_json/social-services.json,json object
social_services.json,website/data/processed/social_services.json,json,1.31,website/data/processed,social_services,processed_dashboard_active,6,,,,title; description; data; insights; chart_type; chart_config,data/processed/existing_dashboard_json/social_services.json,json object
